,node_1,node_2,id1,id2,database_annotated
2,LINJ_01_0050,LINJ_34_0160,5671.A4HRC6,5671.A4I9I4,0.449
3,LINJ_01_0050,mMDH,5671.A4HRC6,5671.A4I9I5,0.449
6,LINJ_01_0050,ALDH2,5671.A4HRC6,5671.A4I1F4,0.8
7,LINJ_01_0050,LINJ_23_0880,5671.A4HRC6,5671.A4I0C2,0.9
8,LINJ_01_0520,LINJ_19_0970,5671.A4HRH3,5671.A4HYB7,0.307
9,LINJ_01_0520,LINJ_19_0950,5671.A4HRH3,5671.A4HYA8,0.307
10,LINJ_01_0520,LINJ_30_0850,5671.A4HRH3,5671.A4I5B1,0.409
11,LINJ_01_0520,LINJ_01_0550,5671.A4HRH3,5671.A4HRH6,0.6
12,LINJ_01_0550,LINJ_30_0850,5671.A4HRH6,5671.A4I5B1,0.409
13,LINJ_02_0260,LINJ_20_0970,5671.A4HRM6,5671.A4HYT8,0.292
14,LINJ_04_0010,LINJ_33_2210,5671.A4HRZ6,5671.A4I980,0.304
18,LINJ_04_1120,LINJ_33_2210,5671.A4HSA9,5671.A4I980,0.304
20,LINJ_04_1230,MPK12,5671.A4HSC0,5671.A4I564,0.104
21,LINJ_04_1230,LINJ_34_0030,5671.A4HSC0,5671.A4I9H1,0.137
22,LINJ_04_1230,LINJ_27_2570,5671.A4HSC0,5671.E9AHC6,0.062
23,LINJ_04_1230,LINJ_17_0770,5671.A4HSC0,5671.A4HXE5,0.283
24,LINJ_04_1230,LINJ_22_0370,5671.A4HSC0,5671.A4HZS7,0.134
25,LINJ_04_1230,LINJ_35_4060,5671.A4HSC0,5671.A4IBT9,0.116
26,LINJ_04_1230,LINJ_35_4010,5671.A4HSC0,5671.A4IBT4,0.116
28,LINJ_05_0130,LINJ_22_0370,5671.A4HSE2,5671.A4HZS7,0.106
31,LINJ_05_0130,LINJ_20_1370,5671.A4HSE2,5671.A4HYX6,0.121
33,LINJ_05_0220,MPK12,5671.A4HSF4,5671.A4I564,0.196
34,LINJ_05_0220,LINJ_13_1380,5671.A4HSF4,5671.A4HVU2,0.196
35,LINJ_05_0220,LINJ_34_0030,5671.A4HSF4,5671.A4I9H1,0.403
36,LINJ_05_0220,LINJ_08_0540,5671.A4HSF4,5671.A4HTK1,0.403
38,LINJ_05_0390,MKK5,5671.A4HSG1,5671.A4ICP8,0.086
39,LINJ_05_0390,LINJ_24_2410,5671.A4HSG1,5671.A4I140,0.086
40,LINJ_05_0640,LINJ_24_0260,5671.A4HSI6,5671.E9AH38,0.367
41,LINJ_05_0640,LINJ_13_1630,5671.A4HSI6,5671.A4HVT6,0.367
42,LINJ_05_0640,LINJ_08_0540,5671.A4HSI6,5671.A4HTK1,0.663
43,LINJ_05_0640,LINJ_34_0030,5671.A4HSI6,5671.A4I9H1,0.663
45,PDI-1,LINJ_29_0860,5671.A4HSZ7,5671.A4I4D6,0.341
47,PDI-1,LINJ_08_0540,5671.A4HSZ7,5671.A4HTK1,0.924
48,PDI-1,LINJ_34_0030,5671.A4HSZ7,5671.A4I9H1,0.924
49,LINJ_07_0440,LINJ_32_1150,5671.A4HT46,5671.A4I7S6,0.582
50,LINJ_07_0440,LINJ_34_3790,5671.A4HT46,5671.A4IAG7,0.582
51,LINJ_07_0610,LINJ_34_4140,5671.A4HT72,5671.A4IAK2,0.303
52,LINJ_07_0610,LINJ_32_1930,5671.A4HT72,5671.A4I7Z9,0.301
53,LINJ_07_0610,LINJ_24_0260,5671.A4HT72,5671.E9AH38,0.227
54,LINJ_07_0610,LINJ_13_1630,5671.A4HT72,5671.A4HVT6,0.227
55,LINJ_07_0610,LINJ_20_1370,5671.A4HT72,5671.A4HYX6,0.216
56,LINJ_07_0610,LINJ_08_1250,5671.A4HT72,5671.E9AG93,0.216
57,LINJ_07_0610,RAB7,5671.A4HT72,5671.E9AGQ4,0.405
58,LINJ_07_0610,LINJ_24_0130,5671.A4HT72,5671.E9AH25,0.361
59,LINJ_07_0610,LINJ_08_0540,5671.A4HT72,5671.A4HTK1,0.527
60,LINJ_07_0610,LINJ_34_0030,5671.A4HT72,5671.A4I9H1,0.527
61,LINJ_08_0540,LINJ_30_0420,5671.A4HTK1,5671.A4I569,0.135
62,LINJ_08_0540,LINJ_18_0470,5671.A4HTK1,5671.A4HXS2,0.135
63,LINJ_08_0540,LINJ_22_0920,5671.A4HTK1,5671.E9AGZ4,0.229
64,LINJ_08_0540,LINJ_24_1790,5671.A4HTK1,5671.E9AH79,0.135
66,LINJ_08_0540,LINJ_34_1950,5671.A4HTK1,5671.A4I9Z1,0.403
67,LINJ_08_0540,LINJ_27_2130,5671.A4HTK1,5671.A4I317,0.403
68,LINJ_08_0540,LINJ_21_0760,5671.A4HTK1,5671.A4HZ69,0.403
69,LINJ_08_0540,LINJ_08_0670,5671.A4HTK1,5671.A4HTL4,0.132
70,LINJ_08_0540,LINJ_31_1870,5671.A4HTK1,5671.A4I6V7,0.132
71,LINJ_08_0540,LINJ_10_0880,5671.A4HTK1,5671.A4HUJ5,0.132
72,LINJ_08_0540,LINJ_11_0700,5671.A4HTK1,5671.A4HUX9,0.411
73,LINJ_08_0540,LINJ_28_1800,5671.A4HTK1,5671.A4I3P6,0.132
74,LINJ_08_0540,LINJ_25_2450,5671.A4HTK1,5671.A4I1T4,0.132
76,LINJ_08_0540,LINJ_22_0370,5671.A4HTK1,5671.A4HZS7,0.132
80,LINJ_08_0540,LINJ_03_0460,5671.A4HTK1,5671.E9AG37,0.411
81,LINJ_08_0540,LINJ_28_0720,5671.A4HTK1,5671.A4I3E2,0.411
82,LINJ_08_0540,LINJ_24_0130,5671.A4HTK1,5671.E9AH25,0.411
83,LINJ_08_0540,LINJ_29_0860,5671.A4HTK1,5671.A4I4D6,0.631
84,LINJ_08_0540,LINJ_36_0970,5671.A4HTK1,5671.A4ICP3,0.132
85,LINJ_08_0540,LINJ_34_3340,5671.A4HTK1,5671.A4IAC2,0.663
86,LINJ_08_0540,LINJ_35_2710,5671.A4HTK1,5671.A4IBD4,0.663
87,LINJ_08_0540,LINJ_29_1190,5671.A4HTK1,5671.A4I4G8,0.663
88,LINJ_08_0540,LINJ_31_1880,5671.A4HTK1,5671.A4I6V8,0.132
89,LINJ_08_0540,CYCA,5671.A4HTK1,5671.A4I1J3,0.095
90,LINJ_08_0540,CYC3,5671.A4HTK1,5671.A4I503,0.095
91,LINJ_08_0540,LINJ_31_0890,5671.A4HTK1,5671.A4I6I0,0.527
92,LINJ_08_0540,LINJ_32_1930,5671.A4HTK1,5671.A4I7Z9,0.527
93,LINJ_08_0540,LINJ_15_0810,5671.A4HTK1,5671.A4HWH3,0.756
94,LINJ_08_0540,LINJ_34_0030,5671.A4HTK1,5671.A4I9H1,0.924
95,LINJ_08_0670,LINJ_24_0130,5671.A4HTL4,5671.E9AH25,0.144
96,LINJ_08_0670,LINJ_36_0970,5671.A4HTL4,5671.A4ICP3,0.401
97,LINJ_08_0670,LINJ_36_2310,5671.A4HTL4,5671.A4IDJ2,0.211
98,LINJ_08_0670,LINJ_36_5610,5671.A4HTL4,5671.A4IDV1,0.211
99,LINJ_08_0670,LINJ_34_0030,5671.A4HTL4,5671.A4I9H1,0.132
100,LINJ_08_0670,LINJ_20_1370,5671.A4HTL4,5671.A4HYX6,0.45
101,LINJ_08_0670,LINJ_08_1250,5671.A4HTL4,5671.E9AG93,0.45
103,LINJ_08_0950,LINJ_29_0860,5671.A4HTP0,5671.A4I4D6,0.364
104,LINJ_08_0950,MPK12,5671.A4HTP0,5671.A4I564,0.9
109,LINJ_09_0110,LINJ_18_0180,5671.A4HTS7,5671.A4HXP4,0.057
110,LINJ_09_0110,LINJ_18_0170,5671.A4HTS7,5671.A4HXP3,0.057
111,LINJ_09_0110,LINJ_18_0190,5671.A4HTS7,5671.A4HXP5,0.057
112,LINJ_10_0880,LINJ_24_0130,5671.A4HUJ5,5671.E9AH25,0.144
113,LINJ_10_0880,LINJ_36_2310,5671.A4HUJ5,5671.A4IDJ2,0.211
114,LINJ_10_0880,LINJ_36_5610,5671.A4HUJ5,5671.A4IDV1,0.211
115,LINJ_10_0880,LINJ_34_0030,5671.A4HUJ5,5671.A4I9H1,0.132
117,LINJ_11_0700,LINJ_34_0030,5671.A4HUX9,5671.A4I9H1,0.411
119,LINJ_11_0700,LINJ_24_0260,5671.A4HUX9,5671.E9AH38,0.367
120,LINJ_11_0700,LINJ_13_1630,5671.A4HUX9,5671.A4HVT6,0.367
122,LINJ_11_0700,LINJ_24_0130,5671.A4HUX9,5671.E9AH25,0.116
123,LINJ_11_0910,LINJ_35_3880,5671.A4HV00,5671.A4IBS2,0.149
124,LINJ_11_0910,LINJ_24_0130,5671.A4HV00,5671.E9AH25,0.362
125,LINJ.12.0016,LINJ_22_0920,5671.A4HV57,5671.E9AGZ4,0.11
126,LINJ.12.0016,LINJ_18_0470,5671.A4HV57,5671.A4HXS2,0.139
127,LINJ.12.0016,LINJ_17_0770,5671.A4HV57,5671.A4HXE5,0.298
128,LINJ.12.0016,LINJ_26_0050,5671.A4HV57,5671.A4I1U3,0.366
129,LINJ.12.0016,LINJ_24_0130,5671.A4HV57,5671.E9AH25,0.474
130,LINJ.12.0016,CYCA,5671.A4HV57,5671.A4I1J3,0.257
131,LINJ.12.0016,CYC3,5671.A4HV57,5671.A4I503,0.257
132,LINJ.12.0016,LINJ_30_0420,5671.A4HV57,5671.A4I569,0.359
133,LINJ.12.0016,LINJ_24_1790,5671.A4HV57,5671.E9AH79,0.296
134,LINJ_13_0610,LINJ_36_5410,5671.A4HVK0,5671.A4IDU0,0.304
135,LINJ_13_0610,ALDH2,5671.A4HVK0,5671.A4I1F4,0.304
136,LINJ_13_0610,LINJ_23_0880,5671.A4HVK0,5671.A4I0C2,0.367
137,LINJ_13_1630,LINJ_13_1380,5671.A4HVT6,5671.A4HVU2,0.208
138,LINJ_13_1630,MPK12,5671.A4HVT6,5671.A4I564,0.208
139,LINJ_13_1630,LINJ_31_0890,5671.A4HVT6,5671.A4I6I0,0.227
140,LINJ_13_1630,LINJ_32_1930,5671.A4HVT6,5671.A4I7Z9,0.227
141,LINJ_13_1630,LINJ_28_0720,5671.A4HVT6,5671.A4I3E2,0.367
142,LINJ_13_1630,LINJ_34_3340,5671.A4HVT6,5671.A4IAC2,0.367
143,LINJ_13_1630,LINJ_35_2710,5671.A4HVT6,5671.A4IBD4,0.367
144,LINJ_13_1630,LINJ_29_1190,5671.A4HVT6,5671.A4I4G8,0.367
145,LINJ_13_1630,LINJ_03_0460,5671.A4HVT6,5671.E9AG37,0.367
146,LINJ_13_1630,LINJ_24_0130,5671.A4HVT6,5671.E9AH25,0.367
147,LINJ_13_1380,LINJ_24_0260,5671.A4HVU2,5671.E9AH38,0.208
148,LINJ_13_1380,LINJ_24_2410,5671.A4HVU2,5671.A4I140,0.189
149,LINJ_13_1380,LINJ_30_0850,5671.A4HVU2,5671.A4I5B1,0.273
150,LINJ_13_1380,LINJ_36_2310,5671.A4HVU2,5671.A4IDJ2,0.294
151,LINJ_13_1380,LINJ_20_1370,5671.A4HVU2,5671.A4HYX6,0.263
152,LINJ_13_1380,MKK5,5671.A4HVU2,5671.A4ICP8,0.189
153,LINJ_13_1380,LINJ_36_5610,5671.A4HVU2,5671.A4IDV1,0.318
156,LINJ_14_1380,LINJ_24_2410,5671.A4HW76,5671.A4I140,0.086
157,LINJ_14_1380,MKK5,5671.A4HW76,5671.A4ICP8,0.086
159,LINJ_15_0810,LINJ_34_0030,5671.A4HWH3,5671.A4I9H1,0.756
160,LINJ_15_0990,LINJ_24_0130,5671.A4HWJ1,5671.E9AH25,0.233
163,LINJ_16_0870,LINJ_20_0970,5671.A4HWY3,5671.A4HYT8,0.292
164,LINJ_17_0660,LINJ_33_2210,5671.A4HXD4,5671.A4I980,0.304
166,LINJ_17_0770,LINJ_32_1930,5671.A4HXE5,5671.A4I7Z9,0.289
167,LINJ_17_0770,LINJ_31_0890,5671.A4HXE5,5671.A4I6I0,0.289
169,LINJ_17_0770,LINJ_32_0690,5671.A4HXE5,5671.A4I7L6,0.318
170,LINJ_17_0770,LINJ_18_0470,5671.A4HXE5,5671.A4HXS2,0.217
171,LINJ_17_0770,LINJ_34_2160,5671.A4HXE5,5671.A4IA04,0.318
172,LINJ_17_0770,LINJ_29_2260,5671.A4HXE5,5671.A4I4S4,0.298
173,LINJ_17_0770,LINJ_21_0280,5671.A4HXE5,5671.A4HZA9,0.137
174,LINJ_17_0770,LINJ_35_3930,5671.A4HXE5,5671.A4IBS7,0.137
175,LINJ_17_0770,LINJ_27_2570,5671.A4HXE5,5671.E9AHC6,0.298
176,LINJ_17_0770,LINJ_30_0420,5671.A4HXE5,5671.A4I569,0.217
177,LINJ_17_0770,CYC3,5671.A4HXE5,5671.A4I503,0.259
178,LINJ_17_0770,CYCA,5671.A4HXE5,5671.A4I1J3,0.259
179,LINJ_17_0770,LINJ_35_1020,5671.A4HXE5,5671.A4IAZ7,0.283
180,LINJ_17_0770,LINJ_24_0130,5671.A4HXE5,5671.E9AH25,0.607
181,LINJ_17_0770,LINJ_24_1790,5671.A4HXE5,5671.E9AH79,0.391
182,LINJ_17_1560,LINJ_24_0130,5671.A4HXM2,5671.E9AH25,0.364
183,LINJ_18_0470,LINJ_34_0490,5671.A4HXS2,5671.A4I9L7,0.112
184,LINJ_18_0470,LINJ_34_0030,5671.A4HXS2,5671.A4I9H1,0.135
185,LINJ_18_0470,LINJ_21_0460,5671.A4HXS2,5671.A4HZ39,0.307
186,LINJ_18_0470,LINJ_27_2570,5671.A4HXS2,5671.E9AHC6,0.139
187,LINJ_18_0470,LINJ_29_2260,5671.A4HXS2,5671.A4I4S4,0.139
188,LINJ_18_0470,CYCA,5671.A4HXS2,5671.A4I1J3,0.183
189,LINJ_18_0470,CYC3,5671.A4HXS2,5671.A4I503,0.183
190,LINJ_18_0470,LINJ_24_0130,5671.A4HXS2,5671.E9AH25,0.463
191,LINJ_18_0470,LINJ_26_0050,5671.A4HXS2,5671.A4I1U3,0.644
192,LINJ_19_0950,LINJ_36_5410,5671.A4HYA8,5671.A4IDU0,0.323
193,LINJ_19_0950,LINJ_34_3110,5671.A4HYA8,5671.A4IAA0,0.307
194,LINJ_19_0950,ALDH2,5671.A4HYA8,5671.A4I1F4,0.323
195,LINJ_19_0950,LINJ_23_0880,5671.A4HYA8,5671.A4I0C2,0.408
196,LINJ_19_0950,LINJ_28_2190,5671.A4HYA8,5671.A4I3T3,0.492
197,LINJ_19_0970,LINJ_36_5410,5671.A4HYB7,5671.A4IDU0,0.323
198,LINJ_19_0970,LINJ_34_3110,5671.A4HYB7,5671.A4IAA0,0.307
199,LINJ_19_0970,ALDH2,5671.A4HYB7,5671.A4I1F4,0.323
200,LINJ_19_0970,LINJ_23_0880,5671.A4HYB7,5671.A4I0C2,0.408
201,LINJ_19_0970,LINJ_28_2190,5671.A4HYB7,5671.A4I3T3,0.492
202,LINJ_19_1640,LINJ_28_1800,5671.A4HYJ0,5671.A4I3P6,0.387
203,LINJ_19_1640,LINJ_25_2450,5671.A4HYJ0,5671.A4I1T4,0.387
204,LINJ_20_0970,LINJ_36_2420,5671.A4HYT8,5671.A4IDK3,0.285
205,LINJ_20_0970,LINJ_21_1000,5671.A4HYT8,5671.A4HZ85,0.292
206,LINJ_20_0970,LINJ_32_0270,5671.A4HYT8,5671.A4I7J0,0.292
207,LINJ_20_0970,LINJ_33_2100,5671.A4HYT8,5671.A4I960,0.292
208,LINJ_20_0970,LINJ_31_3300,5671.A4HYT8,5671.A4I7C4,0.292
209,LINJ_20_0970,LINJ_29_2680,5671.A4HYT8,5671.A4I4X0,0.292
210,LINJ_20_0970,LINJ_36_1590,5671.A4HYT8,5671.A4IDC2,0.292
211,LINJ_20_0970,BT1-2,5671.A4HYT8,5671.A4IC37,0.292
212,LINJ_20_0970,LINJ_31_3070,5671.A4HYT8,5671.A4I7A1,0.292
213,LINJ_20_0970,LINJ_26_2600,5671.A4HYT8,5671.A4I2H8,0.292
214,LINJ_20_0970,LINJ_36_6600,5671.A4HYT8,5671.A4IC88,0.361
215,LINJ_20_0970,LINJ_35_5080,5671.A4HYT8,5671.A4IC65,0.361
216,LINJ_20_1370,LINJ_32_1930,5671.A4HYX6,5671.A4I7Z9,0.216
217,LINJ_20_1370,LINJ_31_0890,5671.A4HYX6,5671.A4I6I0,0.216
219,LINJ_20_1370,LINJ_25_2450,5671.A4HYX6,5671.A4I1T4,0.213
223,LINJ_20_1370,LINJ_31_1870,5671.A4HYX6,5671.A4I6V7,0.45
226,LINJ_20_1370,LINJ_22_0370,5671.A4HYX6,5671.A4HZS7,0.213
227,LINJ_20_1370,LINJ_30_0620,5671.A4HYX6,5671.A4I588,0.094
228,LINJ_20_1370,LINJ_36_0970,5671.A4HYX6,5671.A4ICP3,0.521
229,LINJ_20_1370,MPK12,5671.A4HYX6,5671.A4I564,0.263
232,LINJ_21_0460,LINJ_24_1790,5671.A4HZ39,5671.E9AH79,0.307
233,LINJ_21_0460,LINJ_30_0420,5671.A4HZ39,5671.A4I569,0.307
234,LINJ_21_0760,LINJ_34_0030,5671.A4HZ69,5671.A4I9H1,0.403
235,LINJ_21_0770,LINJ_36_0970,5671.A4HZ70,5671.A4ICP3,0.261
239,LINJ_21_0910,LINJ_31_1880,5671.A4HZ84,5671.A4I6V8,0.407
240,LINJ_21_0910,LINJ_35_0480,5671.A4HZ84,5671.A4IAU7,0.367
241,LINJ_21_0910,LINJ_29_2140,5671.A4HZ84,5671.A4I4Q9,0.367
242,LINJ_21_0910,LINJ_35_4110,5671.A4HZ84,5671.A4IBU4,0.367
243,LINJ_21_0910,LINJ_24_0220,5671.A4HZ84,5671.E9AH34,0.367
244,LINJ_21_0910,LINJ_36_0960,5671.A4HZ84,5671.A4ICP4,0.367
245,LINJ_21_0910,LINJ_32_1930,5671.A4HZ84,5671.A4I7Z9,0.465
246,LINJ_21_0910,LINJ_31_0890,5671.A4HZ84,5671.A4I6I0,0.465
247,LINJ_21_0910,TOR2,5671.A4HZ84,5671.A4IAK5,0.467
248,LINJ_21_0910,TOR3,5671.A4HZ84,5671.A4IAG3,0.467
250,LINJ_21_1410,LINJ_36_2310,5671.A4HZ93,5671.A4IDJ2,0.19
253,LINJ_21_0280,LINJ_24_0130,5671.A4HZA9,5671.E9AH25,0.233
254,LINJ_21_1470,LINJ_34_3790,5671.A4HZC0,5671.A4IAG7,0.115
255,LINJ_21_1470,LINJ_32_1150,5671.A4HZC0,5671.A4I7S6,0.115
256,LINJ_21_1470,LINJ_24_1780,5671.A4HZC0,5671.E9AH78,0.367
257,LINJ_21_1470,LINJ_32_1010,5671.A4HZC0,5671.A4I7R2,0.096
264,LINJ_22_0370,LINJ_24_0130,5671.A4HZS7,5671.E9AH25,0.144
265,LINJ_22_0370,LINJ_36_2310,5671.A4HZS7,5671.A4IDJ2,0.211
266,LINJ_22_0370,LINJ_36_5610,5671.A4HZS7,5671.A4IDV1,0.211
267,LINJ_22_0370,LINJ_28_0660,5671.A4HZS7,5671.A4I3D6,0.254
268,LINJ_22_0370,LINJ_28_1800,5671.A4HZS7,5671.A4I3P6,0.143
269,LINJ_22_0370,LINJ_06_1220,5671.A4HZS7,5671.E9AG71,0.063
270,LINJ_22_0370,LINJ_24_2410,5671.A4HZS7,5671.A4I140,0.137
271,LINJ_22_0370,LINJ_35_3880,5671.A4HZS7,5671.A4IBS2,0.419
272,LINJ_22_0370,LINJ_35_4060,5671.A4HZS7,5671.A4IBT9,0.137
273,LINJ_22_0370,LINJ_35_4010,5671.A4HZS7,5671.A4IBT4,0.137
274,LINJ_22_0370,MKK5,5671.A4HZS7,5671.A4ICP8,0.137
275,LINJ_22_0370,LINJ_30_0850,5671.A4HZS7,5671.A4I5B1,0.27
276,LINJ_22_0370,LINJ_35_1020,5671.A4HZS7,5671.A4IAZ7,0.134
277,LINJ_22_0370,LINJ_25_2450,5671.A4HZS7,5671.A4I1T4,0.143
278,LINJ_22_0370,LINJ_27_1680,5671.A4HZS7,5671.A4I2Y4,0.134
279,LINJ_22_0370,LINJ_24_0220,5671.A4HZS7,5671.E9AH34,0.135
280,LINJ_22_0370,LINJ_34_0030,5671.A4HZS7,5671.A4I9H1,0.132
281,LINJ_22_1530,LINJ_30_2970,5671.A4I027,5671.A4I5X4,0.9
283,MRPA,MDR1,5671.A4I065,5671.A4I9R3,0.104
284,PTR1,LINJ_36_5410,5671.A4I067,5671.A4IDU0,0.285
285,PTR1,ALDH2,5671.A4I067,5671.A4I1F4,0.285
286,PTR1,LINJ_23_0880,5671.A4I067,5671.A4I0C2,0.273
287,PTR1,PRP1,5671.A4I067,5671.A4I6S0,0.086
288,PTR1,LINJ_28_2190,5671.A4I067,5671.A4I3T3,0.398
289,LINJ_23_0880,LINJ_23_1450,5671.A4I0C2,5671.A4I0H7,0.158
290,LINJ_23_0880,LINJ_29_1100,5671.A4I0C2,5671.A4I4G0,0.367
291,LINJ_23_0880,LINJ_23_1050,5671.A4I0C2,5671.A4I0D8,0.367
292,LINJ_23_0880,mMDH,5671.A4I0C2,5671.A4I9I5,0.234
293,LINJ_23_0880,LINJ_34_0160,5671.A4I0C2,5671.A4I9I4,0.234
294,LINJ_23_0880,LINJ_36_5410,5671.A4I0C2,5671.A4IDU0,0.47
295,LINJ_23_0880,ALDH2,5671.A4I0C2,5671.A4I1F4,0.944
296,LINJ_23_1050,LINJ_36_5410,5671.A4I0D8,5671.A4IDU0,0.304
297,LINJ_23_1050,ALDH2,5671.A4I0D8,5671.A4I1F4,0.304
299,LINJ_24_1410,LINJ_24_0130,5671.A4I0X6,5671.E9AH25,0.287
300,LINJ_24_1410,LINJ_31_0820,5671.A4I0X6,5671.A4I6H3,0.366
301,LINJ_24_2410,LINJ_36_5610,5671.A4I140,5671.A4IDV1,0.13
302,LINJ_24_2410,LINJ_36_0970,5671.A4I140,5671.A4ICP3,0.137
303,LINJ_24_2410,LINJ_30_0620,5671.A4I140,5671.A4I588,0.086
304,LINJ_24_2410,LINJ_27_2570,5671.A4I140,5671.E9AHC6,0.246
305,LINJ_24_2410,LINJ_25_2450,5671.A4I140,5671.A4I1T4,0.137
306,LINJ_24_2410,MPK12,5671.A4I140,5671.A4I564,0.189
307,ALDH2,LINJ_29_1100,5671.A4I1F4,5671.A4I4G0,0.304
308,ALDH2,LINJ_31_2980,5671.A4I1F4,5671.A4I792,0.239
309,ALDH2,PGFS,5671.A4I1F4,5671.A4I6Z4,0.239
310,ALDH2,LINJ_32_0470,5671.A4I1F4,5671.A4I7L0,0.239
311,ALDH2,LINJ_35_1230,5671.A4I1F4,5671.A4IB16,0.285
312,ALDH2,LINJ_28_2190,5671.A4I1F4,5671.A4I3T3,0.271
313,CYCA,LINJ_22_0920,5671.A4I1J3,5671.E9AGZ4,0.124
314,CYCA,LINJ_30_0420,5671.A4I1J3,5671.A4I569,0.183
315,CYCA,LINJ_26_0050,5671.A4I1J3,5671.A4I1U3,0.443
316,CYCA,LINJ_24_0130,5671.A4I1J3,5671.E9AH25,0.459
317,CYCA,LINJ_29_2260,5671.A4I1J3,5671.A4I4S4,0.257
318,CYCA,LINJ_27_2570,5671.A4I1J3,5671.E9AHC6,0.257
319,CYCA,LINJ_34_0030,5671.A4I1J3,5671.A4I9H1,0.095
320,CYCA,LINJ_24_1790,5671.A4I1J3,5671.E9AH79,0.367
328,LINJ_25_2110,LINJ_26_0050,5671.A4I1Q1,5671.A4I1U3,0.364
329,LINJ_25_2450,LINJ_24_0130,5671.A4I1T4,5671.E9AH25,0.144
330,LINJ_25_2450,LINJ_36_5610,5671.A4I1T4,5671.A4IDV1,0.211
331,LINJ_25_2450,LINJ_35_4110,5671.A4I1T4,5671.A4IBU4,0.333
332,LINJ_25_2450,LINJ_35_0480,5671.A4I1T4,5671.A4IAU7,0.333
333,LINJ_25_2450,LINJ_36_4950,5671.A4I1T4,5671.A4IDQ0,0.337
334,LINJ_25_2450,MKK5,5671.A4I1T4,5671.A4ICP8,0.137
335,LINJ_25_2450,LINJ_29_2140,5671.A4I1T4,5671.A4I4Q9,0.333
336,LINJ_25_2450,LINJ_36_0960,5671.A4I1T4,5671.A4ICP4,0.333
337,LINJ_25_2450,TOR2,5671.A4I1T4,5671.A4IAK5,0.34
338,LINJ_25_2450,TOR3,5671.A4I1T4,5671.A4IAG3,0.34
339,LINJ_25_2450,LINJ_24_0220,5671.A4I1T4,5671.E9AH34,0.333
340,LINJ_25_2450,LINJ_36_2310,5671.A4I1T4,5671.A4IDJ2,0.211
341,LINJ_25_2450,LINJ_34_0030,5671.A4I1T4,5671.A4I9H1,0.132
342,LINJ_25_2450,LINJ_31_1560,5671.A4I1T4,5671.A4I6T1,0.476
343,LINJ_25_2450,LINJ_30_0850,5671.A4I1T4,5671.A4I5B1,0.639
345,LINJ_26_0050,LINJ_34_1360,5671.A4I1U3,5671.A4I9T8,0.364
346,LINJ_26_0050,LINJ_35_3570,5671.A4I1U3,5671.A4IBP7,0.364
347,LINJ_26_0050,LINJ_26_0140,5671.A4I1U3,5671.A4I1V3,0.364
348,LINJ_26_0050,LINJ_36_7090,5671.A4I1U3,5671.A4ICB8,0.364
349,LINJ_26_0050,LINJ_34_3730,5671.A4I1U3,5671.A4IAG1,0.364
350,LINJ_26_0050,LINJ_30_0420,5671.A4I1U3,5671.A4I569,0.364
351,LINJ_26_0050,LINJ_24_1790,5671.A4I1U3,5671.E9AH79,0.364
352,LINJ_26_0050,LINJ_32_0690,5671.A4I1U3,5671.A4I7L6,0.428
353,LINJ_26_0050,LINJ_34_2160,5671.A4I1U3,5671.A4IA04,0.428
354,LINJ_26_0050,CYC3,5671.A4I1U3,5671.A4I503,0.443
355,LINJ_26_0050,LINJ_29_2260,5671.A4I1U3,5671.A4I4S4,0.366
356,LINJ_26_0050,LINJ_27_2570,5671.A4I1U3,5671.E9AHC6,0.366
359,LINJ_26_2600,MPK12,5671.A4I2H8,5671.A4I564,0.097
360,LINJ_26_2700,MDR1,5671.A4I2J3,5671.A4I9R3,0.9
362,LINJ_27_1680,LINJ_27_2570,5671.A4I2Y4,5671.E9AHC6,0.062
363,LINJ_27_1680,LINJ_34_0030,5671.A4I2Y4,5671.A4I9H1,0.137
364,LINJ_27_2130,LINJ_34_0030,5671.A4I317,5671.A4I9H1,0.403
365,LINJ_28_0720,LINJ_34_4020,5671.A4I3E2,5671.A4IAJ0,0.364
366,LINJ_28_0720,LINJ_24_0260,5671.A4I3E2,5671.E9AH38,0.367
367,LINJ_28_0720,LINJ_35_2710,5671.A4I3E2,5671.A4IBD4,0.122
368,LINJ_28_0720,LINJ_24_0130,5671.A4I3E2,5671.E9AH25,0.116
369,LINJ_28_0720,LINJ_29_1190,5671.A4I3E2,5671.A4I4G8,0.122
370,LINJ_28_0720,LINJ_34_3340,5671.A4I3E2,5671.A4IAC2,0.122
371,LINJ_28_0720,LINJ_34_0030,5671.A4I3E2,5671.A4I9H1,0.411
372,LINJ_28_1800,LINJ_24_0130,5671.A4I3P6,5671.E9AH25,0.144
373,LINJ_28_1800,LINJ_36_5610,5671.A4I3P6,5671.A4IDV1,0.211
374,LINJ_28_1800,LINJ_35_4110,5671.A4I3P6,5671.A4IBU4,0.333
375,LINJ_28_1800,LINJ_24_0220,5671.A4I3P6,5671.E9AH34,0.333
376,LINJ_28_1800,LINJ_35_0480,5671.A4I3P6,5671.A4IAU7,0.333
377,LINJ_28_1800,LINJ_29_2140,5671.A4I3P6,5671.A4I4Q9,0.333
378,LINJ_28_1800,LINJ_36_0960,5671.A4I3P6,5671.A4ICP4,0.333
379,LINJ_28_1800,LINJ_36_4950,5671.A4I3P6,5671.A4IDQ0,0.337
380,LINJ_28_1800,LINJ_34_0030,5671.A4I3P6,5671.A4I9H1,0.132
381,LINJ_28_1800,TOR2,5671.A4I3P6,5671.A4IAK5,0.34
382,LINJ_28_1800,TOR3,5671.A4I3P6,5671.A4IAG3,0.34
383,LINJ_28_1800,LINJ_36_2310,5671.A4I3P6,5671.A4IDJ2,0.211
384,LINJ_28_1800,LINJ_31_1560,5671.A4I3P6,5671.A4I6T1,0.476
385,LINJ_28_1800,LINJ_30_0850,5671.A4I3P6,5671.A4I5B1,0.639
386,LINJ_28_2190,LINJ_36_5410,5671.A4I3T3,5671.A4IDU0,0.271
387,LINJ_28_2190,LINJ_35_1230,5671.A4I3T3,5671.A4IB16,0.398
388,LINJ_28_2190,LINJ_34_3110,5671.A4I3T3,5671.A4IAA0,0.436
390,LINJ_29_0860,LINJ_34_0030,5671.A4I4D6,5671.A4I9H1,0.631
391,LINJ_29_1100,LINJ_36_5410,5671.A4I4G0,5671.A4IDU0,0.304
394,LINJ_29_1190,LINJ_24_0260,5671.A4I4G8,5671.E9AH38,0.367
395,LINJ_29_1190,LINJ_24_0130,5671.A4I4G8,5671.E9AH25,0.136
396,LINJ_29_1190,LINJ_34_0030,5671.A4I4G8,5671.A4I9H1,0.663
398,LINJ_29_1440,LINJ_32_1010,5671.A4I4J0,5671.A4I7R2,0.09
399,LINJ_29_1440,LINJ_30_0850,5671.A4I4J0,5671.A4I5B1,0.357
400,LINJ_29_1460,LINJ_32_1010,5671.A4I4J5,5671.A4I7R2,0.09
401,LINJ_29_1460,LINJ_30_0850,5671.A4I4J5,5671.A4I5B1,0.357
402,LINJ_29_1480,LINJ_32_1010,5671.A4I4J7,5671.A4I7R2,0.09
403,LINJ_29_1480,LINJ_30_0850,5671.A4I4J7,5671.A4I5B1,0.357
404,LINJ_29_2140,LINJ_32_0690,5671.A4I4Q9,5671.A4I7L6,0.28
405,LINJ_29_2140,LINJ_34_2160,5671.A4I4Q9,5671.A4IA04,0.28
408,LINJ_29_2260,LINJ_22_0920,5671.A4I4S4,5671.E9AGZ4,0.11
409,LINJ_29_2260,LINJ_24_0130,5671.A4I4S4,5671.E9AH25,0.474
410,LINJ_29_2260,CYC3,5671.A4I4S4,5671.A4I503,0.257
411,LINJ_29_2260,LINJ_30_0420,5671.A4I4S4,5671.A4I569,0.359
412,LINJ_29_2260,LINJ_24_1790,5671.A4I4S4,5671.E9AH79,0.296
413,CYC3,LINJ_22_0920,5671.A4I503,5671.E9AGZ4,0.124
414,CYC3,LINJ_30_0420,5671.A4I503,5671.A4I569,0.183
415,CYC3,LINJ_24_0130,5671.A4I503,5671.E9AH25,0.459
416,CYC3,LINJ_27_2570,5671.A4I503,5671.E9AHC6,0.257
417,CYC3,LINJ_34_0030,5671.A4I503,5671.A4I9H1,0.095
418,CYC3,LINJ_24_1790,5671.A4I503,5671.E9AH79,0.367
419,MPK12,LINJ_24_0260,5671.A4I564,5671.E9AH38,0.208
420,MPK12,LINJ_34_0030,5671.A4I564,5671.A4I9H1,0.135
421,MPK12,LINJ_36_2310,5671.A4I564,5671.A4IDJ2,0.294
422,MPK12,LINJ_30_0850,5671.A4I564,5671.A4I5B1,0.273
423,MPK12,MKK5,5671.A4I564,5671.A4ICP8,0.189
424,MPK12,LINJ_36_5610,5671.A4I564,5671.A4IDV1,0.318
427,LINJ_30_0420,LINJ_34_0030,5671.A4I569,5671.A4I9H1,0.135
430,LINJ_30_0420,LINJ_31_0820,5671.A4I569,5671.A4I6H3,0.53
431,LINJ_30_0420,LINJ_27_2570,5671.A4I569,5671.E9AHC6,0.359
432,LINJ_30_0420,LINJ_24_0130,5671.A4I569,5671.E9AH25,0.463
435,LINJ_30_0620,MKK5,5671.A4I588,5671.A4ICP8,0.086
439,LINJ_30_0850,TOR3,5671.A4I5B1,5671.A4IAG3,0.477
440,LINJ_30_0850,TOR2,5671.A4I5B1,5671.A4IAK5,0.477
441,LINJ_30_0850,LINJ_31_1560,5671.A4I5B1,5671.A4I6T1,0.588
442,LINJ_31_0890,LINJ_34_4140,5671.A4I6I0,5671.A4IAK2,0.303
443,LINJ_31_0890,LINJ_24_0260,5671.A4I6I0,5671.E9AH38,0.227
444,LINJ_31_0890,LINJ_33_1940,5671.A4I6I0,5671.A4I946,0.2
445,LINJ_31_0890,LINJ_27_0620,5671.A4I6I0,5671.E9AHE8,0.2
446,LINJ_31_0890,LINJ_08_1250,5671.A4I6I0,5671.E9AG93,0.216
447,LINJ_31_0890,RAB7,5671.A4I6I0,5671.E9AGQ4,0.392
448,LINJ_31_0890,LINJ_24_0130,5671.A4I6I0,5671.E9AH25,0.361
449,LINJ_31_0890,LINJ_34_0030,5671.A4I6I0,5671.A4I9H1,0.527
450,ABCC5,MDR1,5671.A4I6Q4,5671.A4I9R3,0.104
451,PRP1,MDR1,5671.A4I6S0,5671.A4I9R3,0.104
452,LINJ_31_1870,LINJ_24_0130,5671.A4I6V7,5671.E9AH25,0.144
453,LINJ_31_1870,LINJ_36_0970,5671.A4I6V7,5671.A4ICP3,0.401
454,LINJ_31_1870,LINJ_36_2310,5671.A4I6V7,5671.A4IDJ2,0.211
455,LINJ_31_1870,LINJ_36_5610,5671.A4I6V7,5671.A4IDV1,0.211
456,LINJ_31_1870,LINJ_34_0030,5671.A4I6V7,5671.A4I9H1,0.132
457,LINJ_31_1870,LINJ_08_1250,5671.A4I6V7,5671.E9AG93,0.45
458,LINJ_31_1880,LINJ_36_5610,5671.A4I6V8,5671.A4IDV1,0.211
459,LINJ_31_1880,LINJ_36_2310,5671.A4I6V8,5671.A4IDJ2,0.211
460,LINJ_31_1880,LINJ_24_0130,5671.A4I6V8,5671.E9AH25,0.146
461,LINJ_31_1880,LINJ_36_0970,5671.A4I6V8,5671.A4ICP3,0.307
462,LINJ_31_1880,LINJ_22_0920,5671.A4I6V8,5671.E9AGZ4,0.363
463,LINJ_31_1880,LINJ_34_0030,5671.A4I6V8,5671.A4I9H1,0.132
464,PGFS,LINJ_36_5410,5671.A4I6Z4,5671.A4IDU0,0.239
465,PGFS,LINJ_32_0470,5671.A4I6Z4,5671.A4I7L0,0.9
466,LINJ_32_0690,LINJ_35_0480,5671.A4I7L6,5671.A4IAU7,0.28
467,LINJ_32_0690,LINJ_36_0960,5671.A4I7L6,5671.A4ICP4,0.28
468,LINJ_32_0690,LINJ_35_4110,5671.A4I7L6,5671.A4IBU4,0.28
469,LINJ_32_0690,LINJ_24_0220,5671.A4I7L6,5671.E9AH34,0.28
470,LINJ_32_0690,LINJ_24_0130,5671.A4I7L6,5671.E9AH25,0.233
471,LINJ_32_1010,LINJ_24_0130,5671.A4I7R2,5671.E9AH25,0.452
472,LINJ_32_1010,LINJ_24_1780,5671.A4I7R2,5671.E9AH78,0.672
473,LINJ_32_1010,LINJ_32_1150,5671.A4I7R2,5671.A4I7S6,0.497
474,LINJ_32_1010,LINJ_34_3790,5671.A4I7R2,5671.A4IAG7,0.497
475,LINJ_32_1150,LINJ_03_0460,5671.A4I7S6,5671.E9AG37,0.091
476,LINJ_32_1930,LINJ_34_4140,5671.A4I7Z9,5671.A4IAK2,0.303
477,LINJ_32_1930,LINJ_24_0260,5671.A4I7Z9,5671.E9AH38,0.227
478,LINJ_32_1930,LINJ_08_1250,5671.A4I7Z9,5671.E9AG93,0.216
479,LINJ_32_1930,LINJ_27_0620,5671.A4I7Z9,5671.E9AHE8,0.2
480,LINJ_32_1930,LINJ_33_1940,5671.A4I7Z9,5671.A4I946,0.2
481,LINJ_32_1930,RAB7,5671.A4I7Z9,5671.E9AGQ4,0.392
482,LINJ_32_1930,LINJ_24_0130,5671.A4I7Z9,5671.E9AH25,0.361
483,LINJ_32_1930,LINJ_34_0030,5671.A4I7Z9,5671.A4I9H1,0.527
484,LINJ_33_1060,LINJ_33_2210,5671.A4I8W5,5671.A4I980,0.304
489,LINJ_33_1940,LINJ_34_4140,5671.A4I946,5671.A4IAK2,0.493
490,LINJ_33_1940,RAB7,5671.A4I946,5671.E9AGQ4,0.366
492,LINJ_34_0030,LINJ_22_0920,5671.A4I9H1,5671.E9AGZ4,0.229
493,LINJ_34_0030,LINJ_35_1020,5671.A4I9H1,5671.A4IAZ7,0.137
494,LINJ_34_0030,LINJ_24_1790,5671.A4I9H1,5671.E9AH79,0.135
495,LINJ_34_0030,LINJ_34_1950,5671.A4I9H1,5671.A4I9Z1,0.403
496,LINJ_34_0030,LINJ_03_0460,5671.A4I9H1,5671.E9AG37,0.411
499,LINJ_34_0030,LINJ_24_0130,5671.A4I9H1,5671.E9AH25,0.411
501,LINJ_34_0030,LINJ_36_0970,5671.A4I9H1,5671.A4ICP3,0.132
504,LINJ_34_0030,LINJ_34_3340,5671.A4I9H1,5671.A4IAC2,0.663
505,LINJ_34_0030,LINJ_35_2710,5671.A4I9H1,5671.A4IBD4,0.663
506,LINJ_34_0160,mMDH,5671.A4I9I4,5671.A4I9I5,0.6
508,LINJ_34_0160,LinJ_35_5440,5671.A4I9I4,5671.A4IAQ0,0.398
509,LINJ_34_0160,LINJ_35_0030,5671.A4I9I4,5671.A4IAQ4,0.398
510,mMDH,LINJ_36_5410,5671.A4I9I5,5671.A4IDU0,0.212
512,mMDH,LinJ_35_5440,5671.A4I9I5,5671.A4IAQ0,0.398
513,mMDH,LINJ_35_0030,5671.A4I9I5,5671.A4IAQ4,0.398
514,LINJ_34_0490,LINJ_24_0130,5671.A4I9L7,5671.E9AH25,0.175
515,LINJ_34_0500,LINJ_24_0130,5671.A4I9L8,5671.E9AH25,0.364
516,LINJ_34_2160,LINJ_35_0480,5671.A4IA04,5671.A4IAU7,0.28
517,LINJ_34_2160,LINJ_36_0960,5671.A4IA04,5671.A4ICP4,0.28
518,LINJ_34_2160,LINJ_24_0220,5671.A4IA04,5671.E9AH34,0.28
519,LINJ_34_2160,LINJ_35_4110,5671.A4IA04,5671.A4IBU4,0.28
520,LINJ_34_2160,LINJ_24_0130,5671.A4IA04,5671.E9AH25,0.233
521,LINJ_34_3110,LINJ_24_0130,5671.A4IAA0,5671.E9AH25,0.234
522,LINJ_34_3340,LINJ_24_0130,5671.A4IAC2,5671.E9AH25,0.136
523,LINJ_34_3340,LINJ_24_0260,5671.A4IAC2,5671.E9AH38,0.367
526,TOR3,TOR2,5671.A4IAG3,5671.A4IAK5,0.9
527,LINJ_34_3790,LINJ_03_0460,5671.A4IAG7,5671.E9AG37,0.091
528,LINJ_34_4020,LINJ_03_0460,5671.A4IAJ0,5671.E9AG37,0.364
529,LINJ_34_4020,LINJ_24_0130,5671.A4IAJ0,5671.E9AH25,0.364
530,LINJ_34_4140,LINJ_36_1420,5671.A4IAK2,5671.A4ICJ9,0.353
531,LINJ_34_4140,LINJ_27_0620,5671.A4IAK2,5671.E9AHE8,0.493
532,LinJ_35_5440,PGKB,5671.A4IAQ0,5671.E9AGU0,0.263
533,LINJ_35_0030,PGKB,5671.A4IAQ4,5671.E9AGU0,0.263
535,LINJ_35_1020,LINJ_27_2570,5671.A4IAZ7,5671.E9AHC6,0.062
536,LINJ_35_1020,LINJ_35_4060,5671.A4IAZ7,5671.A4IBT9,0.116
537,LINJ_35_1020,LINJ_35_4010,5671.A4IAZ7,5671.A4IBT4,0.116
538,LINJ_35_1020,MKK5,5671.A4IAZ7,5671.A4ICP8,0.071
539,LINJ_35_1230,LINJ_36_5410,5671.A4IB16,5671.A4IDU0,0.285
540,LINJ_35_2710,LINJ_24_0260,5671.A4IBD4,5671.E9AH38,0.367
541,LINJ_35_3880,LINJ_24_1790,5671.A4IBS2,5671.E9AH79,0.478
542,LINJ_35_3880,LINJ_36_1420,5671.A4IBS2,5671.A4ICJ9,0.364
543,LINJ_35_3920,LINJ_24_1780,5671.A4IBS6,5671.E9AH78,0.689
544,LINJ_35_3930,LINJ_24_0130,5671.A4IBS7,5671.E9AH25,0.233
547,LINJ_36_1420,LINJ_24_0130,5671.A4ICJ9,5671.E9AH25,0.136
548,LINJ_36_0970,LINJ_36_5610,5671.A4ICP3,5671.A4IDV1,0.211
549,LINJ_36_0970,LINJ_36_2310,5671.A4ICP3,5671.A4IDJ2,0.211
550,LINJ_36_0970,MKK5,5671.A4ICP3,5671.A4ICP8,0.137
551,LINJ_36_0970,LINJ_24_0130,5671.A4ICP3,5671.E9AH25,0.144
552,LINJ_36_0970,LINJ_08_1250,5671.A4ICP3,5671.E9AG93,0.521
553,MKK5,LINJ_36_5610,5671.A4ICP8,5671.A4IDV1,0.13
554,MKK5,LINJ_27_2570,5671.A4ICP8,5671.E9AHC6,0.246
556,LINJ_36_2310,LINJ.12.0671,5671.A4IDJ2,5671.E9AGG9,0.19
558,LINJ_03_0460,LINJ_24_0260,5671.E9AG37,5671.E9AH38,0.367
559,RAB7,LINJ_27_0620,5671.E9AGQ4,5671.E9AHE8,0.366
560,LINJ_22_0920,LINJ_27_2570,5671.E9AGZ4,5671.E9AHC6,0.11
561,LINJ_22_0920,LINJ_24_1790,5671.E9AGZ4,5671.E9AH79,0.137
562,LINJ_24_0130,LINJ_24_0260,5671.E9AH25,5671.E9AH38,0.367
563,LINJ_24_0130,LINJ_27_2570,5671.E9AH25,5671.E9AHC6,0.474
564,LINJ_24_0130,LINJ_24_1790,5671.E9AH25,5671.E9AH79,0.463
567,LINJ_24_1790,LINJ_27_2570,5671.E9AH79,5671.E9AHC6,0.296
