,node_1,node_2,id1,id2,automated_textmining
0,LINJ_02_0680,LINJ_36_2310,5671.A0A381MP32,5671.A4IDJ2,0.427
1,LINJ_02_0680,LINJ_36_2140,5671.A0A381MP32,5671.A4IDH5,0.122
2,LINJ_01_0050,LINJ_34_0160,5671.A4HRC6,5671.A4I9I4,0.116
3,LINJ_01_0050,mMDH,5671.A4HRC6,5671.A4I9I5,0.116
4,LINJ_01_0050,LINJ_08_0540,5671.A4HRC6,5671.A4HTK1,0.58
5,LINJ_01_0050,LINJ_34_0030,5671.A4HRC6,5671.A4I9H1,0.58
6,LINJ_01_0050,ALDH2,5671.A4HRC6,5671.A4I1F4,0.171
7,LINJ_01_0050,LINJ_23_0880,5671.A4HRC6,5671.A4I0C2,0.223
8,LINJ_01_0520,LINJ_19_0970,5671.A4HRH3,5671.A4HYB7,0.072
9,LINJ_01_0520,LINJ_19_0950,5671.A4HRH3,5671.A4HYA8,0.072
13,LINJ_02_0260,LINJ_20_0970,5671.A4HRM6,5671.A4HYT8,0.051
14,LINJ_04_0010,LINJ_33_2210,5671.A4HRZ6,5671.A4I980,0.105
15,LINJ_04_0010,LINJ_17_0660,5671.A4HRZ6,5671.A4HXD4,0.101
16,LINJ_04_0010,LINJ_33_1060,5671.A4HRZ6,5671.A4I8W5,0.101
17,LINJ_04_0070,LINJ_34_3220,5671.A4HS02,5671.Q9GPZ9,0.213
18,LINJ_04_1120,LINJ_33_2210,5671.A4HSA9,5671.A4I980,0.105
19,LINJ_04_1230,LINJ_26_0050,5671.A4HSC0,5671.A4I1U3,0.078
20,LINJ_04_1230,MPK12,5671.A4HSC0,5671.A4I564,0.045
21,LINJ_04_1230,LINJ_34_0030,5671.A4HSC0,5671.A4I9H1,0.192
22,LINJ_04_1230,LINJ_27_2570,5671.A4HSC0,5671.E9AHC6,0.067
23,LINJ_04_1230,LINJ_17_0770,5671.A4HSC0,5671.A4HXE5,0.272
24,LINJ_04_1230,LINJ_22_0370,5671.A4HSC0,5671.A4HZS7,0.128
25,LINJ_04_1230,LINJ_35_4060,5671.A4HSC0,5671.A4IBT9,0.5
26,LINJ_04_1230,LINJ_35_4010,5671.A4HSC0,5671.A4IBT4,0.5
28,LINJ_05_0130,LINJ_22_0370,5671.A4HSE2,5671.A4HZS7,0.055
31,LINJ_05_0130,LINJ_20_1370,5671.A4HSE2,5671.A4HYX6,0.046
32,LINJ_05_0130,LINJ_34_0030,5671.A4HSE2,5671.A4I9H1,0.106
33,LINJ_05_0220,MPK12,5671.A4HSF4,5671.A4I564,0.058
34,LINJ_05_0220,LINJ_13_1380,5671.A4HSF4,5671.A4HVU2,0.058
35,LINJ_05_0220,LINJ_34_0030,5671.A4HSF4,5671.A4I9H1,0.063
36,LINJ_05_0220,LINJ_08_0540,5671.A4HSF4,5671.A4HTK1,0.063
37,LINJ_05_0390,LINJ_34_0030,5671.A4HSG1,5671.A4I9H1,0.05
38,LINJ_05_0390,MKK5,5671.A4HSG1,5671.A4ICP8,0.058
39,LINJ_05_0390,LINJ_24_2410,5671.A4HSG1,5671.A4I140,0.058
40,LINJ_05_0640,LINJ_24_0260,5671.A4HSI6,5671.E9AH38,0.048
41,LINJ_05_0640,LINJ_13_1630,5671.A4HSI6,5671.A4HVT6,0.048
42,LINJ_05_0640,LINJ_08_0540,5671.A4HSI6,5671.A4HTK1,0.075
43,LINJ_05_0640,LINJ_34_0030,5671.A4HSI6,5671.A4I9H1,0.075
44,PDI-1,LACK1,5671.A4HSZ7,5671.P62884,0.318
45,PDI-1,LINJ_29_0860,5671.A4HSZ7,5671.A4I4D6,0.098
46,PDI-1,LINJ_36_5410,5671.A4HSZ7,5671.A4IDU0,0.481
47,PDI-1,LINJ_08_0540,5671.A4HSZ7,5671.A4HTK1,0.217
48,PDI-1,LINJ_34_0030,5671.A4HSZ7,5671.A4I9H1,0.217
49,LINJ_07_0440,LINJ_32_1150,5671.A4HT46,5671.A4I7S6,0.204
50,LINJ_07_0440,LINJ_34_3790,5671.A4HT46,5671.A4IAG7,0.204
51,LINJ_07_0610,LINJ_34_4140,5671.A4HT72,5671.A4IAK2,0.071
53,LINJ_07_0610,LINJ_24_0260,5671.A4HT72,5671.E9AH38,0.059
54,LINJ_07_0610,LINJ_13_1630,5671.A4HT72,5671.A4HVT6,0.059
55,LINJ_07_0610,LINJ_20_1370,5671.A4HT72,5671.A4HYX6,0.072
56,LINJ_07_0610,LINJ_08_1250,5671.A4HT72,5671.E9AG93,0.072
57,LINJ_07_0610,RAB7,5671.A4HT72,5671.E9AGQ4,0.058
58,LINJ_07_0610,LINJ_24_0130,5671.A4HT72,5671.E9AH25,0.062
59,LINJ_07_0610,LINJ_08_0540,5671.A4HT72,5671.A4HTK1,0.126
60,LINJ_07_0610,LINJ_34_0030,5671.A4HT72,5671.A4I9H1,0.126
61,LINJ_08_0540,LINJ_30_0420,5671.A4HTK1,5671.A4I569,0.057
62,LINJ_08_0540,LINJ_18_0470,5671.A4HTK1,5671.A4HXS2,0.057
63,LINJ_08_0540,LINJ_22_0920,5671.A4HTK1,5671.E9AGZ4,0.085
64,LINJ_08_0540,LINJ_24_1790,5671.A4HTK1,5671.E9AH79,0.091
65,LINJ_08_0540,LINJ_06_1220,5671.A4HTK1,5671.E9AG71,0.243
66,LINJ_08_0540,LINJ_34_1950,5671.A4HTK1,5671.A4I9Z1,0.067
67,LINJ_08_0540,LINJ_27_2130,5671.A4HTK1,5671.A4I317,0.067
68,LINJ_08_0540,LINJ_21_0760,5671.A4HTK1,5671.A4HZ69,0.067
69,LINJ_08_0540,LINJ_08_0670,5671.A4HTK1,5671.A4HTL4,0.202
70,LINJ_08_0540,LINJ_31_1870,5671.A4HTK1,5671.A4I6V7,0.202
71,LINJ_08_0540,LINJ_10_0880,5671.A4HTK1,5671.A4HUJ5,0.202
72,LINJ_08_0540,LINJ_11_0700,5671.A4HTK1,5671.A4HUX9,0.075
73,LINJ_08_0540,LINJ_28_1800,5671.A4HTK1,5671.A4I3P6,0.21
74,LINJ_08_0540,LINJ_25_2450,5671.A4HTK1,5671.A4I1T4,0.21
75,LINJ_08_0540,LINJ_30_0850,5671.A4HTK1,5671.A4I5B1,0.431
76,LINJ_08_0540,LINJ_22_0370,5671.A4HTK1,5671.A4HZS7,0.262
77,LINJ_08_0540,LINJ_35_4060,5671.A4HTK1,5671.A4IBT9,0.503
78,LINJ_08_0540,LINJ_35_4010,5671.A4HTK1,5671.A4IBT4,0.503
79,LINJ_08_0540,LINJ_21_1470,5671.A4HTK1,5671.A4HZC0,0.444
80,LINJ_08_0540,LINJ_03_0460,5671.A4HTK1,5671.E9AG37,0.214
81,LINJ_08_0540,LINJ_28_0720,5671.A4HTK1,5671.A4I3E2,0.214
82,LINJ_08_0540,LINJ_24_0130,5671.A4HTK1,5671.E9AH25,0.249
83,LINJ_08_0540,LINJ_29_0860,5671.A4HTK1,5671.A4I4D6,0.071
84,LINJ_08_0540,LINJ_36_0970,5671.A4HTK1,5671.A4ICP3,0.473
85,LINJ_08_0540,LINJ_34_3340,5671.A4HTK1,5671.A4IAC2,0.075
86,LINJ_08_0540,LINJ_35_2710,5671.A4HTK1,5671.A4IBD4,0.075
87,LINJ_08_0540,LINJ_29_1190,5671.A4HTK1,5671.A4I4G8,0.075
88,LINJ_08_0540,LINJ_31_1880,5671.A4HTK1,5671.A4I6V8,0.556
89,LINJ_08_0540,CYCA,5671.A4HTK1,5671.A4I1J3,0.562
90,LINJ_08_0540,CYC3,5671.A4HTK1,5671.A4I503,0.562
91,LINJ_08_0540,LINJ_31_0890,5671.A4HTK1,5671.A4I6I0,0.217
92,LINJ_08_0540,LINJ_32_1930,5671.A4HTK1,5671.A4I7Z9,0.217
93,LINJ_08_0540,LINJ_15_0810,5671.A4HTK1,5671.A4HWH3,0.265
94,LINJ_08_0540,LINJ_34_0030,5671.A4HTK1,5671.A4I9H1,0.615
95,LINJ_08_0670,LINJ_24_0130,5671.A4HTL4,5671.E9AH25,0.063
97,LINJ_08_0670,LINJ_36_2310,5671.A4HTL4,5671.A4IDJ2,0.059
98,LINJ_08_0670,LINJ_36_5610,5671.A4HTL4,5671.A4IDV1,0.059
99,LINJ_08_0670,LINJ_34_0030,5671.A4HTL4,5671.A4I9H1,0.202
100,LINJ_08_0670,LINJ_20_1370,5671.A4HTL4,5671.A4HYX6,0.059
101,LINJ_08_0670,LINJ_08_1250,5671.A4HTL4,5671.E9AG93,0.059
102,LINJ_08_0950,LINJ_24_1510,5671.A4HTP0,5671.A4I5H8,0.455
103,LINJ_08_0950,LINJ_29_0860,5671.A4HTP0,5671.A4I4D6,0.383
104,LINJ_08_0950,MPK12,5671.A4HTP0,5671.A4I564,0.056
112,LINJ_10_0880,LINJ_24_0130,5671.A4HUJ5,5671.E9AH25,0.063
113,LINJ_10_0880,LINJ_36_2310,5671.A4HUJ5,5671.A4IDJ2,0.059
114,LINJ_10_0880,LINJ_36_5610,5671.A4HUJ5,5671.A4IDV1,0.059
115,LINJ_10_0880,LINJ_34_0030,5671.A4HUJ5,5671.A4I9H1,0.202
117,LINJ_11_0700,LINJ_34_0030,5671.A4HUX9,5671.A4I9H1,0.075
119,LINJ_11_0700,LINJ_24_0260,5671.A4HUX9,5671.E9AH38,0.048
120,LINJ_11_0700,LINJ_13_1630,5671.A4HUX9,5671.A4HVT6,0.048
123,LINJ_11_0910,LINJ_35_3880,5671.A4HV00,5671.A4IBS2,0.102
124,LINJ_11_0910,LINJ_24_0130,5671.A4HV00,5671.E9AH25,0.071
125,LINJ.12.0016,LINJ_22_0920,5671.A4HV57,5671.E9AGZ4,0.047
126,LINJ.12.0016,LINJ_18_0470,5671.A4HV57,5671.A4HXS2,0.056
127,LINJ.12.0016,LINJ_17_0770,5671.A4HV57,5671.A4HXE5,0.071
128,LINJ.12.0016,LINJ_26_0050,5671.A4HV57,5671.A4I1U3,0.074
129,LINJ.12.0016,LINJ_24_0130,5671.A4HV57,5671.E9AH25,0.071
130,LINJ.12.0016,CYCA,5671.A4HV57,5671.A4I1J3,0.077
131,LINJ.12.0016,CYC3,5671.A4HV57,5671.A4I503,0.077
132,LINJ.12.0016,LINJ_30_0420,5671.A4HV57,5671.A4I569,0.056
133,LINJ.12.0016,LINJ_24_1790,5671.A4HV57,5671.E9AH79,0.097
134,LINJ_13_0610,LINJ_36_5410,5671.A4HVK0,5671.A4IDU0,0.072
135,LINJ_13_0610,ALDH2,5671.A4HVK0,5671.A4I1F4,0.099
136,LINJ_13_0610,LINJ_23_0880,5671.A4HVK0,5671.A4I0C2,0.107
137,LINJ_13_1630,LINJ_13_1380,5671.A4HVT6,5671.A4HVU2,0.071
138,LINJ_13_1630,MPK12,5671.A4HVT6,5671.A4I564,0.071
139,LINJ_13_1630,LINJ_31_0890,5671.A4HVT6,5671.A4I6I0,0.059
140,LINJ_13_1630,LINJ_32_1930,5671.A4HVT6,5671.A4I7Z9,0.059
141,LINJ_13_1630,LINJ_28_0720,5671.A4HVT6,5671.A4I3E2,0.048
142,LINJ_13_1630,LINJ_34_3340,5671.A4HVT6,5671.A4IAC2,0.048
143,LINJ_13_1630,LINJ_35_2710,5671.A4HVT6,5671.A4IBD4,0.048
144,LINJ_13_1630,LINJ_29_1190,5671.A4HVT6,5671.A4I4G8,0.048
145,LINJ_13_1630,LINJ_03_0460,5671.A4HVT6,5671.E9AG37,0.048
146,LINJ_13_1630,LINJ_24_0130,5671.A4HVT6,5671.E9AH25,0.095
147,LINJ_13_1380,LINJ_24_0260,5671.A4HVU2,5671.E9AH38,0.071
148,LINJ_13_1380,LINJ_24_2410,5671.A4HVU2,5671.A4I140,0.071
149,LINJ_13_1380,LINJ_30_0850,5671.A4HVU2,5671.A4I5B1,0.1
150,LINJ_13_1380,LINJ_36_2310,5671.A4HVU2,5671.A4IDJ2,0.078
151,LINJ_13_1380,LINJ_20_1370,5671.A4HVU2,5671.A4HYX6,0.068
152,LINJ_13_1380,MKK5,5671.A4HVU2,5671.A4ICP8,0.071
153,LINJ_13_1380,LINJ_36_5610,5671.A4HVU2,5671.A4IDV1,0.108
154,LINJ_14_1140,LINJ_06_1220,5671.A4HW49,5671.E9AG71,0.049
155,LINJ_14_1380,LINJ_06_1220,5671.A4HW76,5671.E9AG71,0.047
156,LINJ_14_1380,LINJ_24_2410,5671.A4HW76,5671.A4I140,0.058
157,LINJ_14_1380,MKK5,5671.A4HW76,5671.A4ICP8,0.058
158,LINJ_14_1380,LINJ_34_0030,5671.A4HW76,5671.A4I9H1,0.05
159,LINJ_15_0810,LINJ_34_0030,5671.A4HWH3,5671.A4I9H1,0.265
160,LINJ_15_0990,LINJ_24_0130,5671.A4HWJ1,5671.E9AH25,0.081
163,LINJ_16_0870,LINJ_20_0970,5671.A4HWY3,5671.A4HYT8,0.051
164,LINJ_17_0660,LINJ_33_2210,5671.A4HXD4,5671.A4I980,0.105
165,LINJ_17_0770,LINJ_06_1220,5671.A4HXE5,5671.E9AG71,0.056
166,LINJ_17_0770,LINJ_32_1930,5671.A4HXE5,5671.A4I7Z9,0.06
167,LINJ_17_0770,LINJ_31_0890,5671.A4HXE5,5671.A4I6I0,0.06
168,LINJ_17_0770,LINJ_19_1510,5671.A4HXE5,5671.A4HYH7,0.176
169,LINJ_17_0770,LINJ_32_0690,5671.A4HXE5,5671.A4I7L6,0.213
170,LINJ_17_0770,LINJ_18_0470,5671.A4HXE5,5671.A4HXS2,0.072
171,LINJ_17_0770,LINJ_34_2160,5671.A4HXE5,5671.A4IA04,0.318
172,LINJ_17_0770,LINJ_29_2260,5671.A4HXE5,5671.A4I4S4,0.071
173,LINJ_17_0770,LINJ_21_0280,5671.A4HXE5,5671.A4HZA9,0.491
174,LINJ_17_0770,LINJ_35_3930,5671.A4HXE5,5671.A4IBS7,0.491
175,LINJ_17_0770,LINJ_27_2570,5671.A4HXE5,5671.E9AHC6,0.071
176,LINJ_17_0770,LINJ_30_0420,5671.A4HXE5,5671.A4I569,0.318
177,LINJ_17_0770,CYC3,5671.A4HXE5,5671.A4I503,0.156
178,LINJ_17_0770,CYCA,5671.A4HXE5,5671.A4I1J3,0.156
179,LINJ_17_0770,LINJ_35_1020,5671.A4HXE5,5671.A4IAZ7,0.546
180,LINJ_17_0770,LINJ_24_0130,5671.A4HXE5,5671.E9AH25,0.099
181,LINJ_17_0770,LINJ_24_1790,5671.A4HXE5,5671.E9AH79,0.173
182,LINJ_17_1560,LINJ_24_0130,5671.A4HXM2,5671.E9AH25,0.099
184,LINJ_18_0470,LINJ_34_0030,5671.A4HXS2,5671.A4I9H1,0.057
185,LINJ_18_0470,LINJ_21_0460,5671.A4HXS2,5671.A4HZ39,0.098
186,LINJ_18_0470,LINJ_27_2570,5671.A4HXS2,5671.E9AHC6,0.056
187,LINJ_18_0470,LINJ_29_2260,5671.A4HXS2,5671.A4I4S4,0.056
188,LINJ_18_0470,CYCA,5671.A4HXS2,5671.A4I1J3,0.071
189,LINJ_18_0470,CYC3,5671.A4HXS2,5671.A4I503,0.071
190,LINJ_18_0470,LINJ_24_0130,5671.A4HXS2,5671.E9AH25,0.074
191,LINJ_18_0470,LINJ_26_0050,5671.A4HXS2,5671.A4I1U3,0.071
192,LINJ_19_0950,LINJ_36_5410,5671.A4HYA8,5671.A4IDU0,0.089
193,LINJ_19_0950,LINJ_34_3110,5671.A4HYA8,5671.A4IAA0,0.081
194,LINJ_19_0950,ALDH2,5671.A4HYA8,5671.A4I1F4,0.206
195,LINJ_19_0950,LINJ_23_0880,5671.A4HYA8,5671.A4I0C2,0.13
196,LINJ_19_0950,LINJ_28_2190,5671.A4HYA8,5671.A4I3T3,0.22
197,LINJ_19_0970,LINJ_36_5410,5671.A4HYB7,5671.A4IDU0,0.089
198,LINJ_19_0970,LINJ_34_3110,5671.A4HYB7,5671.A4IAA0,0.081
199,LINJ_19_0970,ALDH2,5671.A4HYB7,5671.A4I1F4,0.206
200,LINJ_19_0970,LINJ_23_0880,5671.A4HYB7,5671.A4I0C2,0.13
201,LINJ_19_0970,LINJ_28_2190,5671.A4HYB7,5671.A4I3T3,0.22
202,LINJ_19_1640,LINJ_28_1800,5671.A4HYJ0,5671.A4I3P6,0.041
203,LINJ_19_1640,LINJ_25_2450,5671.A4HYJ0,5671.A4I1T4,0.041
204,LINJ_20_0970,LINJ_36_2420,5671.A4HYT8,5671.A4IDK3,0.05
205,LINJ_20_0970,LINJ_21_1000,5671.A4HYT8,5671.A4HZ85,0.051
206,LINJ_20_0970,LINJ_32_0270,5671.A4HYT8,5671.A4I7J0,0.051
207,LINJ_20_0970,LINJ_33_2100,5671.A4HYT8,5671.A4I960,0.051
208,LINJ_20_0970,LINJ_31_3300,5671.A4HYT8,5671.A4I7C4,0.051
209,LINJ_20_0970,LINJ_29_2680,5671.A4HYT8,5671.A4I4X0,0.051
210,LINJ_20_0970,LINJ_36_1590,5671.A4HYT8,5671.A4IDC2,0.051
211,LINJ_20_0970,BT1-2,5671.A4HYT8,5671.A4IC37,0.051
212,LINJ_20_0970,LINJ_31_3070,5671.A4HYT8,5671.A4I7A1,0.051
213,LINJ_20_0970,LINJ_26_2600,5671.A4HYT8,5671.A4I2H8,0.051
214,LINJ_20_0970,LINJ_36_6600,5671.A4HYT8,5671.A4IC88,0.049
215,LINJ_20_0970,LINJ_35_5080,5671.A4HYT8,5671.A4IC65,0.049
216,LINJ_20_1370,LINJ_32_1930,5671.A4HYX6,5671.A4I7Z9,0.072
217,LINJ_20_1370,LINJ_31_0890,5671.A4HYX6,5671.A4I6I0,0.072
219,LINJ_20_1370,LINJ_25_2450,5671.A4HYX6,5671.A4I1T4,0.071
221,LINJ_20_1370,LINJ_24_0220,5671.A4HYX6,5671.E9AH34,0.057
223,LINJ_20_1370,LINJ_31_1870,5671.A4HYX6,5671.A4I6V7,0.059
224,LINJ_20_1370,LINJ_24_2410,5671.A4HYX6,5671.A4I140,0.074
225,LINJ_20_1370,LINJ_34_0030,5671.A4HYX6,5671.A4I9H1,0.067
226,LINJ_20_1370,LINJ_22_0370,5671.A4HYX6,5671.A4HZS7,0.059
227,LINJ_20_1370,LINJ_30_0620,5671.A4HYX6,5671.A4I588,0.058
228,LINJ_20_1370,LINJ_36_0970,5671.A4HYX6,5671.A4ICP3,0.131
229,LINJ_20_1370,MPK12,5671.A4HYX6,5671.A4I564,0.068
230,LINJ_21_0460,LINJ_32_1150,5671.A4HZ39,5671.A4I7S6,0.408
231,LINJ_21_0460,LINJ_34_3790,5671.A4HZ39,5671.A4IAG7,0.408
232,LINJ_21_0460,LINJ_24_1790,5671.A4HZ39,5671.E9AH79,0.098
233,LINJ_21_0460,LINJ_30_0420,5671.A4HZ39,5671.A4I569,0.098
234,LINJ_21_0760,LINJ_34_0030,5671.A4HZ69,5671.A4I9H1,0.067
235,LINJ_21_0770,LINJ_36_0970,5671.A4HZ70,5671.A4ICP3,0.044
237,LINJ_21_0770,LACK1,5671.A4HZ70,5671.P62884,0.107
238,LINJ_21_0770,LINJ_21_0100,5671.A4HZ70,5671.A4HZL2,0.107
240,LINJ_21_0910,LINJ_35_0480,5671.A4HZ84,5671.A4IAU7,0.077
241,LINJ_21_0910,LINJ_29_2140,5671.A4HZ84,5671.A4I4Q9,0.077
242,LINJ_21_0910,LINJ_35_4110,5671.A4HZ84,5671.A4IBU4,0.077
243,LINJ_21_0910,LINJ_24_0220,5671.A4HZ84,5671.E9AH34,0.077
244,LINJ_21_0910,LINJ_36_0960,5671.A4HZ84,5671.A4ICP4,0.077
245,LINJ_21_0910,LINJ_32_1930,5671.A4HZ84,5671.A4I7Z9,0.069
246,LINJ_21_0910,LINJ_31_0890,5671.A4HZ84,5671.A4I6I0,0.069
247,LINJ_21_0910,TOR2,5671.A4HZ84,5671.A4IAK5,0.22
248,LINJ_21_0910,TOR3,5671.A4HZ84,5671.A4IAG3,0.22
249,LINJ_21_0910,LINJ_33_1500,5671.A4HZ84,5671.A4I913,0.398
250,LINJ_21_1410,LINJ_36_2310,5671.A4HZ93,5671.A4IDJ2,0.049
251,LINJ_21_0280,TOR3,5671.A4HZA9,5671.A4IAG3,0.381
252,LINJ_21_0280,LINJ_32_0690,5671.A4HZA9,5671.A4I7L6,0.051
253,LINJ_21_0280,LINJ_24_0130,5671.A4HZA9,5671.E9AH25,0.081
254,LINJ_21_1470,LINJ_34_3790,5671.A4HZC0,5671.A4IAG7,0.22
255,LINJ_21_1470,LINJ_32_1150,5671.A4HZC0,5671.A4I7S6,0.22
257,LINJ_21_1470,LINJ_32_1010,5671.A4HZC0,5671.A4I7R2,0.158
258,LINJ_21_1470,LINJ_34_0030,5671.A4HZC0,5671.A4I9H1,0.444
259,LINJ_21_0100,LINJ_24_1790,5671.A4HZL2,5671.E9AH79,0.043
264,LINJ_22_0370,LINJ_24_0130,5671.A4HZS7,5671.E9AH25,0.063
265,LINJ_22_0370,LINJ_36_2310,5671.A4HZS7,5671.A4IDJ2,0.059
266,LINJ_22_0370,LINJ_36_5610,5671.A4HZS7,5671.A4IDV1,0.067
268,LINJ_22_0370,LINJ_28_1800,5671.A4HZS7,5671.A4I3P6,0.057
269,LINJ_22_0370,LINJ_06_1220,5671.A4HZS7,5671.E9AG71,0.049
270,LINJ_22_0370,LINJ_24_2410,5671.A4HZS7,5671.A4I140,0.064
271,LINJ_22_0370,LINJ_35_3880,5671.A4HZS7,5671.A4IBS2,0.049
272,LINJ_22_0370,LINJ_35_4060,5671.A4HZS7,5671.A4IBT9,0.187
273,LINJ_22_0370,LINJ_35_4010,5671.A4HZS7,5671.A4IBT4,0.187
274,LINJ_22_0370,MKK5,5671.A4HZS7,5671.A4ICP8,0.064
275,LINJ_22_0370,LINJ_30_0850,5671.A4HZS7,5671.A4I5B1,0.072
276,LINJ_22_0370,LINJ_35_1020,5671.A4HZS7,5671.A4IAZ7,0.128
277,LINJ_22_0370,LINJ_25_2450,5671.A4HZS7,5671.A4I1T4,0.057
278,LINJ_22_0370,LINJ_27_1680,5671.A4HZS7,5671.A4I2Y4,0.128
279,LINJ_22_0370,LINJ_24_0220,5671.A4HZS7,5671.E9AH34,0.071
280,LINJ_22_0370,LINJ_34_0030,5671.A4HZS7,5671.A4I9H1,0.262
283,MRPA,MDR1,5671.A4I065,5671.A4I9R3,0.232
284,PTR1,LINJ_36_5410,5671.A4I067,5671.A4IDU0,0.059
285,PTR1,ALDH2,5671.A4I067,5671.A4I1F4,0.059
286,PTR1,LINJ_23_0880,5671.A4I067,5671.A4I0C2,0.201
287,PTR1,PRP1,5671.A4I067,5671.A4I6S0,0.415
288,PTR1,LINJ_28_2190,5671.A4I067,5671.A4I3T3,0.108
289,LINJ_23_0880,LINJ_23_1450,5671.A4I0C2,5671.A4I0H7,0.218
290,LINJ_23_0880,LINJ_29_1100,5671.A4I0C2,5671.A4I4G0,0.107
291,LINJ_23_0880,LINJ_23_1050,5671.A4I0C2,5671.A4I0D8,0.107
292,LINJ_23_0880,mMDH,5671.A4I0C2,5671.A4I9I5,0.157
293,LINJ_23_0880,LINJ_34_0160,5671.A4I0C2,5671.A4I9I4,0.157
294,LINJ_23_0880,LINJ_36_5410,5671.A4I0C2,5671.A4IDU0,0.171
295,LINJ_23_0880,ALDH2,5671.A4I0C2,5671.A4I1F4,0.395
296,LINJ_23_1050,LINJ_36_5410,5671.A4I0D8,5671.A4IDU0,0.072
297,LINJ_23_1050,ALDH2,5671.A4I0D8,5671.A4I1F4,0.099
298,LINJ_23_1450,LINJ_24_1410,5671.A4I0H7,5671.A4I0X6,0.224
299,LINJ_24_1410,LINJ_24_0130,5671.A4I0X6,5671.E9AH25,0.086
300,LINJ_24_1410,LINJ_31_0820,5671.A4I0X6,5671.A4I6H3,0.11
301,LINJ_24_2410,LINJ_36_5610,5671.A4I140,5671.A4IDV1,0.22
302,LINJ_24_2410,LINJ_36_0970,5671.A4I140,5671.A4ICP3,0.125
303,LINJ_24_2410,LINJ_30_0620,5671.A4I140,5671.A4I588,0.058
304,LINJ_24_2410,LINJ_27_2570,5671.A4I140,5671.E9AHC6,0.059
305,LINJ_24_2410,LINJ_25_2450,5671.A4I140,5671.A4I1T4,0.058
306,LINJ_24_2410,MPK12,5671.A4I140,5671.A4I564,0.071
307,ALDH2,LINJ_29_1100,5671.A4I1F4,5671.A4I4G0,0.099
308,ALDH2,LINJ_31_2980,5671.A4I1F4,5671.A4I792,0.22
309,ALDH2,PGFS,5671.A4I1F4,5671.A4I6Z4,0.22
310,ALDH2,LINJ_32_0470,5671.A4I1F4,5671.A4I7L0,0.22
311,ALDH2,LINJ_35_1230,5671.A4I1F4,5671.A4IB16,0.099
312,ALDH2,LINJ_28_2190,5671.A4I1F4,5671.A4I3T3,0.315
313,CYCA,LINJ_22_0920,5671.A4I1J3,5671.E9AGZ4,0.104
314,CYCA,LINJ_30_0420,5671.A4I1J3,5671.A4I569,0.071
315,CYCA,LINJ_26_0050,5671.A4I1J3,5671.A4I1U3,0.216
316,CYCA,LINJ_24_0130,5671.A4I1J3,5671.E9AH25,0.071
317,CYCA,LINJ_29_2260,5671.A4I1J3,5671.A4I4S4,0.077
318,CYCA,LINJ_27_2570,5671.A4I1J3,5671.E9AHC6,0.077
319,CYCA,LINJ_34_0030,5671.A4I1J3,5671.A4I9H1,0.562
320,CYCA,LINJ_24_1790,5671.A4I1J3,5671.E9AH79,0.157
328,LINJ_25_2110,LINJ_26_0050,5671.A4I1Q1,5671.A4I1U3,0.08
329,LINJ_25_2450,LINJ_24_0130,5671.A4I1T4,5671.E9AH25,0.079
330,LINJ_25_2450,LINJ_36_5610,5671.A4I1T4,5671.A4IDV1,0.059
331,LINJ_25_2450,LINJ_35_4110,5671.A4I1T4,5671.A4IBU4,0.049
332,LINJ_25_2450,LINJ_35_0480,5671.A4I1T4,5671.A4IAU7,0.049
333,LINJ_25_2450,LINJ_36_4950,5671.A4I1T4,5671.A4IDQ0,0.058
334,LINJ_25_2450,MKK5,5671.A4I1T4,5671.A4ICP8,0.058
335,LINJ_25_2450,LINJ_29_2140,5671.A4I1T4,5671.A4I4Q9,0.049
336,LINJ_25_2450,LINJ_36_0960,5671.A4I1T4,5671.A4ICP4,0.049
337,LINJ_25_2450,TOR2,5671.A4I1T4,5671.A4IAK5,0.074
338,LINJ_25_2450,TOR3,5671.A4I1T4,5671.A4IAG3,0.074
339,LINJ_25_2450,LINJ_24_0220,5671.A4I1T4,5671.E9AH34,0.049
340,LINJ_25_2450,LINJ_36_2310,5671.A4I1T4,5671.A4IDJ2,0.261
341,LINJ_25_2450,LINJ_34_0030,5671.A4I1T4,5671.A4I9H1,0.21
342,LINJ_25_2450,LINJ_31_1560,5671.A4I1T4,5671.A4I6T1,0.126
343,LINJ_25_2450,LINJ_30_0850,5671.A4I1T4,5671.A4I5B1,0.106
345,LINJ_26_0050,LINJ_34_1360,5671.A4I1U3,5671.A4I9T8,0.08
346,LINJ_26_0050,LINJ_35_3570,5671.A4I1U3,5671.A4IBP7,0.08
347,LINJ_26_0050,LINJ_26_0140,5671.A4I1U3,5671.A4I1V3,0.08
348,LINJ_26_0050,LINJ_36_7090,5671.A4I1U3,5671.A4ICB8,0.08
349,LINJ_26_0050,LINJ_34_3730,5671.A4I1U3,5671.A4IAG1,0.08
350,LINJ_26_0050,LINJ_30_0420,5671.A4I1U3,5671.A4I569,0.071
351,LINJ_26_0050,LINJ_24_1790,5671.A4I1U3,5671.E9AH79,0.087
352,LINJ_26_0050,LINJ_32_0690,5671.A4I1U3,5671.A4I7L6,0.046
353,LINJ_26_0050,LINJ_34_2160,5671.A4I1U3,5671.A4IA04,0.046
354,LINJ_26_0050,CYC3,5671.A4I1U3,5671.A4I503,0.216
355,LINJ_26_0050,LINJ_29_2260,5671.A4I1U3,5671.A4I4S4,0.074
356,LINJ_26_0050,LINJ_27_2570,5671.A4I1U3,5671.E9AHC6,0.074
358,LINJ_26_2600,LINJ_34_0030,5671.A4I2H8,5671.A4I9H1,0.044
362,LINJ_27_1680,LINJ_27_2570,5671.A4I2Y4,5671.E9AHC6,0.067
363,LINJ_27_1680,LINJ_34_0030,5671.A4I2Y4,5671.A4I9H1,0.192
364,LINJ_27_2130,LINJ_34_0030,5671.A4I317,5671.A4I9H1,0.067
365,LINJ_28_0720,LINJ_34_4020,5671.A4I3E2,5671.A4IAJ0,0.049
366,LINJ_28_0720,LINJ_24_0260,5671.A4I3E2,5671.E9AH38,0.048
367,LINJ_28_0720,LINJ_35_2710,5671.A4I3E2,5671.A4IBD4,0.047
368,LINJ_28_0720,LINJ_24_0130,5671.A4I3E2,5671.E9AH25,0.041
369,LINJ_28_0720,LINJ_29_1190,5671.A4I3E2,5671.A4I4G8,0.047
370,LINJ_28_0720,LINJ_34_3340,5671.A4I3E2,5671.A4IAC2,0.047
371,LINJ_28_0720,LINJ_34_0030,5671.A4I3E2,5671.A4I9H1,0.214
372,LINJ_28_1800,LINJ_24_0130,5671.A4I3P6,5671.E9AH25,0.079
373,LINJ_28_1800,LINJ_36_5610,5671.A4I3P6,5671.A4IDV1,0.059
374,LINJ_28_1800,LINJ_35_4110,5671.A4I3P6,5671.A4IBU4,0.049
375,LINJ_28_1800,LINJ_24_0220,5671.A4I3P6,5671.E9AH34,0.049
376,LINJ_28_1800,LINJ_35_0480,5671.A4I3P6,5671.A4IAU7,0.049
377,LINJ_28_1800,LINJ_29_2140,5671.A4I3P6,5671.A4I4Q9,0.049
378,LINJ_28_1800,LINJ_36_0960,5671.A4I3P6,5671.A4ICP4,0.049
379,LINJ_28_1800,LINJ_36_4950,5671.A4I3P6,5671.A4IDQ0,0.058
380,LINJ_28_1800,LINJ_34_0030,5671.A4I3P6,5671.A4I9H1,0.21
381,LINJ_28_1800,TOR2,5671.A4I3P6,5671.A4IAK5,0.074
382,LINJ_28_1800,TOR3,5671.A4I3P6,5671.A4IAG3,0.074
383,LINJ_28_1800,LINJ_36_2310,5671.A4I3P6,5671.A4IDJ2,0.261
384,LINJ_28_1800,LINJ_31_1560,5671.A4I3P6,5671.A4I6T1,0.126
385,LINJ_28_1800,LINJ_30_0850,5671.A4I3P6,5671.A4I5B1,0.106
386,LINJ_28_2190,LINJ_36_5410,5671.A4I3T3,5671.A4IDU0,0.22
387,LINJ_28_2190,LINJ_35_1230,5671.A4I3T3,5671.A4IB16,0.108
388,LINJ_28_2190,LINJ_34_3110,5671.A4I3T3,5671.A4IAA0,0.201
389,LINJ_29_0860,LINJ_24_1510,5671.A4I4D6,5671.A4I5H8,0.486
390,LINJ_29_0860,LINJ_34_0030,5671.A4I4D6,5671.A4I9H1,0.071
391,LINJ_29_1100,LINJ_36_5410,5671.A4I4G0,5671.A4IDU0,0.072
394,LINJ_29_1190,LINJ_24_0260,5671.A4I4G8,5671.E9AH38,0.048
395,LINJ_29_1190,LINJ_24_0130,5671.A4I4G8,5671.E9AH25,0.051
396,LINJ_29_1190,LINJ_34_0030,5671.A4I4G8,5671.A4I9H1,0.075
397,LINJ_29_1360,LINJ_36_2140,5671.A4I4I4,5671.A4IDH5,0.122
398,LINJ_29_1440,LINJ_32_1010,5671.A4I4J0,5671.A4I7R2,0.046
399,LINJ_29_1440,LINJ_30_0850,5671.A4I4J0,5671.A4I5B1,0.075
400,LINJ_29_1460,LINJ_32_1010,5671.A4I4J5,5671.A4I7R2,0.046
401,LINJ_29_1460,LINJ_30_0850,5671.A4I4J5,5671.A4I5B1,0.075
402,LINJ_29_1480,LINJ_32_1010,5671.A4I4J7,5671.A4I7R2,0.046
403,LINJ_29_1480,LINJ_30_0850,5671.A4I4J7,5671.A4I5B1,0.075
404,LINJ_29_2140,LINJ_32_0690,5671.A4I4Q9,5671.A4I7L6,0.05
405,LINJ_29_2140,LINJ_34_2160,5671.A4I4Q9,5671.A4IA04,0.05
406,LINJ_29_2140,LINJ_34_0030,5671.A4I4Q9,5671.A4I9H1,0.187
407,LINJ_29_2250,LINJ_34_3110,5671.A4I4S3,5671.A4IAA0,0.767
408,LINJ_29_2260,LINJ_22_0920,5671.A4I4S4,5671.E9AGZ4,0.047
409,LINJ_29_2260,LINJ_24_0130,5671.A4I4S4,5671.E9AH25,0.071
410,LINJ_29_2260,CYC3,5671.A4I4S4,5671.A4I503,0.077
411,LINJ_29_2260,LINJ_30_0420,5671.A4I4S4,5671.A4I569,0.056
412,LINJ_29_2260,LINJ_24_1790,5671.A4I4S4,5671.E9AH79,0.097
413,CYC3,LINJ_22_0920,5671.A4I503,5671.E9AGZ4,0.104
414,CYC3,LINJ_30_0420,5671.A4I503,5671.A4I569,0.071
415,CYC3,LINJ_24_0130,5671.A4I503,5671.E9AH25,0.071
416,CYC3,LINJ_27_2570,5671.A4I503,5671.E9AHC6,0.077
417,CYC3,LINJ_34_0030,5671.A4I503,5671.A4I9H1,0.562
418,CYC3,LINJ_24_1790,5671.A4I503,5671.E9AH79,0.157
419,MPK12,LINJ_24_0260,5671.A4I564,5671.E9AH38,0.071
420,MPK12,LINJ_34_0030,5671.A4I564,5671.A4I9H1,0.059
421,MPK12,LINJ_36_2310,5671.A4I564,5671.A4IDJ2,0.078
422,MPK12,LINJ_30_0850,5671.A4I564,5671.A4I5B1,0.1
423,MPK12,MKK5,5671.A4I564,5671.A4ICP8,0.071
424,MPK12,LINJ_36_5610,5671.A4I564,5671.A4IDV1,0.108
425,MPK12,TOR2,5671.A4I564,5671.A4IAK5,0.572
426,MPK12,TOR3,5671.A4I564,5671.A4IAG3,0.583
427,LINJ_30_0420,LINJ_34_0030,5671.A4I569,5671.A4I9H1,0.057
428,LINJ_30_0420,LINJ_33_1500,5671.A4I569,5671.A4I913,0.046
429,LINJ_30_0420,LINJ_35_4740,5671.A4I569,5671.A4IC06,0.047
430,LINJ_30_0420,LINJ_31_0820,5671.A4I569,5671.A4I6H3,0.16
431,LINJ_30_0420,LINJ_27_2570,5671.A4I569,5671.E9AHC6,0.056
432,LINJ_30_0420,LINJ_24_0130,5671.A4I569,5671.E9AH25,0.074
433,LINJ_30_0420,LACK1,5671.A4I569,5671.P62884,0.356
434,LINJ_30_0620,LINJ_06_1220,5671.A4I588,5671.E9AG71,0.047
435,LINJ_30_0620,MKK5,5671.A4I588,5671.A4ICP8,0.058
436,LINJ_30_0620,LINJ_34_0030,5671.A4I588,5671.A4I9H1,0.05
437,LINJ_30_0850,LINJ_06_1220,5671.A4I5B1,5671.E9AG71,0.095
438,LINJ_30_0850,LINJ_34_0030,5671.A4I5B1,5671.A4I9H1,0.431
439,LINJ_30_0850,TOR3,5671.A4I5B1,5671.A4IAG3,0.22
440,LINJ_30_0850,TOR2,5671.A4I5B1,5671.A4IAK5,0.22
441,LINJ_30_0850,LINJ_31_1560,5671.A4I5B1,5671.A4I6T1,0.164
442,LINJ_31_0890,LINJ_34_4140,5671.A4I6I0,5671.A4IAK2,0.071
443,LINJ_31_0890,LINJ_24_0260,5671.A4I6I0,5671.E9AH38,0.059
444,LINJ_31_0890,LINJ_33_1940,5671.A4I6I0,5671.A4I946,0.047
445,LINJ_31_0890,LINJ_27_0620,5671.A4I6I0,5671.E9AHE8,0.047
446,LINJ_31_0890,LINJ_08_1250,5671.A4I6I0,5671.E9AG93,0.072
447,LINJ_31_0890,RAB7,5671.A4I6I0,5671.E9AGQ4,0.058
448,LINJ_31_0890,LINJ_24_0130,5671.A4I6I0,5671.E9AH25,0.062
449,LINJ_31_0890,LINJ_34_0030,5671.A4I6I0,5671.A4I9H1,0.217
450,ABCC5,MDR1,5671.A4I6Q4,5671.A4I9R3,0.235
451,PRP1,MDR1,5671.A4I6S0,5671.A4I9R3,0.233
452,LINJ_31_1870,LINJ_24_0130,5671.A4I6V7,5671.E9AH25,0.063
454,LINJ_31_1870,LINJ_36_2310,5671.A4I6V7,5671.A4IDJ2,0.059
455,LINJ_31_1870,LINJ_36_5610,5671.A4I6V7,5671.A4IDV1,0.059
456,LINJ_31_1870,LINJ_34_0030,5671.A4I6V7,5671.A4I9H1,0.202
457,LINJ_31_1870,LINJ_08_1250,5671.A4I6V7,5671.E9AG93,0.059
458,LINJ_31_1880,LINJ_36_5610,5671.A4I6V8,5671.A4IDV1,0.064
459,LINJ_31_1880,LINJ_36_2310,5671.A4I6V8,5671.A4IDJ2,0.059
460,LINJ_31_1880,LINJ_24_0130,5671.A4I6V8,5671.E9AH25,0.125
461,LINJ_31_1880,LINJ_36_0970,5671.A4I6V8,5671.A4ICP3,0.132
462,LINJ_31_1880,LINJ_22_0920,5671.A4I6V8,5671.E9AGZ4,0.098
463,LINJ_31_1880,LINJ_34_0030,5671.A4I6V8,5671.A4I9H1,0.556
464,PGFS,LINJ_36_5410,5671.A4I6Z4,5671.A4IDU0,0.2
466,LINJ_32_0690,LINJ_35_0480,5671.A4I7L6,5671.A4IAU7,0.05
467,LINJ_32_0690,LINJ_36_0960,5671.A4I7L6,5671.A4ICP4,0.05
468,LINJ_32_0690,LINJ_35_4110,5671.A4I7L6,5671.A4IBU4,0.05
469,LINJ_32_0690,LINJ_24_0220,5671.A4I7L6,5671.E9AH34,0.05
470,LINJ_32_0690,LINJ_24_0130,5671.A4I7L6,5671.E9AH25,0.057
471,LINJ_32_1010,LINJ_24_0130,5671.A4I7R2,5671.E9AH25,0.085
472,LINJ_32_1010,LINJ_24_1780,5671.A4I7R2,5671.E9AH78,0.233
473,LINJ_32_1010,LINJ_32_1150,5671.A4I7R2,5671.A4I7S6,0.219
474,LINJ_32_1010,LINJ_34_3790,5671.A4I7R2,5671.A4IAG7,0.219
475,LINJ_32_1150,LINJ_03_0460,5671.A4I7S6,5671.E9AG37,0.05
476,LINJ_32_1930,LINJ_34_4140,5671.A4I7Z9,5671.A4IAK2,0.071
477,LINJ_32_1930,LINJ_24_0260,5671.A4I7Z9,5671.E9AH38,0.059
478,LINJ_32_1930,LINJ_08_1250,5671.A4I7Z9,5671.E9AG93,0.072
479,LINJ_32_1930,LINJ_27_0620,5671.A4I7Z9,5671.E9AHE8,0.047
480,LINJ_32_1930,LINJ_33_1940,5671.A4I7Z9,5671.A4I946,0.047
481,LINJ_32_1930,RAB7,5671.A4I7Z9,5671.E9AGQ4,0.058
482,LINJ_32_1930,LINJ_24_0130,5671.A4I7Z9,5671.E9AH25,0.062
483,LINJ_32_1930,LINJ_34_0030,5671.A4I7Z9,5671.A4I9H1,0.217
484,LINJ_33_1060,LINJ_33_2210,5671.A4I8W5,5671.A4I980,0.105
487,LINJ_33_1500,LINJ_34_0490,5671.A4I913,5671.A4I9L7,0.049
489,LINJ_33_1940,LINJ_34_4140,5671.A4I946,5671.A4IAK2,0.047
490,LINJ_33_1940,RAB7,5671.A4I946,5671.E9AGQ4,0.05
491,LINJ_34_0030,LINJ_36_0960,5671.A4I9H1,5671.A4ICP4,0.187
492,LINJ_34_0030,LINJ_22_0920,5671.A4I9H1,5671.E9AGZ4,0.085
493,LINJ_34_0030,LINJ_35_1020,5671.A4I9H1,5671.A4IAZ7,0.192
494,LINJ_34_0030,LINJ_24_1790,5671.A4I9H1,5671.E9AH79,0.091
495,LINJ_34_0030,LINJ_34_1950,5671.A4I9H1,5671.A4I9Z1,0.067
496,LINJ_34_0030,LINJ_03_0460,5671.A4I9H1,5671.E9AG37,0.214
497,LINJ_34_0030,MKK5,5671.A4I9H1,5671.A4ICP8,0.126
498,LINJ_34_0030,LINJ_35_4060,5671.A4I9H1,5671.A4IBT9,0.503
499,LINJ_34_0030,LINJ_24_0130,5671.A4I9H1,5671.E9AH25,0.249
500,LINJ_34_0030,LINJ_24_0220,5671.A4I9H1,5671.E9AH34,0.187
501,LINJ_34_0030,LINJ_36_0970,5671.A4I9H1,5671.A4ICP3,0.473
502,LINJ_34_0030,LINJ_06_1220,5671.A4I9H1,5671.E9AG71,0.243
503,LINJ_34_0030,LINJ_35_4010,5671.A4I9H1,5671.A4IBT4,0.503
504,LINJ_34_0030,LINJ_34_3340,5671.A4I9H1,5671.A4IAC2,0.075
505,LINJ_34_0030,LINJ_35_2710,5671.A4I9H1,5671.A4IBD4,0.075
507,LINJ_34_0160,PGKB,5671.A4I9I4,5671.E9AGU0,0.466
508,LINJ_34_0160,LinJ_35_5440,5671.A4I9I4,5671.A4IAQ0,0.125
509,LINJ_34_0160,LINJ_35_0030,5671.A4I9I4,5671.A4IAQ4,0.498
510,mMDH,LINJ_36_5410,5671.A4I9I5,5671.A4IDU0,0.458
511,mMDH,PGKB,5671.A4I9I5,5671.E9AGU0,0.464
512,mMDH,LinJ_35_5440,5671.A4I9I5,5671.A4IAQ0,0.125
513,mMDH,LINJ_35_0030,5671.A4I9I5,5671.A4IAQ4,0.491
514,LINJ_34_0490,LINJ_24_0130,5671.A4I9L7,5671.E9AH25,0.053
515,LINJ_34_0500,LINJ_24_0130,5671.A4I9L8,5671.E9AH25,0.099
516,LINJ_34_2160,LINJ_35_0480,5671.A4IA04,5671.A4IAU7,0.05
517,LINJ_34_2160,LINJ_36_0960,5671.A4IA04,5671.A4ICP4,0.05
518,LINJ_34_2160,LINJ_24_0220,5671.A4IA04,5671.E9AH34,0.05
519,LINJ_34_2160,LINJ_35_4110,5671.A4IA04,5671.A4IBU4,0.05
520,LINJ_34_2160,LINJ_24_0130,5671.A4IA04,5671.E9AH25,0.057
521,LINJ_34_3110,LINJ_24_0130,5671.A4IAA0,5671.E9AH25,0.104
522,LINJ_34_3340,LINJ_24_0130,5671.A4IAC2,5671.E9AH25,0.051
523,LINJ_34_3340,LINJ_24_0260,5671.A4IAC2,5671.E9AH38,0.048
525,TOR3,LINJ_35_3930,5671.A4IAG3,5671.A4IBS7,0.381
526,TOR3,TOR2,5671.A4IAG3,5671.A4IAK5,0.232
527,LINJ_34_3790,LINJ_03_0460,5671.A4IAG7,5671.E9AG37,0.05
528,LINJ_34_4020,LINJ_03_0460,5671.A4IAJ0,5671.E9AG37,0.049
529,LINJ_34_4020,LINJ_24_0130,5671.A4IAJ0,5671.E9AH25,0.049
530,LINJ_34_4140,LINJ_36_1420,5671.A4IAK2,5671.A4ICJ9,0.046
531,LINJ_34_4140,LINJ_27_0620,5671.A4IAK2,5671.E9AHE8,0.047
532,LinJ_35_5440,PGKB,5671.A4IAQ0,5671.E9AGU0,0.182
533,LINJ_35_0030,PGKB,5671.A4IAQ4,5671.E9AGU0,0.502
535,LINJ_35_1020,LINJ_27_2570,5671.A4IAZ7,5671.E9AHC6,0.067
536,LINJ_35_1020,LINJ_35_4060,5671.A4IAZ7,5671.A4IBT9,0.5
537,LINJ_35_1020,LINJ_35_4010,5671.A4IAZ7,5671.A4IBT4,0.5
538,LINJ_35_1020,MKK5,5671.A4IAZ7,5671.A4ICP8,0.591
539,LINJ_35_1230,LINJ_36_5410,5671.A4IB16,5671.A4IDU0,0.059
540,LINJ_35_2710,LINJ_24_0260,5671.A4IBD4,5671.E9AH38,0.048
542,LINJ_35_3880,LINJ_36_1420,5671.A4IBS2,5671.A4ICJ9,0.049
544,LINJ_35_3930,LINJ_24_0130,5671.A4IBS7,5671.E9AH25,0.081
545,PABP2,LINJ_36_2140,5671.A4IBV3,5671.A4IDH5,0.585
546,LINJ_35_4740,LINJ_24_1790,5671.A4IC06,5671.E9AH79,0.07
547,LINJ_36_1420,LINJ_24_0130,5671.A4ICJ9,5671.E9AH25,0.172
548,LINJ_36_0970,LINJ_36_5610,5671.A4ICP3,5671.A4IDV1,0.059
549,LINJ_36_0970,LINJ_36_2310,5671.A4ICP3,5671.A4IDJ2,0.059
550,LINJ_36_0970,MKK5,5671.A4ICP3,5671.A4ICP8,0.125
551,LINJ_36_0970,LINJ_24_0130,5671.A4ICP3,5671.E9AH25,0.107
552,LINJ_36_0970,LINJ_08_1250,5671.A4ICP3,5671.E9AG93,0.131
553,MKK5,LINJ_36_5610,5671.A4ICP8,5671.A4IDV1,0.22
554,MKK5,LINJ_27_2570,5671.A4ICP8,5671.E9AHC6,0.059
555,MKK5,LINJ_24_0220,5671.A4ICP8,5671.E9AH34,0.056
556,LINJ_36_2310,LINJ.12.0671,5671.A4IDJ2,5671.E9AGG9,0.049
557,LINJ_36_2310,LINJ_36_5610,5671.A4IDJ2,5671.A4IDV1,0.072
558,LINJ_03_0460,LINJ_24_0260,5671.E9AG37,5671.E9AH38,0.048
559,RAB7,LINJ_27_0620,5671.E9AGQ4,5671.E9AHE8,0.05
560,LINJ_22_0920,LINJ_27_2570,5671.E9AGZ4,5671.E9AHC6,0.047
561,LINJ_22_0920,LINJ_24_1790,5671.E9AGZ4,5671.E9AH79,0.103
562,LINJ_24_0130,LINJ_24_0260,5671.E9AH25,5671.E9AH38,0.095
563,LINJ_24_0130,LINJ_27_2570,5671.E9AH25,5671.E9AHC6,0.071
564,LINJ_24_0130,LINJ_24_1790,5671.E9AH25,5671.E9AH79,0.074
565,LINJ_24_1790,LACK1,5671.E9AH79,5671.P62884,0.043
566,LINJ_24_1790,LINJ_28_1910,5671.E9AH79,5671.E9AHG7,0.072
567,LINJ_24_1790,LINJ_27_2570,5671.E9AH79,5671.E9AHC6,0.097
