,Name
5671.A0A381MFJ0,H1A-1
5671.A0A381MP32,020680LINJ
5671.A2TEF2,CYP51
5671.A4HRC6,005001LINJ
5671.A4HRE8,010270LINJ
5671.A4HRH0,010490LINJ
5671.A4HRH2,010510LINJ
5671.A4HRH3,010520LINJ
5671.A4HRH5,010540LINJ
5671.A4HRH6,010550LINJ
5671.A4HRL5,010002LINJ
5671.A4HRM3,020230LINJ
5671.A4HRM6,020260LINJ
5671.A4HRM7,020270LINJ
5671.A4HRN3,020330LINJ
5671.A4HRN6,020360LINJ
5671.A4HRS7,015003LINJ
5671.A4HRT1,019003LINJ
5671.A4HRT2,020003LINJ
5671.A4HRT4,022003LINJ
5671.A4HRW8,030790LINJ
5671.A4HRX5,030870LINJ
5671.A4HRZ6,001004LINJ
5671.A4HRZ8,003004LINJ
5671.A4HS02,007004LINJ
5671.A4HS39,040430LINJ
5671.A4HS64,040680LINJ
5671.A4HSA9,041120LINJ
5671.A4HSB4,041170LINJ
5671.A4HSC0,041230LINJ
5671.A4HSD0,015005LINJ
5671.A4HSD9,010005LINJ
5671.A4HSE2,013005LINJ
5671.A4HSF4,022005LINJ
5671.A4HSF7,TRYR
5671.A4HSG1,039005LINJ
5671.A4HSH7,050550LINJ
5671.A4HSI6,050640LINJ
5671.A4HSP6,003006LINJ
5671.A4HSQ5,014006LINJ
5671.A4HSZ7,PDI-1
5671.A4HT34,032007LINJ
5671.A4HT35,033007LINJ
5671.A4HT43,041007LINJ
5671.A4HT46,044007LINJ
5671.A4HT72,061007LINJ
5671.A4HT82,051007LINJ
5671.A4HT95,070790LINJ
5671.A4HTB1,071000LINJ
5671.A4HTB4,071030LINJ
5671.A4HTD0,071210LINJ
5671.A4HTG0,010008LINJ
5671.A4HTK1,054008LINJ
5671.A4HTL4,067008LINJ
5671.A4HTP0,080950LINJ
5671.A4HTS4,008009LINJ
5671.A4HTS6,010009LINJ
5671.A4HTS7,011009LINJ
5671.A4HTU3,027009LINJ
5671.A4HTW1,052009LINJ
5671.A4HU06,090900LINJ
5671.A4HU13,090970LINJ
5671.A4HU44,091280LINJ
5671.A4HU75,091610LINJ
5671.A4HUB8,009010LINJ
5671.A4HUC8,020010LINJ
5671.A4HUG1,MPK3
5671.A4HUJ0,083010LINJ
5671.A4HUJ5,088010LINJ
5671.A4HUK3,Rab11
5671.A4HUM8,101250LINJ
5671.A4HUM9,101260LINJ
5671.A4HUR6,004011LINJ
5671.A4HUR8,006011LINJ
5671.A4HUS3,011011LINJ
5671.A4HUX0,060011LINJ
5671.A4HUX9,070011LINJ
5671.A4HV00,091011LINJ
5671.A4HV47,LINJ.12.0003
5671.A4HV49,LINJ.12.0006
5671.A4HV57,LINJ.12.0016
5671.A4HVF3,017013LINJ
5671.A4HVF7,022013LINJ
5671.A4HVG5,030013LINJ
5671.A4HVK0,061013LINJ
5671.A4HVK4,065013LINJ
5671.A4HVM4,KATNAL2
5671.A4HVN7,099013LINJ
5671.A4HVP4,106013LINJ
5671.A4HVS3,131500LINJ
5671.A4HVT1,131580LINJ
5671.A4HVT2,131590LINJ
5671.A4HVT6,131630LINJ
5671.A4HVU2,131380LINJ
5671.A4HVU4,002014LINJ
5671.A4HVV6,014014LINJ
5671.A4HVZ9,058014LINJ
5671.A4HW20,082014LINJ
5671.A4HW49,114014LINJ
5671.A4HW76,138014LINJ
5671.A4HW88,141510LINJ
5671.A4HWE8,052015LINJ
5671.A4HWH3,081015LINJ
5671.A4HWJ1,099015LINJ
5671.A4HWL4,TOP2
5671.A4HWN6,151540LINJ
5671.A4HWN7,151550LINJ
5671.A4HWP5,151630LINJ
5671.A4HWQ5,007016LINJ
5671.A4HWV8,059016LINJ
5671.A4HWW3,064016LINJ
5671.A4HWX0,073016LINJ
5671.A4HWY3,087016LINJ
5671.A4HWZ4,CRK
5671.A4HX11,118016LINJ
5671.A4HX32,143016LINJ
5671.A4HX71,007017LINJ
5671.A4HXC3,055017LINJ
5671.A4HXD4,066017LINJ
5671.A4HXE5,077017LINJ
5671.A4HXF5,GMPR
5671.A4HXG8,100017LINJ
5671.A4HXH3,106017LINJ
5671.A4HXM2,156017LINJ
5671.A4HXP1,015018LINJ
5671.A4HXP3,017018LINJ
5671.A4HXP4,018018LINJ
5671.A4HXP5,019018LINJ
5671.A4HXQ3,GSK3
5671.A4HXS2,047018LINJ
5671.A4HXU0,065018LINJ
5671.A4HXY2,PKAC1
5671.A4HXY3,PDEA
5671.A4HXY4,111018LINJ
5671.A4HXY7,114018LINJ
5671.A4HY23,H1A-2
5671.A4HY76,054019LINJ
5671.A4HYA8,095019LINJ
5671.A4HYB7,097019LINJ
5671.A4HYH4,MPK4
5671.A4HYH5,NOS
5671.A4HYH7,151019LINJ
5671.A4HYI5,159019LINJ
5671.A4HYJ0,164019LINJ
5671.A4HYJ4,002020LINJ
5671.A4HYS3,082020LINJ
5671.A4HYT8,097020LINJ
5671.A4HYV4,114020LINJ
5671.A4HYX6,137020LINJ
5671.A4HYY3,145020LINJ
5671.A4HZ08,158020LINJ
5671.A4HZ39,046021LINJ
5671.A4HZ67,074021LINJ
5671.A4HZ69,076021LINJ
5671.A4HZ70,077021LINJ
5671.A4HZ80,087021LINJ
5671.A4HZ84,091021LINJ
5671.A4HZ93,141021LINJ
5671.A4HZA0,019021LINJ
5671.A4HZA2,021021LINJ
5671.A4HZA9,028021LINJ
5671.A4HZC0,147021LINJ
5671.A4HZG8,199021LINJ
5671.A4HZH0,201021LINJ
5671.A4HZI9,212200LINJ
5671.A4HZL2,010021LINJ
5671.A4HZM5,096021LINJ
5671.A4HZS7,037022LINJ
5671.A4HZT4,044022LINJ
5671.A4HZT8,048022LINJ
5671.A4HZT9,049022LINJ
5671.A4HZV1,063022LINJ
5671.A4HZY8,099022LINJ
5671.A4I000,126022LINJ
5671.A4I027,153022LINJ
5671.A4I053,017023LINJ
5671.A4I059,023023LINJ
5671.A4I060,024023LINJ
5671.A4I065,MRPA
5671.A4I067,PTR1
5671.A4I093,058023LINJ
5671.A4I0C2,088023LINJ
5671.A4I0D8,105023LINJ
5671.A4I0H7,145023LINJ
5671.A4I0Q5,068024LINJ
5671.A4I0X6,141024LINJ
5671.A4I0Y4,150024LINJ
5671.A4I0Z7,197024LINJ
5671.A4I109,209024LINJ
5671.A4I122,222024LINJ
5671.A4I135,235024LINJ
5671.A4I140,242410LINJ
5671.A4I150,PABP3
5671.A4I186,044025LINJ
5671.A4I193,053025LINJ
5671.A4I194,054025LINJ
5671.A4I1D4,096025LINJ
5671.A4I1F4,ALDH2
5671.A4I1H6,136025LINJ
5671.A4I1I6,146025LINJ
5671.A4I1J3,CYCA
5671.A4I1J8,158025LINJ
5671.A4I1N3,193025LINJ
5671.A4I1P7,207025LINJ
5671.A4I1Q1,211025LINJ
5671.A4I1T4,245025LINJ
5671.A4I1U3,005026LINJ
5671.A4I1W7,030026LINJ
5671.A4I1W9,CYC8
5671.A4I1Z4,059026LINJ
5671.A4I1Z8,063026LINJ
5671.A4I2D8,210026LINJ
5671.A4I2H1,246026LINJ
5671.A4I2H8,262600LINJ
5671.A4I2I8,254026LINJ
5671.A4I2J3,262700LINJ
5671.A4I2K5,009027LINJ
5671.A4I2M3,037027LINJ
5671.A4I2Q7,092027LINJ
5671.A4I2Q9,094027LINJ
5671.A4I2S5,114027LINJ
5671.A4I2S6,115027LINJ
5671.A4I2S8,117027LINJ
5671.A4I2T1,120027LINJ
5671.A4I2Y4,168027LINJ
5671.A4I2Z0,174027LINJ
5671.A4I302,186027LINJ
5671.A4I317,213027LINJ
5671.A4I342,AKR
5671.A4I345,239027LINJ
5671.A4I384,011028LINJ
5671.A4I390,017028LINJ
5671.A4I3C6,LMAIRK
5671.A4I3C9,RAD51
5671.A4I3D6,066028LINJ
5671.A4I3E2,072028LINJ
5671.A4I3E3,073028LINJ
5671.A4I3F4,085028LINJ
5671.A4I3F5,086028LINJ
5671.A4I3I7,121028LINJ
5671.A4I3K3,135028LINJ
5671.A4I3P6,180028LINJ
5671.A4I3S8,LDK
5671.A4I3T3,219028LINJ
5671.A4I3V8,244028LINJ
5671.A4I3V9,245028LINJ
5671.A4I435,283240LINJ
5671.A4I4C7,077029LINJ
5671.A4I4D6,086029LINJ
5671.A4I4G0,110029LINJ
5671.A4I4G8,119029LINJ
5671.A4I4I4,136029LINJ
5671.A4I4J0,144029LINJ
5671.A4I4J5,146029LINJ
5671.A4I4J7,148029LINJ
5671.A4I4K7,155029LINJ
5671.A4I4M8,ABCH2
5671.A4I4P1,GCVL-1
5671.A4I4Q9,214029LINJ
5671.A4I4S3,225029LINJ
5671.A4I4S4,226029LINJ
5671.A4I4T3,235029LINJ
5671.A4I4U4,241029LINJ
5671.A4I4V8,255029LINJ
5671.A4I4W3,260029LINJ
5671.A4I4W4,VPS4
5671.A4I4X6,279029LINJ
5671.A4I4Y0,283029LINJ
5671.A4I4Y5,292940LINJ
5671.A4I503,CYC3
5671.A4I564,MPK12
5671.A4I569,042030LINJ
5671.A4I588,062030LINJ
5671.A4I5B1,085030LINJ
5671.A4I5C2,097030LINJ
5671.A4I5D2,107030LINJ
5671.A4I5H1,146030LINJ
5671.A4I5H8,151024LINJ
5671.A4I5J7,170030LINJ
5671.A4I5J8,171030LINJ
5671.A4I5K5,178030LINJ
5671.A4I5P2,214030LINJ
5671.A4I5W0,283030LINJ
5671.A4I5W9,292030LINJ
5671.A4I5X0,293030LINJ
5671.A4I5X4,297030LINJ
5671.A4I610,303310LINJ
5671.A4I620,303410LINJ
5671.A4I628,303430LINJ
5671.A4I638,303530LINJ
5671.A4I646,303610LINJ
5671.A4I6I0,089031LINJ
5671.A4I6L1,056031LINJ
5671.A4I6Q3,ABCC4
5671.A4I6Q4,ABCC5
5671.A4I6S0,PRP1
5671.A4I6V7,187031LINJ
5671.A4I6V8,188031LINJ
5671.A4I6Z4,PGFS
5671.A4I790,296031LINJ
5671.A4I792,298031LINJ
5671.A4I7A2,308031LINJ
5671.A4I7C0,313260LINJ
5671.A4I7G8,005032LINJ
5671.A4I7H1,NMT
5671.A4I7L0,047032LINJ
5671.A4I7L2,073032LINJ
5671.A4I7L6,069032LINJ
5671.A4I7N3,052032LINJ
5671.A4I7R2,101032LINJ
5671.A4I7S6,115032LINJ
5671.A4I7U2,131032LINJ
5671.A4I7W3,152032LINJ
5671.A4I7Z6,190032LINJ
5671.A4I7Z9,193032LINJ
5671.A4I800,194032LINJ
5671.A4I825,216032LINJ
5671.A4I828,219032LINJ
5671.A4I8B2,306032LINJ
5671.A4I8C9,323240LINJ
5671.A4I8F2,323470LINJ
5671.A4I8F6,GCVL-2
5671.A4I8F7,CYC6
5671.A4I8L1,324080LINJ
5671.A4I8M2,006033LINJ
5671.A4I8W5,106033LINJ
5671.A4I910,MPK11
5671.A4I913,150033LINJ
5671.A4I931,169033LINJ
5671.A4I946,194033LINJ
5671.A4I967,181033LINJ
5671.A4I980,221033LINJ
5671.A4I9B2,286033LINJ
5671.A4I9B7,291033LINJ
5671.A4I9G2,333360LINJ
5671.A4I9H1,003034LINJ
5671.A4I9I3,015034LINJ
5671.A4I9I4,016034LINJ
5671.A4I9I5,mMDH
5671.A4I9L7,049034LINJ
5671.A4I9L8,050034LINJ
5671.A4I9Q1,099034LINJ
5671.A4I9V5,153034LINJ
5671.A4I9Y5,184034LINJ
5671.A4IA04,216034LINJ
5671.A4IA43,250034LINJ
5671.A4IAA0,311034LINJ
5671.A4IAB8,330034LINJ
5671.A4IAC2,334034LINJ
5671.A4IAG3,TOR3
5671.A4IAG7,343790LINJ
5671.A4IAJ0,344020LINJ
5671.A4IAK2,344140LINJ
5671.A4IAK5,TOR2
5671.A4IAM7,190034LINJ
5671.A4IAQ0,355440LinJ
5671.A4IAQ4,003035LINJ
5671.A4IAU7,048035LINJ
5671.A4IAZ7,102035LINJ
5671.A4IAZ8,103035LINJ
5671.A4IB16,123035LINJ
5671.A4IB17,124035LINJ
5671.A4IB20,127035LINJ
5671.A4IB24,131035LINJ
5671.A4IB59,MCA5
5671.A4IB73,172035LINJ
5671.A4IBA2,203035LINJ
5671.A4IBD4,271035LINJ
5671.A4IBG5,260035LINJ
5671.A4IBS2,353880LINJ
5671.A4IBS6,353920LINJ
5671.A4IBS7,353930LINJ
5671.A4IBU4,354110LINJ
5671.A4IBV3,PABP2
5671.A4IC06,354740LINJ
5671.A4IC25,DMC1
5671.A4IC57,PABP1
5671.A4IC77,365580LINJ
5671.A4ICA4,LMPK
5671.A4ICH8,285036LINJ
5671.A4ICJ9,142036LINJ
5671.A4ICP3,097036LINJ
5671.A4ICP4,096036LINJ
5671.A4ICP8,MKK5
5671.A4ICQ2,088036LINJ
5671.A4ICR2,078036LINJ
5671.A4ICT0,CRK3
5671.A4ID13,364020LINJ
5671.A4ID29,363860LINJ
5671.A4ID56,357036LINJ
5671.A4IDD6,173036LINJ
5671.A4IDE7,184036LINJ
5671.A4IDH4,213036LINJ
5671.A4IDH5,214036LINJ
5671.A4IDJ2,231036LINJ
5671.A4IDQ0,364950LINJ
5671.A4IDR0,365050LINJ
5671.A4IDU0,365410LINJ
5671.A4IDU8,365500LINJ
5671.A4IE23,366370LINJ
5671.A4IE38,RPT6
5671.E9AG37,030460LINJ
5671.E9AG43,030520LINJ
5671.E9AG71,061220LINJ
5671.E9AG93,081250LINJ
5671.E9AGB0,LINJ.12.0190
5671.E9AGF3,LINJ.12.0610
5671.E9AGG9,LINJ.12.0671
5671.E9AGI7,LINJ.12.0830
5671.E9AGN2,DHODH
5671.E9AGN4,068016LINJ
5671.E9AGQ4,RAB7
5671.E9AGR8,015019LINJ
5671.E9AGT9,PGKC
5671.E9AGU0,PGKB
5671.E9AGX7,133021LINJ
5671.E9AGZ4,092022LINJ
5671.E9AH25,013024LINJ
5671.E9AH29,017024LINJ
5671.E9AH38,026024LINJ
5671.E9AH79,179024LINJ
5671.E9AH89,189024LINJ
5671.E9AHB1,029026LINJ
5671.E9AHC6,257027LINJ
5671.E9AHG7,191028LINJ
5671.E9AHI7,142029LINJ
5671.E9AHL8,272031LINJ
5671.E9AHR7,262033LINJ
5671.E9AHV7,AAH
5671.Q8MQV3,DHFR-TS
