,node_1,node_2,id1,id2,homology
0,H1A-1,LINJ_33_2210,5671.A0A381MFJ0,5671.A4I980,99.0
1,H1A-1,H1A-2,5671.A0A381MFJ0,5671.A4HY23,1981.1
20,CYP51,LINJ_30_3610,5671.A2TEF2,5671.A4I646,63.9
36,LINJ_01_0050,LINJ_31_3080,5671.A4HRC6,5671.A4I7A2,188.3
51,LINJ_01_0490,LINJ_19_0970,5671.A4HRH0,5671.A4HYB7,79.7
52,LINJ_01_0490,LINJ_19_0950,5671.A4HRH0,5671.A4HYA8,82.8
55,LINJ_01_0490,LINJ_01_0550,5671.A4HRH0,5671.A4HRH6,212.6
56,LINJ_01_0490,LINJ_01_0510,5671.A4HRH0,5671.A4HRH2,674.1
57,LINJ_01_0490,LINJ_03_0220,5671.A4HRH0,5671.A4HRT4,643.3
58,LINJ_01_0490,LINJ_01_0540,5671.A4HRH0,5671.A4HRH5,652.1
59,LINJ_01_0490,LINJ_01_0520,5671.A4HRH0,5671.A4HRH3,600.9
60,LINJ_01_0490,LINJ_13_0300,5671.A4HRH0,5671.A4HVG5,69.7
61,LINJ_01_0510,LINJ_19_0970,5671.A4HRH2,5671.A4HYB7,81.3
62,LINJ_01_0510,LINJ_19_0950,5671.A4HRH2,5671.A4HYA8,80.5
65,LINJ_01_0510,LINJ_01_0550,5671.A4HRH2,5671.A4HRH6,199.1
66,LINJ_01_0510,LINJ_01_0540,5671.A4HRH2,5671.A4HRH5,741.5
67,LINJ_01_0510,LINJ_03_0220,5671.A4HRH2,5671.A4HRT4,657.5
68,LINJ_01_0510,LINJ_01_0520,5671.A4HRH2,5671.A4HRH3,625.9
69,LINJ_01_0510,LINJ_13_0300,5671.A4HRH2,5671.A4HVG5,70.9
70,LINJ_01_0520,LINJ_19_0970,5671.A4HRH3,5671.A4HYB7,68.6
71,LINJ_01_0520,LINJ_19_0950,5671.A4HRH3,5671.A4HYA8,81.3
74,LINJ_01_0520,LINJ_01_0550,5671.A4HRH3,5671.A4HRH6,197.6
75,LINJ_01_0520,LINJ_03_0220,5671.A4HRH3,5671.A4HRT4,612.8
76,LINJ_01_0520,LINJ_01_0540,5671.A4HRH3,5671.A4HRH5,623.2
78,LINJ_01_0540,LINJ_19_0970,5671.A4HRH5,5671.A4HYB7,70.9
79,LINJ_01_0540,LINJ_19_0950,5671.A4HRH5,5671.A4HYA8,74.7
82,LINJ_01_0540,LINJ_01_0550,5671.A4HRH5,5671.A4HRH6,215.7
83,LINJ_01_0540,LINJ_03_0220,5671.A4HRH5,5671.A4HRT4,643.3
84,LINJ_01_0540,LINJ_13_0300,5671.A4HRH5,5671.A4HVG5,73.9
88,LINJ_01_0550,LINJ_03_0220,5671.A4HRH6,5671.A4HRT4,229.2
115,LINJ_02_0100,LINJ_20_1140,5671.A4HRL5,5671.A4HYV4,133.7
116,LINJ_02_0100,TOR2,5671.A4HRL5,5671.A4IAK5,146.7
117,LINJ_02_0100,TOR3,5671.A4HRL5,5671.A4IAG3,136.0
130,LINJ_02_0100,LINJ_32_1520,5671.A4HRL5,5671.A4I7W3,135.2
131,LINJ_02_0230,LINJ_21_0870,5671.A4HRM3,5671.A4HZ80,124.0
132,LINJ_02_0230,LINJ_10_1250,5671.A4HRM3,5671.A4HUM8,129.8
133,LINJ_02_0230,LINJ_30_1710,5671.A4HRM3,5671.A4I5J8,97.1
134,LINJ_02_0230,LINJ_09_0900,5671.A4HRM3,5671.A4HU06,55.8
135,LINJ_02_0230,LINJ_32_2160,5671.A4HRM3,5671.A4I825,121.3
136,LINJ_02_0230,LINJ_31_0890,5671.A4HRM3,5671.A4I6I0,66.2
137,LINJ_02_0230,Rab11,5671.A4HRM3,5671.A4HUK3,113.6
138,LINJ_02_0230,LINJ_32_1930,5671.A4HRM3,5671.A4I7Z9,87.0
141,LINJ_02_0230,LINJ_07_0610,5671.A4HRM3,5671.A4HT72,128.6
142,LINJ_02_0230,LINJ_14_0820,5671.A4HRM3,5671.A4HW20,89.4
143,LINJ_02_0230,LINJ_27_0620,5671.A4HRM3,5671.E9AHE8,125.6
144,LINJ_02_0230,LINJ_33_1940,5671.A4HRM3,5671.A4I946,108.2
145,LINJ_02_0230,LINJ_10_1260,5671.A4HRM3,5671.A4HUM9,93.6
146,LINJ_02_0230,LINJ_13_0220,5671.A4HRM3,5671.A4HVF7,145.2
147,LINJ_02_0230,LINJ_18_1140,5671.A4HRM3,5671.A4HXY7,119.0
148,LINJ_02_0230,LINJ_32_0520,5671.A4HRM3,5671.A4I7N3,129.4
150,LINJ_02_0230,RAB7,5671.A4HRM3,5671.E9AGQ4,103.6
151,LINJ_02_0260,LINJ_20_0970,5671.A4HRM6,5671.A4HYT8,60.8
161,LINJ_02_0330,LINJ_27_1860,5671.A4HRN3,5671.A4I302,106.7
170,LINJ_02_0330,LINJ_34_0030,5671.A4HRN3,5671.A4I9H1,51.6
171,LINJ_02_0330,LINJ_35_1720,5671.A4HRN3,5671.A4IB73,276.2
174,LINJ_02_0360,LINJ_24_1780,5671.A4HRN6,5671.E9AH78,60.5
185,LINJ_02_0360,LINJ_35_1310,5671.A4HRN6,5671.A4IB24,90.1
186,LINJ_02_0360,LINJ_07_1000,5671.A4HRN6,5671.A4HTB1,72.4
187,LINJ_02_0360,LINJ_04_0680,5671.A4HRN6,5671.A4HS64,77.0
190,LINJ_02_0360,LINJ_32_0730,5671.A4HRN6,5671.A4I7L2,63.9
215,LINJ_03_0150,LINJ_21_0770,5671.A4HRS7,5671.A4HZ70,53.1
232,LINJ_03_0190,ALDH2,5671.A4HRT1,5671.A4I1F4,151.0
247,LINJ_03_0200,LINJ_30_0850,5671.A4HRT2,5671.A4I5B1,69.7
248,LINJ_03_0200,LINJ_24_2410,5671.A4HRT2,5671.A4I140,73.9
249,LINJ_03_0200,MKK5,5671.A4HRT2,5671.A4ICP8,75.5
250,LINJ_03_0200,LINJ_34_1840,5671.A4HRT2,5671.A4I9Y5,70.9
258,LINJ_03_0220,LINJ_19_0970,5671.A4HRT4,5671.A4HYB7,53.1
259,LINJ_03_0220,LINJ_19_0950,5671.A4HRT4,5671.A4HYA8,75.9
261,LINJ_03_0220,LINJ_13_0300,5671.A4HRT4,5671.A4HVG5,77.4
268,LINJ_04_0010,LINJ_33_2210,5671.A4HRZ6,5671.A4I980,92.8
269,LINJ_04_0010,LINJ_07_1210,5671.A4HRZ6,5671.A4HTD0,68.9
270,LINJ_04_0010,LINJ_17_0660,5671.A4HRZ6,5671.A4HXD4,300.4
271,LINJ_04_0010,LINJ_07_0510,5671.A4HRZ6,5671.A4HT82,225.3
272,LINJ_04_0010,LINJ_33_1060,5671.A4HRZ6,5671.A4I8W5,204.5
274,LINJ_04_0030,LINJ_17_1060,5671.A4HRZ8,5671.A4HXH3,63.5
314,LINJ_04_0680,LINJ_24_1780,5671.A4HS64,5671.E9AH78,58.9
320,LINJ_04_0680,LINJ_33_2910,5671.A4HS64,5671.A4I9B7,80.1
321,LINJ_04_0680,LINJ_22_0480,5671.A4HS64,5671.A4HZT8,98.2
322,LINJ_04_0680,LINJ_32_1010,5671.A4HS64,5671.A4I7R2,75.9
326,LINJ_04_0680,LINJ_24_2220,5671.A4HS64,5671.A4I122,101.7
327,LINJ_04_0680,LINJ_32_0730,5671.A4HS64,5671.A4I7L2,79.0
331,LINJ_04_1120,LINJ_33_2210,5671.A4HSA9,5671.A4I980,73.6
358,LINJ_04_1230,LINJ_17_0770,5671.A4HSC0,5671.A4HXE5,53.5
441,LINJ_05_0390,LINJ_34_1840,5671.A4HSG1,5671.A4I9Y5,94.4
442,LINJ_05_0390,MKK5,5671.A4HSG1,5671.A4ICP8,120.2
443,LINJ_05_0390,LINJ_24_2410,5671.A4HSG1,5671.A4I140,90.1
444,LINJ_05_0550,LINJ_17_0070,5671.A4HSH7,5671.A4HX71,110.9
457,LINJ_05_0550,MKK5,5671.A4HSH7,5671.A4ICP8,84.3
459,LINJ_05_0550,LINJ_34_1840,5671.A4HSH7,5671.A4I9Y5,73.2
460,LINJ_05_0550,LINJ_24_2410,5671.A4HSH7,5671.A4I140,77.8
461,LINJ_05_0550,LINJ_26_2460,5671.A4HSH7,5671.A4I2H1,59.7
465,LINJ_05_0550,LINJ_36_5580,5671.A4HSH7,5671.A4IC77,67.4
467,LINJ_05_0550,LMAIRK,5671.A4HSH7,5671.A4I3C6,75.5
469,LINJ_05_0550,LINJ_29_1420,5671.A4HSH7,5671.E9AHI7,72.8
470,LINJ_05_0550,LINJ_17_0770,5671.A4HSH7,5671.A4HXE5,89.0
472,LINJ_05_0550,LINJ_26_2540,5671.A4HSH7,5671.A4I2I8,57.8
474,LINJ_05_0550,LINJ_26_0050,5671.A4HSH7,5671.A4I1U3,165.2
480,LINJ_05_0550,LINJ_29_2830,5671.A4HSH7,5671.A4I4Y0,72.0
489,LINJ_06_0030,LINJ_30_0420,5671.A4HSP6,5671.A4I569,69.7
512,LINJ_06_0140,LINJ.12.0003,5671.A4HSQ5,5671.A4HV47,51.2
515,LINJ_06_0140,LINJ_28_0110,5671.A4HSQ5,5671.A4I384,64.7
528,LINJ_07_0320,LINJ_20_0970,5671.A4HT34,5671.A4HYT8,72.4
534,LINJ_07_0440,LINJ_32_1150,5671.A4HT46,5671.A4I7S6,92.4
535,LINJ_07_0440,LINJ_34_3790,5671.A4HT46,5671.A4IAG7,78.2
537,LINJ_07_0610,LINJ_32_1930,5671.A4HT72,5671.A4I7Z9,87.4
538,LINJ_07_0610,LINJ_14_0820,5671.A4HT72,5671.A4HW20,91.3
545,LINJ_07_0610,LINJ_09_0900,5671.A4HT72,5671.A4HU06,59.7
546,LINJ_07_0610,LINJ_32_2160,5671.A4HT72,5671.A4I825,206.1
547,LINJ_07_0610,RAB7,5671.A4HT72,5671.E9AGQ4,128.3
549,LINJ_07_0610,LINJ_10_1250,5671.A4HT72,5671.A4HUM8,137.5
550,LINJ_07_0610,LINJ_21_0870,5671.A4HT72,5671.A4HZ80,91.7
552,LINJ_07_0610,LINJ_30_1710,5671.A4HT72,5671.A4I5J8,82.0
553,LINJ_07_0610,LINJ_13_0220,5671.A4HT72,5671.A4HVF7,125.9
554,LINJ_07_0610,LINJ_18_1140,5671.A4HT72,5671.A4HXY7,129.8
557,LINJ_07_0610,LINJ_32_0520,5671.A4HT72,5671.A4I7N3,167.5
559,LINJ_07_0510,LINJ_33_2210,5671.A4HT82,5671.A4I980,60.5
560,LINJ_07_0510,LINJ_35_2080,5671.A4HT82,5671.A4IBA6,218.8
611,LINJ_07_1000,LINJ_33_2910,5671.A4HTB1,5671.A4I9B7,85.9
612,LINJ_07_1000,LINJ_32_1010,5671.A4HTB1,5671.A4I7R2,76.6
613,LINJ_07_1000,LINJ_22_0480,5671.A4HTB1,5671.A4HZT8,82.0
617,LINJ_07_1000,LINJ_24_2220,5671.A4HTB1,5671.A4I122,94.4
618,LINJ_07_1000,LINJ_32_0730,5671.A4HTB1,5671.A4I7L2,84.7
626,LINJ_07_1030,LINJ_34_0030,5671.A4HTB4,5671.A4I9H1,66.2
628,LINJ_07_1030,LINJ_28_1800,5671.A4HTB4,5671.A4I3P6,134.8
630,LINJ_07_1030,LINJ_21_0910,5671.A4HTB4,5671.A4HZ84,94.4
631,LINJ_07_1030,LINJ_25_2450,5671.A4HTB4,5671.A4I1T4,148.7
636,LINJ_07_1210,LINJ_35_2080,5671.A4HTD0,5671.A4IBA6,84.7
701,LINJ_08_0540,LINJ_29_2600,5671.A4HTK1,5671.A4I4W3,67.0
712,LINJ_08_0540,LINJ_15_0810,5671.A4HTK1,5671.A4HWH3,52.8
727,LINJ_08_0950,LINJ_29_0860,5671.A4HTP0,5671.A4I4D6,81.6
739,LINJ_09_0110,LINJ_29_2940,5671.A4HTS7,5671.A4I4Y5,63.5
766,LINJ_09_0270,LINJ_26_0050,5671.A4HTU3,5671.A4I1U3,73.6
806,LINJ_09_0900,LINJ_33_1940,5671.A4HU06,5671.A4I946,85.5
807,LINJ_09_0900,LINJ_27_0620,5671.A4HU06,5671.E9AHE8,79.3
809,LINJ_09_0900,LINJ_10_1260,5671.A4HU06,5671.A4HUM9,96.3
811,LINJ_09_0900,LINJ_13_0220,5671.A4HU06,5671.A4HVF7,50.8
812,LINJ_09_0900,LINJ_18_1140,5671.A4HU06,5671.A4HXY7,73.9
816,LINJ_09_0900,RAB7,5671.A4HU06,5671.E9AGQ4,61.6
832,LINJ_09_1280,LINJ_03_0520,5671.A4HU44,5671.E9AG43,64.7
836,LINJ_09_1280,LINJ_22_0440,5671.A4HU44,5671.A4HZT4,67.4
837,LINJ_09_1280,RPT6,5671.A4HU44,5671.A4IE38,71.6
838,LINJ_09_1280,LINJ.12.0190,5671.A4HU44,5671.E9AGB0,65.5
840,LINJ_09_1280,LINJ_22_0490,5671.A4HU44,5671.A4HZT9,57.0
841,LINJ_09_1280,LINJ_13_0990,5671.A4HU44,5671.A4HVN7,67.8
868,LINJ_10_0200,LINJ_30_0850,5671.A4HUC8,5671.A4I5B1,69.3
870,LINJ_10_0200,LINJ_24_2410,5671.A4HUC8,5671.A4I140,57.4
871,LINJ_10_0200,LINJ_34_1840,5671.A4HUC8,5671.A4I9Y5,51.2
872,LINJ_10_0200,MKK5,5671.A4HUC8,5671.A4ICP8,55.1
885,MPK3,LINJ_34_0030,5671.A4HUG1,5671.A4I9H1,60.1
887,MPK3,LINJ_20_1370,5671.A4HUG1,5671.A4HYX6,54.3
888,MPK3,LINJ_30_0850,5671.A4HUG1,5671.A4I5B1,75.1
889,MPK3,MKK5,5671.A4HUG1,5671.A4ICP8,80.1
890,MPK3,LINJ_34_1840,5671.A4HUG1,5671.A4I9Y5,58.5
891,MPK3,LINJ_24_2410,5671.A4HUG1,5671.A4I140,77.0
894,LINJ_10_0830,LINJ_20_0020,5671.A4HUJ0,5671.A4HYJ4,63.9
910,Rab11,LINJ_18_1140,5671.A4HUK3,5671.A4HXY7,138.7
911,Rab11,LINJ_13_0220,5671.A4HUK3,5671.A4HVF7,120.9
912,Rab11,LINJ_10_1250,5671.A4HUK3,5671.A4HUM8,134.8
913,Rab11,LINJ_27_0620,5671.A4HUK3,5671.E9AHE8,161.8
914,Rab11,LINJ_33_1940,5671.A4HUK3,5671.A4I946,132.5
915,Rab11,LINJ_10_1260,5671.A4HUK3,5671.A4HUM9,124.8
916,Rab11,LINJ_30_1710,5671.A4HUK3,5671.A4I5J8,84.0
918,Rab11,RAB7,5671.A4HUK3,5671.E9AGQ4,125.2
923,LINJ_10_1250,LINJ_31_0890,5671.A4HUM8,5671.A4I6I0,56.6
924,LINJ_10_1250,LINJ_27_0620,5671.A4HUM8,5671.E9AHE8,147.5
925,LINJ_10_1250,LINJ_10_1260,5671.A4HUM8,5671.A4HUM9,159.5
926,LINJ_10_1250,LINJ_33_1940,5671.A4HUM8,5671.A4I946,120.2
927,LINJ_10_1250,LINJ_13_0220,5671.A4HUM8,5671.A4HVF7,110.2
928,LINJ_10_1250,LINJ_18_1140,5671.A4HUM8,5671.A4HXY7,106.3
929,LINJ_10_1250,LINJ_32_1930,5671.A4HUM8,5671.A4I7Z9,86.3
930,LINJ_10_1250,LINJ_14_0820,5671.A4HUM8,5671.A4HW20,83.6
931,LINJ_10_1250,RAB7,5671.A4HUM8,5671.E9AGQ4,120.2
932,LINJ_10_1250,LINJ_32_0520,5671.A4HUM8,5671.A4I7N3,136.0
938,LINJ_10_1260,LINJ_32_2160,5671.A4HUM9,5671.A4I825,111.7
939,LINJ_10_1260,LINJ_30_1710,5671.A4HUM9,5671.A4I5J8,81.3
941,LINJ_10_1260,LINJ_32_1930,5671.A4HUM9,5671.A4I7Z9,67.8
943,LINJ_10_1260,LINJ_14_0820,5671.A4HUM9,5671.A4HW20,82.0
944,LINJ_10_1260,RAB7,5671.A4HUM9,5671.E9AGQ4,86.7
951,LINJ_11_0060,LINJ_34_1910,5671.A4HUR8,5671.A4I9Y7,82.8
955,LINJ_11_0110,LINJ_25_2450,5671.A4HUS3,5671.A4I1T4,72.8
956,LINJ_11_0110,LINJ_29_2600,5671.A4HUS3,5671.A4I4W3,52.4
960,LINJ_11_0110,LINJ_34_0030,5671.A4HUS3,5671.A4I9H1,53.5
969,LINJ_11_0110,LINJ_17_0070,5671.A4HUS3,5671.A4HX71,81.6
972,LINJ_11_0110,MKK5,5671.A4HUS3,5671.A4ICP8,72.8
973,LINJ_11_0110,LINJ_34_1840,5671.A4HUS3,5671.A4I9Y5,65.9
974,LINJ_11_0110,LINJ_24_2410,5671.A4HUS3,5671.A4I140,63.2
975,LINJ_11_0110,LINJ_26_2460,5671.A4HUS3,5671.A4I2H1,50.8
979,LINJ_11_0110,LINJ_36_5580,5671.A4HUS3,5671.A4IC77,63.5
981,LINJ_11_0110,LMAIRK,5671.A4HUS3,5671.A4I3C6,89.7
983,LINJ_11_0110,LINJ_29_1420,5671.A4HUS3,5671.E9AHI7,72.8
985,LINJ_11_0110,LINJ_17_0770,5671.A4HUS3,5671.A4HXE5,68.9
991,LINJ_11_0110,LINJ_26_0050,5671.A4HUS3,5671.A4I1U3,95.9
1018,LINJ_11_0910,LINJ_27_0940,5671.A4HV00,5671.A4I2Q9,110.9
1019,LINJ_11_0910,LINJ_24_0170,5671.A4HV00,5671.E9AH29,73.9
1020,LINJ_11_0910,LINJ_34_3300,5671.A4HV00,5671.A4IAB8,150.6
1023,LINJ_11_0910,KATNAL2,5671.A4HV00,5671.A4HVM4,130.6
1025,LINJ_11_0910,LINJ.12.0190,5671.A4HV00,5671.E9AGB0,155.6
1026,LINJ_11_0910,LINJ_03_0520,5671.A4HV00,5671.E9AG43,167.5
1027,LINJ_11_0910,LINJ_22_0490,5671.A4HV00,5671.A4HZT9,141.0
1044,LINJ.12.0003,LINJ_36_1730,5671.A4HV47,5671.A4IDD6,97.8
1050,LINJ.12.0003,LINJ_35_3880,5671.A4HV47,5671.A4IBS2,95.9
1074,LINJ.12.0016,LINJ_26_0050,5671.A4HV57,5671.A4I1U3,60.5
1088,LINJ_13_0220,LINJ_31_0890,5671.A4HVF7,5671.A4I6I0,50.8
1089,LINJ_13_0220,LINJ_32_2160,5671.A4HVF7,5671.A4I825,127.1
1090,LINJ_13_0220,LINJ_32_1930,5671.A4HVF7,5671.A4I7Z9,86.7
1091,LINJ_13_0220,LINJ_14_0820,5671.A4HVF7,5671.A4HW20,79.0
1092,LINJ_13_0220,LINJ_30_1710,5671.A4HVF7,5671.A4I5J8,75.5
1093,LINJ_13_0220,LINJ_32_0520,5671.A4HVF7,5671.A4I7N3,112.8
1094,LINJ_13_0220,RAB7,5671.A4HVF7,5671.E9AGQ4,114.0
1108,KATNAL2,LINJ_27_0940,5671.A4HVM4,5671.A4I2Q9,57.0
1109,KATNAL2,LINJ_28_1910,5671.A4HVM4,5671.E9AHG7,78.6
1110,KATNAL2,LINJ_24_0170,5671.A4HVM4,5671.E9AH29,66.6
1117,KATNAL2,LINJ_35_1270,5671.A4HVM4,5671.A4IB20,142.1
1152,KATNAL2,VPS4,5671.A4HVM4,5671.A4I4W4,235.7
1180,KATNAL2,LINJ_03_0520,5671.A4HVM4,5671.E9AG43,156.0
1181,KATNAL2,LINJ.12.0190,5671.A4HVM4,5671.E9AGB0,148.3
1182,KATNAL2,LINJ_22_0490,5671.A4HVM4,5671.A4HZT9,146.0
1202,LINJ_13_0990,LINJ_36_1420,5671.A4HVN7,5671.A4ICJ9,184.5
1204,LINJ_13_0990,LINJ_27_0370,5671.A4HVN7,5671.A4I2M3,136.3
1206,LINJ_13_0990,LINJ_24_0170,5671.A4HVN7,5671.E9AH29,72.0
1208,LINJ_13_0990,LINJ_03_0520,5671.A4HVN7,5671.E9AG43,295.4
1209,LINJ_13_0990,LINJ.12.0190,5671.A4HVN7,5671.E9AGB0,359.8
1211,LINJ_13_0990,LINJ_22_0490,5671.A4HVN7,5671.A4HZT9,322.8
1214,LINJ_13_0990,RPT6,5671.A4HVN7,5671.A4IE38,332.8
1216,LINJ_13_0990,LINJ_22_0440,5671.A4HVN7,5671.A4HZT4,300.1
1242,LINJ_13_1580,VPS4,5671.A4HVT1,5671.A4I4W4,72.8
1272,LINJ_13_1630,LINJ_25_1360,5671.A4HVT6,5671.A4I1H6,189.5
1277,LINJ_13_1380,LINJ_24_2410,5671.A4HVU2,5671.A4I140,52.8
1279,LINJ_13_1380,LINJ_30_0850,5671.A4HVU2,5671.A4I5B1,57.8
1289,LINJ_14_0020,LINJ_24_2090,5671.A4HVU4,5671.A4I109,147.5
1311,LINJ_14_0580,LINJ_24_2350,5671.A4HVZ9,5671.A4I135,52.8
1318,LINJ_14_0580,LINJ_25_0440,5671.A4HVZ9,5671.A4I186,51.6
1328,LINJ_14_0820,LINJ_27_0620,5671.A4HW20,5671.E9AHE8,109.4
1329,LINJ_14_0820,LINJ_18_1140,5671.A4HW20,5671.A4HXY7,87.4
1331,LINJ_14_0820,LINJ_33_1940,5671.A4HW20,5671.A4I946,92.0
1332,LINJ_14_0820,LINJ_30_1710,5671.A4HW20,5671.A4I5J8,73.9
1333,LINJ_14_0820,RAB7,5671.A4HW20,5671.E9AGQ4,104.8
1339,LINJ_14_1380,LINJ_26_2540,5671.A4HW76,5671.A4I2I8,64.3
1340,LINJ_14_1380,LINJ_06_1220,5671.A4HW76,5671.E9AG71,70.1
1341,LINJ_14_1380,LINJ_24_2410,5671.A4HW76,5671.A4I140,109.4
1342,LINJ_14_1380,LINJ_34_1840,5671.A4HW76,5671.A4I9Y5,101.7
1343,LINJ_14_1380,MKK5,5671.A4HW76,5671.A4ICP8,110.2
1345,LINJ_14_1510,LINJ_20_0970,5671.A4HW88,5671.A4HYT8,74.7
1347,LINJ_15_0520,VPS4,5671.A4HWE8,5671.A4I4W4,229.2
1348,LINJ_15_0810,LINJ_34_0030,5671.A4HWH3,5671.A4I9H1,105.5
1370,LINJ_15_1540,LINJ_17_1060,5671.A4HWN6,5671.A4HXH3,53.1
1371,LINJ_15_1540,PDEA,5671.A4HWN6,5671.A4HXY3,153.3
1375,LINJ_15_1540,LINJ_29_2790,5671.A4HWN6,5671.A4I4X6,76.6
1376,LINJ_15_1540,LINJ_15_1550,5671.A4HWN6,5671.A4HWN7,1517.7
1377,LINJ_15_1550,LINJ_17_1060,5671.A4HWN7,5671.A4HXH3,53.9
1378,LINJ_15_1550,PDEA,5671.A4HWN7,5671.A4HXY3,151.0
1382,LINJ_15_1550,LINJ_29_2790,5671.A4HWN7,5671.A4I4X6,77.4
1383,LINJ_15_1630,GSK3,5671.A4HWP5,5671.A4HXQ3,50.4
1387,LINJ_15_1630,LINJ_28_1800,5671.A4HWP5,5671.A4I3P6,123.6
1388,LINJ_15_1630,LINJ_25_2450,5671.A4HWP5,5671.A4I1T4,156.0
1389,LINJ_15_1630,LINJ_30_0850,5671.A4HWP5,5671.A4I5B1,120.6
1394,LINJ_16_0070,LINJ_20_1580,5671.A4HWQ5,5671.A4HZ08,109.0
1395,LINJ_16_0070,LINJ_34_3300,5671.A4HWQ5,5671.A4IAB8,189.1
1408,LINJ_16_0730,LINJ_29_2410,5671.A4HWX0,5671.A4I4U4,63.9
1413,CRK,LINJ_24_2410,5671.A4HWZ4,5671.A4I140,72.4
1418,CRK,MKK5,5671.A4HWZ4,5671.A4ICP8,64.3
1431,CRK,LMAIRK,5671.A4HWZ4,5671.A4I3C6,60.1
1432,CRK,LINJ_29_1420,5671.A4HWZ4,5671.E9AHI7,63.5
1437,CRK,LINJ_17_0770,5671.A4HWZ4,5671.A4HXE5,52.8
1441,CRK,LINJ_26_0050,5671.A4HWZ4,5671.A4I1U3,97.1
1463,LINJ_17_0070,LINJ_27_2570,5671.A4HX71,5671.E9AHC6,84.7
1464,LINJ_17_0070,LINJ_36_5580,5671.A4HX71,5671.A4IC77,105.9
1465,LINJ_17_0070,LINJ_17_0770,5671.A4HX71,5671.A4HXE5,117.9
1467,LINJ_17_0070,LINJ_26_2540,5671.A4HX71,5671.A4I2I8,80.1
1469,LINJ_17_0070,LINJ_29_2830,5671.A4HX71,5671.A4I4Y0,60.8
1471,LINJ_17_0550,LINJ_06_1220,5671.A4HXC3,5671.E9AG71,82.0
1472,LINJ_17_0550,LINJ_24_2410,5671.A4HXC3,5671.A4I140,90.5
1473,LINJ_17_0550,LINJ_34_1840,5671.A4HXC3,5671.A4I9Y5,93.6
1474,LINJ_17_0550,MKK5,5671.A4HXC3,5671.A4ICP8,86.3
1477,LINJ_17_0660,LINJ_33_2210,5671.A4HXD4,5671.A4I980,69.7
1478,LINJ_17_0660,LINJ_35_2080,5671.A4HXD4,5671.A4IBA6,251.9
1479,LINJ_17_0770,LINJ_06_1220,5671.A4HXE5,5671.E9AG71,116.3
1482,LINJ_17_0770,LINJ_19_1510,5671.A4HXE5,5671.A4HYH7,59.7
1487,LINJ_17_0770,LINJ_35_1030,5671.A4HXE5,5671.A4IAZ8,50.8
1492,LINJ_17_0770,LINJ_29_2260,5671.A4HXE5,5671.A4I4S4,53.1
1493,LINJ_17_0770,LINJ_30_1780,5671.A4HXE5,5671.A4I5K5,50.4
1497,LINJ_17_0770,LINJ_27_2570,5671.A4HXE5,5671.E9AHC6,70.9
1498,LINJ_17_0770,CRK3,5671.A4HXE5,5671.A4ICT0,79.0
1505,LINJ_17_0770,LINJ_35_1020,5671.A4HXE5,5671.A4IAZ7,50.4
1508,LINJ_17_0770,LINJ_26_2460,5671.A4HXE5,5671.A4I2H1,70.5
1509,LINJ_17_0770,LMAIRK,5671.A4HXE5,5671.A4I3C6,154.5
1511,LINJ_17_0770,LINJ_29_1420,5671.A4HXE5,5671.E9AHI7,118.6
1513,LINJ_17_0770,LINJ_29_2830,5671.A4HXE5,5671.A4I4Y0,55.1
1524,GMPR,LINJ_19_1590,5671.A4HXF5,5671.A4HYI5,275.4
1540,GSK3,LINJ_28_1800,5671.A4HXQ3,5671.A4I3P6,86.3
1542,GSK3,LINJ_34_1840,5671.A4HXQ3,5671.A4I9Y5,76.6
1543,GSK3,LINJ_24_2410,5671.A4HXQ3,5671.A4I140,72.4
1545,GSK3,PKAC1,5671.A4HXQ3,5671.A4HXY2,90.1
1553,GSK3,LINJ_25_2450,5671.A4HXQ3,5671.A4I1T4,80.5
1563,GSK3,MKK5,5671.A4HXQ3,5671.A4ICP8,75.9
1564,GSK3,LINJ_30_0850,5671.A4HXQ3,5671.A4I5B1,73.6
1565,GSK3,LINJ_35_4060,5671.A4HXQ3,5671.A4IBT9,73.6
1566,GSK3,LINJ_35_4010,5671.A4HXQ3,5671.A4IBT4,72.8
1567,GSK3,LINJ_34_0030,5671.A4HXQ3,5671.A4I9H1,64.7
1568,GSK3,CRK1,5671.A4HXQ3,5671.E9AGX6,139.4
1569,GSK3,LINJ_35_1020,5671.A4HXQ3,5671.A4IAZ7,52.8
1572,LINJ_18_0470,LINJ_34_0490,5671.A4HXS2,5671.A4I9L7,81.6
1574,LINJ_18_0470,LINJ_25_0440,5671.A4HXS2,5671.A4I186,74.3
1575,LINJ_18_0470,LINJ_24_2350,5671.A4HXS2,5671.A4I135,76.6
1596,LINJ_18_0650,LINJ_28_1800,5671.A4HXU0,5671.A4I3P6,116.7
1597,LINJ_18_0650,LINJ_21_0910,5671.A4HXU0,5671.A4HZ84,77.8
1598,LINJ_18_0650,LINJ_25_2450,5671.A4HXU0,5671.A4I1T4,139.8
1600,PKAC1,LINJ_26_2540,5671.A4HXY2,5671.A4I2I8,94.4
1601,PKAC1,LINJ_22_0370,5671.A4HXY2,5671.A4HZS7,62.8
1606,PKAC1,LINJ_34_0030,5671.A4HXY2,5671.A4I9H1,53.1
1607,PDEA,LINJ_29_2790,5671.A4HXY3,5671.A4I4X6,118.2
1608,PDEA,LINJ_29_2550,5671.A4HXY3,5671.A4I4V8,318.2
1620,LINJ_18_1140,LINJ_32_2160,5671.A4HXY7,5671.A4I825,142.1
1622,LINJ_18_1140,LINJ_32_1930,5671.A4HXY7,5671.A4I7Z9,71.6
1623,LINJ_18_1140,LINJ_30_1710,5671.A4HXY7,5671.A4I5J8,64.3
1624,LINJ_18_1140,LINJ_32_0520,5671.A4HXY7,5671.A4I7N3,105.5
1625,LINJ_18_1140,RAB7,5671.A4HXY7,5671.E9AGQ4,109.4
1627,H1A-2,LINJ_33_2210,5671.A4HY23,5671.A4I980,99.0
1643,LINJ_19_0950,LINJ_23_0580,5671.A4HYA8,5671.A4I093,68.6
1644,LINJ_19_0950,LINJ_23_0880,5671.A4HYA8,5671.A4I0C2,71.2
1654,LINJ_19_0970,LINJ_23_0580,5671.A4HYB7,5671.A4I093,52.0
1655,LINJ_19_0970,LINJ_23_0880,5671.A4HYB7,5671.A4I0C2,55.1
1662,MPK4,LINJ_34_0030,5671.A4HYH4,5671.A4I9H1,77.0
1664,MPK4,LINJ_30_0850,5671.A4HYH4,5671.A4I5B1,83.2
1667,MPK4,MKK5,5671.A4HYH4,5671.A4ICP8,91.3
1668,MPK4,LINJ_24_2410,5671.A4HYH4,5671.A4I140,79.0
1669,MPK4,LINJ_34_1840,5671.A4HYH4,5671.A4I9Y5,61.6
1678,LINJ_19_1510,LINJ_36_5580,5671.A4HYH7,5671.A4IC77,52.0
1679,LINJ_19_1510,LINJ_26_2540,5671.A4HYH7,5671.A4I2I8,50.4
1725,LINJ_20_0020,LINJ_24_2350,5671.A4HYJ4,5671.A4I135,55.1
1738,LINJ_20_0970,LINJ_36_2420,5671.A4HYT8,5671.A4IDK3,68.2
1739,LINJ_20_0970,LINJ_28_3240,5671.A4HYT8,5671.A4I435,72.0
1740,LINJ_20_0970,LINJ_21_1000,5671.A4HYT8,5671.A4HZ85,80.5
1741,LINJ_20_0970,LINJ_32_0270,5671.A4HYT8,5671.A4I7J0,90.5
1742,LINJ_20_0970,LINJ_21_1870,5671.A4HYT8,5671.A4HZM2,89.7
1743,LINJ_20_0970,LINJ_33_2100,5671.A4HYT8,5671.A4I960,73.2
1744,LINJ_20_0970,LINJ_31_3300,5671.A4HYT8,5671.A4I7C4,66.6
1745,LINJ_20_0970,LINJ_29_2680,5671.A4HYT8,5671.A4I4X0,79.0
1746,LINJ_20_0970,LINJ_36_1580,5671.A4HYT8,5671.A4IDC1,65.5
1747,LINJ_20_0970,LINJ_36_1590,5671.A4HYT8,5671.A4IDC2,66.2
1748,LINJ_20_0970,LINJ_29_2780,5671.A4HYT8,5671.A4I4X5,86.7
1749,LINJ_20_0970,BT1-2,5671.A4HYT8,5671.A4IC37,65.9
1750,LINJ_20_0970,LINJ_32_1900,5671.A4HYT8,5671.A4I7Z6,61.6
1751,LINJ_20_0970,LINJ_31_3070,5671.A4HYT8,5671.A4I7A1,67.8
1752,LINJ_20_0970,LINJ_26_2600,5671.A4HYT8,5671.A4I2H8,65.5
1753,LINJ_20_0970,LINJ_22_0770,5671.A4HYT8,5671.A4HZW8,79.0
1761,LINJ_20_1140,LINJ_34_3370,5671.A4HYV4,5671.A4IAC5,50.8
1762,LINJ_20_1140,LINJ_24_2090,5671.A4HYV4,5671.A4I109,54.7
1765,LINJ_20_1140,LINJ_29_1550,5671.A4HYV4,5671.A4I4K7,65.9
1774,LINJ_20_1370,LINJ_29_2600,5671.A4HYX6,5671.A4I4W3,50.8
1777,LINJ_20_1370,LINJ_25_2450,5671.A4HYX6,5671.A4I1T4,55.5
1783,LINJ_20_1370,MPK11,5671.A4HYX6,5671.A4I910,58.9
1820,LINJ_21_0870,RAB7,5671.A4HZ80,5671.E9AGQ4,97.4
1824,LINJ_21_0910,LINJ_22_0630,5671.A4HZ84,5671.A4HZV1,50.4
1826,LINJ_21_0910,LINJ_29_2140,5671.A4HZ84,5671.A4I4Q9,67.4
1828,LINJ_21_0910,LINJ_24_0220,5671.A4HZ84,5671.E9AH34,55.8
1829,LINJ_21_0910,LINJ_36_0960,5671.A4HZ84,5671.A4ICP4,76.3
1831,LINJ_21_0910,LINJ_33_1810,5671.A4HZ84,5671.A4I967,72.4
1884,LINJ_21_2200,LINJ_35_3880,5671.A4HZI9,5671.A4IBS2,58.9
1891,LINJ_21_2200,LINJ_36_1730,5671.A4HZI9,5671.A4IDD6,56.2
1892,LINJ_21_2200,91E11,5671.A4HZI9,5671.Q9GNZ8,173.7
1909,LINJ_22_0370,LINJ_28_1800,5671.A4HZS7,5671.A4I3P6,59.7
1915,LINJ_22_0370,LINJ_24_2410,5671.A4HZS7,5671.A4I140,53.1
1917,LINJ_22_0370,LINJ_35_4060,5671.A4HZS7,5671.A4IBT9,60.8
1918,LINJ_22_0370,LINJ_35_4010,5671.A4HZS7,5671.A4IBT4,60.8
1919,LINJ_22_0370,LINJ_34_1840,5671.A4HZS7,5671.A4I9Y5,53.5
1921,LINJ_22_0370,MKK5,5671.A4HZS7,5671.A4ICP8,68.9
1923,LINJ_22_0370,LINJ_30_0850,5671.A4HZS7,5671.A4I5B1,75.1
1936,LINJ_22_0370,LINJ_25_2450,5671.A4HZS7,5671.A4I1T4,55.8
1940,LINJ_22_0370,CRK1,5671.A4HZS7,5671.E9AGX6,100.5
1956,LINJ_22_0440,LINJ_36_1420,5671.A4HZT4,5671.A4ICJ9,201.1
1957,LINJ_22_0440,LINJ_27_0370,5671.A4HZT4,5671.A4I2M3,166.4
1958,LINJ_22_0440,LINJ_24_0170,5671.A4HZT4,5671.E9AH29,78.2
1962,LINJ_22_0440,LINJ_22_0490,5671.A4HZT4,5671.A4HZT9,286.6
1964,LINJ_22_0440,RPT6,5671.A4HZT4,5671.A4IE38,320.5
1966,LINJ_22_0440,LINJ_03_0520,5671.A4HZT4,5671.E9AG43,322.4
1967,LINJ_22_0440,LINJ.12.0190,5671.A4HZT4,5671.E9AGB0,283.5
1979,LINJ_22_0480,LINJ_24_2220,5671.A4HZT8,5671.A4I122,92.0
1980,LINJ_22_0480,LINJ_35_1310,5671.A4HZT8,5671.A4IB24,113.6
1982,LINJ_22_0480,LINJ_24_1780,5671.A4HZT8,5671.E9AH78,65.5
1983,LINJ_22_0480,LINJ_32_0730,5671.A4HZT8,5671.A4I7L2,73.9
1984,LINJ_22_0480,LINJ_32_1010,5671.A4HZT8,5671.A4I7R2,84.3
2004,LINJ_22_0490,LINJ_36_1420,5671.A4HZT9,5671.A4ICJ9,190.3
2006,LINJ_22_0490,LINJ_27_0370,5671.A4HZT9,5671.A4I2M3,146.7
2008,LINJ_22_0490,LINJ_24_0170,5671.A4HZT9,5671.E9AH29,63.2
2011,LINJ_22_0490,RPT6,5671.A4HZT9,5671.A4IE38,321.6
2014,LINJ_22_0490,LINJ_03_0520,5671.A4HZT9,5671.E9AG43,271.2
2015,LINJ_22_0490,LINJ.12.0190,5671.A4HZT9,5671.E9AGB0,284.6
2020,LINJ_22_0630,LINJ_29_2600,5671.A4HZV1,5671.A4I4W3,58.5
2021,LINJ_22_0630,LINJ_34_0030,5671.A4HZV1,5671.A4I9H1,65.9
2022,LINJ_22_0630,LINJ_28_1800,5671.A4HZV1,5671.A4I3P6,93.2
2023,LINJ_22_0630,LINJ_25_2450,5671.A4HZV1,5671.A4I1T4,112.1
2029,LINJ_22_0990,LINJ_25_2450,5671.A4HZY8,5671.A4I1T4,63.5
2041,LINJ_22_1530,LINJ_30_2970,5671.A4I027,5671.A4I5X4,319.7
2050,MRPA,MDR1,5671.A4I065,5671.A4I9R3,140.2
2074,LINJ_23_0580,LINJ_23_0880,5671.A4I093,5671.A4I0C2,1288.1
2097,LINJ_23_1450,LINJ_34_1900,5671.A4I0H7,5671.A4IAM7,56.2
2113,LINJ_24_1500,LINJ_06_1220,5671.A4I0Y4,5671.E9AG71,70.5
2114,LINJ_24_1500,LINJ_34_1840,5671.A4I0Y4,5671.A4I9Y5,99.4
2115,LINJ_24_1500,LINJ_24_2410,5671.A4I0Y4,5671.A4I140,93.6
2116,LINJ_24_1500,MKK5,5671.A4I0Y4,5671.A4ICP8,124.0
2136,LINJ_24_2090,LINJ_29_1550,5671.A4I109,5671.A4I4K7,120.9
2137,LINJ_24_2090,LINJ_34_3370,5671.A4I109,5671.A4IAC5,124.0
2159,LINJ_24_2220,LINJ_35_1310,5671.A4I122,5671.A4IB24,95.9
2169,LINJ_24_2220,LINJ_32_1010,5671.A4I122,5671.A4I7R2,68.6
2171,LINJ_24_2220,LINJ_32_0730,5671.A4I122,5671.A4I7L2,80.5
2178,LINJ_24_2220,LINJ_33_2910,5671.A4I122,5671.A4I9B7,76.6
2179,LINJ_24_2350,LINJ_30_0420,5671.A4I135,5671.A4I569,67.4
2180,LINJ_24_2350,LINJ_24_1790,5671.A4I135,5671.E9AH79,58.5
2181,LINJ_24_2350,LINJ_33_0060,5671.A4I135,5671.A4I8M2,73.9
2186,LINJ_24_2350,LINJ_35_3920,5671.A4I135,5671.A4IBS6,64.7
2188,LINJ_24_2350,LINJ_25_0440,5671.A4I135,5671.A4I186,59.7
2190,LINJ_24_2410,LINJ_36_0970,5671.A4I140,5671.A4ICP3,88.2
2191,LINJ_24_2410,LINJ_19_0140,5671.A4I140,5671.E9AGR7,103.6
2192,LINJ_24_2410,LINJ_30_0620,5671.A4I140,5671.A4I588,121.7
2193,LINJ_24_2410,CRK3,5671.A4I140,5671.A4ICT0,103.6
2194,LINJ_24_2410,LINJ_27_2570,5671.A4I140,5671.E9AHC6,79.7
2195,LINJ_24_2410,LINJ_30_2930,5671.A4I140,5671.A4I5X0,65.5
2196,LINJ_24_2410,LINJ_25_2070,5671.A4I140,5671.A4I1P7,71.6
2197,LINJ_24_2410,LINJ_36_0780,5671.A4I140,5671.A4ICR2,76.3
2198,LINJ_24_2410,LINJ_25_2450,5671.A4I140,5671.A4I1T4,84.7
2199,LINJ_24_2410,LINJ_29_2600,5671.A4I140,5671.A4I4W3,58.5
2200,LINJ_24_2410,LMPK,5671.A4I140,5671.A4ICA4,79.7
2201,LINJ_24_2410,MPK12,5671.A4I140,5671.A4I564,73.2
2202,LINJ_24_2410,MPK11,5671.A4I140,5671.A4I910,64.7
2205,LINJ_25_0440,LINJ_30_0420,5671.A4I186,5671.A4I569,50.8
2206,LINJ_25_0440,LINJ_24_1790,5671.A4I186,5671.E9AH79,50.1
2211,LINJ_25_0440,LINJ_33_0060,5671.A4I186,5671.A4I8M2,54.7
2214,LINJ_25_0540,LINJ_33_3410,5671.A4I194,5671.A4I9G7,99.0
2296,LINJ_25_2070,LINJ_34_1840,5671.A4I1P7,5671.A4I9Y5,76.3
2297,LINJ_25_2070,MKK5,5671.A4I1P7,5671.A4ICP8,68.6
2301,LINJ_25_2450,CRK1,5671.A4I1T4,5671.E9AGX6,94.4
2304,LINJ_25_2450,LINJ_35_4110,5671.A4I1T4,5671.A4IBU4,56.6
2305,LINJ_25_2450,LINJ_35_0480,5671.A4I1T4,5671.A4IAU7,69.7
2311,LINJ_25_2450,LINJ_34_1840,5671.A4I1T4,5671.A4I9Y5,108.6
2312,LINJ_25_2450,MKK5,5671.A4I1T4,5671.A4ICP8,97.1
2314,LINJ_25_2450,LINJ_29_2140,5671.A4I1T4,5671.A4I4Q9,148.7
2315,LINJ_25_2450,LINJ_36_0960,5671.A4I1T4,5671.A4ICP4,147.5
2318,LINJ_25_2450,LINJ_24_0220,5671.A4I1T4,5671.E9AH34,105.5
2319,LINJ_25_2450,LINJ_33_1810,5671.A4I1T4,5671.A4I967,120.9
2321,LINJ_25_2450,LINJ_34_0030,5671.A4I1T4,5671.A4I9H1,54.7
2323,LINJ_25_2450,LINJ_30_1060,5671.A4I1T4,5671.A4I5D1,89.4
2324,LINJ_25_2450,LINJ_31_1560,5671.A4I1T4,5671.A4I6T1,80.5
2325,LINJ_25_2450,LINJ_30_0850,5671.A4I1T4,5671.A4I5B1,189.5
2342,LINJ_26_0050,LINJ_30_1780,5671.A4I1U3,5671.A4I5K5,77.8
2346,LINJ_26_0050,CRK3,5671.A4I1U3,5671.A4ICT0,198.0
2347,LINJ_26_0050,LINJ_29_2260,5671.A4I1U3,5671.A4I4S4,82.8
2348,LINJ_26_0050,LINJ_27_2570,5671.A4I1U3,5671.E9AHC6,153.7
2419,LINJ_26_2460,LINJ_27_2570,5671.A4I2H1,5671.E9AHC6,52.8
2431,LINJ_26_2460,LINJ_26_2540,5671.A4I2H1,5671.A4I2I8,60.8
2440,LINJ_26_2540,LINJ_19_0140,5671.A4I2I8,5671.E9AGR7,57.0
2441,LINJ_26_2540,LINJ_30_0620,5671.A4I2I8,5671.A4I588,82.0
2443,LINJ_26_2540,LINJ_35_4060,5671.A4I2I8,5671.A4IBT9,70.5
2444,LINJ_26_2540,LINJ_35_4010,5671.A4I2I8,5671.A4IBT4,70.9
2447,LINJ_26_2540,LINJ_06_1220,5671.A4I2I8,5671.E9AG71,56.6
2456,LINJ_26_2540,CRK3,5671.A4I2I8,5671.A4ICT0,52.4
2462,LINJ_26_2540,LMAIRK,5671.A4I2I8,5671.A4I3C6,66.2
2463,LINJ_26_2540,LINJ_29_1420,5671.A4I2I8,5671.E9AHI7,52.4
2466,LINJ_26_2700,MDR1,5671.A4I2J3,5671.A4I9R3,1175.2
2479,LINJ_27_0370,LINJ_03_0520,5671.A4I2M3,5671.E9AG43,176.8
2481,LINJ_27_0370,LINJ.12.0190,5671.A4I2M3,5671.E9AGB0,152.1
2482,LINJ_27_0370,RPT6,5671.A4I2M3,5671.A4IE38,151.8
2497,LINJ_27_1150,LINJ_36_2130,5671.A4I2S6,5671.A4IDH4,57.0
2498,LINJ_27_1150,LINJ_30_2830,5671.A4I2S6,5671.A4I5W0,54.7
2499,LINJ_27_1150,LINJ_32_1940,5671.A4I2S6,5671.A4I800,60.1
2512,LINJ_27_1150,LINJ_21_1330,5671.A4I2S6,5671.E9AGX7,249.2
2513,LINJ_27_1150,LINJ_32_3470,5671.A4I2S6,5671.A4I8F2,268.5
2521,LINJ_27_1860,LINJ_35_1720,5671.A4I302,5671.A4IB73,89.7
2557,LMAIRK,LINJ_29_2260,5671.A4I3C6,5671.A4I4S4,50.4
2558,LMAIRK,LINJ_30_1780,5671.A4I3C6,5671.A4I5K5,52.4
2564,LMAIRK,CRK3,5671.A4I3C6,5671.A4ICT0,80.1
2565,LMAIRK,LINJ_27_2570,5671.A4I3C6,5671.E9AHC6,63.5
2569,LMAIRK,LINJ_36_5580,5671.A4I3C6,5671.A4IC77,89.4
2576,RAD51,DMC1,5671.A4I3C9,5671.A4IC25,321.6
2577,RAD51,LINJ_33_2620,5671.A4I3C9,5671.E9AHR7,76.3
2587,LINJ_28_0730,LINJ_31_2700,5671.A4I3E3,5671.A4I768,396.4
2602,LINJ_28_1800,LINJ_35_4110,5671.A4I3P6,5671.A4IBU4,66.6
2603,LINJ_28_1800,LINJ_24_0220,5671.A4I3P6,5671.E9AH34,65.5
2604,LINJ_28_1800,LINJ_33_1810,5671.A4I3P6,5671.A4I967,106.7
2605,LINJ_28_1800,LINJ_35_0480,5671.A4I3P6,5671.A4IAU7,69.7
2606,LINJ_28_1800,LINJ_29_2140,5671.A4I3P6,5671.A4I4Q9,127.9
2607,LINJ_28_1800,LINJ_36_0960,5671.A4I3P6,5671.A4ICP4,118.2
2611,LINJ_28_1800,LINJ_34_0030,5671.A4I3P6,5671.A4I9H1,54.7
2616,LINJ_28_1800,LINJ_30_1060,5671.A4I3P6,5671.A4I5D1,84.7
2617,LINJ_28_1800,LINJ_31_1560,5671.A4I3P6,5671.A4I6T1,82.4
2618,LINJ_28_1800,LINJ_30_0850,5671.A4I3P6,5671.A4I5B1,203.4
2619,LDK,LINJ_29_2830,5671.A4I3S8,5671.A4I4Y0,52.4
2685,LINJ_29_1550,LINJ_34_3370,5671.A4I4K7,5671.A4IAC5,183.7
2697,GCVL-1,LINJ_31_2720,5671.A4I4P1,5671.E9AHL8,378.3
2699,GCVL-1,GCVL-2,5671.A4I4P1,5671.A4I8F6,180.6
2703,LINJ_29_2140,LINJ_34_0030,5671.A4I4Q9,5671.A4I9H1,64.7
2731,LINJ_29_2600,LINJ_36_0960,5671.A4I4W3,5671.A4ICP4,63.5
2733,LINJ_29_2600,LINJ_33_1810,5671.A4I4W3,5671.A4I967,58.9
2737,LINJ_29_2600,LINJ_36_0970,5671.A4I4W3,5671.A4ICP3,53.1
2741,LINJ_29_2600,MKK5,5671.A4I4W3,5671.A4ICP8,61.2
2742,LINJ_29_2600,LINJ_30_0850,5671.A4I4W3,5671.A4I5B1,57.0
2752,LINJ_29_2600,LINJ_34_0030,5671.A4I4W3,5671.A4I9H1,71.6
2761,LINJ_29_2830,CRK3,5671.A4I4Y0,5671.A4ICT0,57.4
2763,LINJ_29_2830,LINJ_27_2570,5671.A4I4Y0,5671.E9AHC6,53.5
2767,LINJ_29_2940,PABP1,5671.A4I4Y5,5671.A4IC57,54.3
2774,CYC3,CYC6,5671.A4I503,5671.A4I8F7,54.7
2789,MPK12,LINJ_34_0030,5671.A4I564,5671.A4I9H1,51.6
2791,MPK12,LINJ_30_0850,5671.A4I564,5671.A4I5B1,81.3
2792,MPK12,MKK5,5671.A4I564,5671.A4ICP8,65.9
2793,MPK12,LINJ_34_1840,5671.A4I564,5671.A4I9Y5,51.2
2809,LINJ_30_0620,LINJ_06_1220,5671.A4I588,5671.E9AG71,89.0
2810,LINJ_30_0620,LINJ_34_1840,5671.A4I588,5671.A4I9Y5,106.7
2811,LINJ_30_0620,MKK5,5671.A4I588,5671.A4ICP8,106.3
2813,LINJ_30_0850,LINJ_30_2930,5671.A4I5B1,5671.A4I5X0,72.4
2814,LINJ_30_0850,LINJ_06_1220,5671.A4I5B1,5671.E9AG71,149.8
2815,LINJ_30_0850,LINJ_36_0780,5671.A4I5B1,5671.A4ICR2,97.8
2816,LINJ_30_0850,LMPK,5671.A4I5B1,5671.A4ICA4,88.6
2818,LINJ_30_0850,MPK11,5671.A4I5B1,5671.A4I910,70.5
2820,LINJ_30_0850,LINJ_34_0030,5671.A4I5B1,5671.A4I9H1,54.3
2823,LINJ_30_0850,LINJ_30_1060,5671.A4I5B1,5671.A4I5D1,65.1
2824,LINJ_30_0850,LINJ_31_1560,5671.A4I5B1,5671.A4I6T1,57.4
2826,LINJ_30_0970,LINJ_32_1150,5671.A4I5C2,5671.A4I7S6,94.4
2827,LINJ_30_0970,LINJ_34_3790,5671.A4I5C2,5671.A4IAG7,68.2
2848,LINJ_30_1710,LINJ_31_0890,5671.A4I5J8,5671.A4I6I0,53.9
2849,LINJ_30_1710,LINJ_27_0620,5671.A4I5J8,5671.E9AHE8,105.1
2850,LINJ_30_1710,LINJ_33_1940,5671.A4I5J8,5671.A4I946,85.5
2851,LINJ_30_1710,LINJ_32_1930,5671.A4I5J8,5671.A4I7Z9,57.8
2853,LINJ_30_1710,RAB7,5671.A4I5J8,5671.E9AGQ4,87.4
2854,LINJ_30_1710,LINJ_32_0520,5671.A4I5J8,5671.A4I7N3,82.4
2862,LINJ_30_1780,LINJ_29_1420,5671.A4I5K5,5671.E9AHI7,69.3
2878,LINJ_30_2930,LINJ_34_1840,5671.A4I5X0,5671.A4I9Y5,53.1
2879,LINJ_30_2930,MKK5,5671.A4I5X0,5671.A4ICP8,58.9
2886,LINJ_30_3310,LINJ_24_0130,5671.A4I610,5671.E9AH25,73.2
2897,LINJ_30_3430,PGKB,5671.A4I628,5671.E9AGU0,366.7
2898,LINJ_30_3430,PGKC,5671.A4I628,5671.E9AGT9,364.4
2908,LINJ_31_0890,LINJ_33_1940,5671.A4I6I0,5671.A4I946,53.9
2909,LINJ_31_0890,LINJ_27_0620,5671.A4I6I0,5671.E9AHE8,58.2
2911,LINJ_31_0890,RAB7,5671.A4I6I0,5671.E9AGQ4,58.5
2918,ABCC5,MDR1,5671.A4I6Q4,5671.A4I9R3,125.6
2920,PRP1,MDR1,5671.A4I6S0,5671.A4I9R3,103.2
2922,LINJ_31_1870,LINJ_36_0970,5671.A4I6V7,5671.A4ICP3,57.4
2938,PGFS,LINJ_32_0470,5671.A4I6Z4,5671.A4I7L0,344.7
2945,LINJ_31_3080,LINJ_31_3260,5671.A4I7A2,5671.A4I7C0,203.4
2967,LINJ_32_0730,LINJ_35_1310,5671.A4I7L2,5671.A4IB24,84.0
2968,LINJ_32_0730,LINJ_33_2910,5671.A4I7L2,5671.A4I9B7,75.1
2970,LINJ_32_0730,LINJ_32_1010,5671.A4I7L2,5671.A4I7R2,60.5
2983,LINJ_32_0520,RAB7,5671.A4I7N3,5671.E9AGQ4,126.7
2988,LINJ_32_1010,LINJ_35_1310,5671.A4I7R2,5671.A4IB24,102.4
2990,LINJ_32_1010,LINJ_33_2910,5671.A4I7R2,5671.A4I9B7,61.6
2996,LINJ_32_1150,LINJ_32_4080,5671.A4I7S6,5671.A4I8L1,59.3
3014,LINJ_32_1930,LINJ_27_0620,5671.A4I7Z9,5671.E9AHE8,98.6
3015,LINJ_32_1930,LINJ_33_1940,5671.A4I7Z9,5671.A4I946,81.6
3016,LINJ_32_1930,RAB7,5671.A4I7Z9,5671.E9AGQ4,84.7
3020,LINJ_32_1940,LINJ_32_3470,5671.A4I800,5671.A4I8F2,58.2
3023,LINJ_32_1940,LINJ_36_2130,5671.A4I800,5671.A4IDH4,622.1
3024,LINJ_32_1940,LINJ_36_2140,5671.A4I800,5671.A4IDH5,629.8
3028,LINJ_32_2160,LINJ_27_0620,5671.A4I825,5671.E9AHE8,174.5
3030,LINJ_32_2160,LINJ_33_1940,5671.A4I825,5671.A4I946,131.0
3032,LINJ_32_2160,RAB7,5671.A4I825,5671.E9AGQ4,137.9
3057,LINJ_32_3470,LINJ_21_1330,5671.A4I8F2,5671.E9AGX7,246.1
3065,GCVL-2,LINJ_31_2720,5671.A4I8F6,5671.E9AHL8,142.5
3079,LINJ_33_0060,LINJ_35_3920,5671.A4I8M2,5671.A4IBS6,51.6
3084,LINJ_33_1060,LINJ_33_2210,5671.A4I8W5,5671.A4I980,50.4
3085,LINJ_33_1060,LINJ_35_2080,5671.A4I8W5,5671.A4IBA6,156.0
3087,MPK11,LINJ_34_0030,5671.A4I910,5671.A4I9H1,50.8
3090,MPK11,MKK5,5671.A4I910,5671.A4ICP8,67.0
3091,MPK11,LINJ_34_1840,5671.A4I910,5671.A4I9Y5,62.0
3104,LINJ_33_1940,RAB7,5671.A4I946,5671.E9AGQ4,113.6
3108,LINJ_33_2210,LINJ_35_2080,5671.A4I980,5671.A4IBA6,58.2
3120,LINJ_33_2910,LINJ_35_1310,5671.A4I9B7,5671.A4IB24,94.4
3139,LINJ_33_3360,LINJ_34_4140,5671.A4I9G2,5671.A4IAK2,169.5
3140,LINJ_34_0030,LINJ_36_0780,5671.A4I9H1,5671.A4ICR2,50.8
3141,LINJ_34_0030,LINJ_36_0960,5671.A4I9H1,5671.A4ICP4,64.3
3148,LINJ_34_0030,LMPK,5671.A4I9H1,5671.A4ICA4,60.8
3150,LINJ_34_0030,LINJ_34_0990,5671.A4I9H1,5671.A4I9Q1,53.9
3154,LINJ_34_0030,LINJ_35_1720,5671.A4I9H1,5671.A4IB73,52.0
3158,LINJ_34_0030,LINJ_35_4060,5671.A4I9H1,5671.A4IBT9,50.1
3162,LINJ_34_0030,LINJ_36_0970,5671.A4I9H1,5671.A4ICP3,50.4
3168,LINJ_34_0030,CRK1,5671.A4I9H1,5671.E9AGX6,60.8
3172,LINJ_34_0150,mMDH,5671.A4I9I3,5671.A4I9I5,464.2
3173,LINJ_34_0150,LINJ_34_0160,5671.A4I9I3,5671.A4I9I4,345.1
3181,LINJ_34_0160,mMDH,5671.A4I9I4,5671.A4I9I5,342.4
3204,LINJ_34_1840,LINJ_36_0970,5671.A4I9Y5,5671.A4ICP3,80.5
3205,LINJ_34_1840,LINJ_19_0140,5671.A4I9Y5,5671.E9AGR7,75.1
3206,LINJ_34_1840,LINJ_27_2570,5671.A4I9Y5,5671.E9AHC6,72.4
3207,LINJ_34_1840,CRK3,5671.A4I9Y5,5671.A4ICT0,76.6
3208,LINJ_34_1840,LINJ_36_0780,5671.A4I9Y5,5671.A4ICR2,74.3
3209,LINJ_34_1840,LMPK,5671.A4I9Y5,5671.A4ICA4,77.0
3221,LINJ_34_3340,LINJ_24_0130,5671.A4IAC2,5671.E9AH25,58.2
3227,TOR3,TOR2,5671.A4IAG3,5671.A4IAK5,384.8
3271,LINJ_35_1270,LINJ_03_0520,5671.A4IB20,5671.E9AG43,137.9
3281,LINJ_35_1310,LINJ_24_1780,5671.A4IB24,5671.E9AH78,60.8
3300,LINJ_35_3880,LINJ_36_1730,5671.A4IBS2,5671.A4IDD6,78.6
3304,LINJ_35_3920,LINJ_36_5050,5671.A4IBS6,5671.A4IDR0,60.8
3317,LINJ_36_5580,CRK3,5671.A4IC77,5671.A4ICT0,67.8
3320,LINJ_36_5580,LINJ_29_1420,5671.A4IC77,5671.E9AHI7,73.2
3324,LMPK,MKK5,5671.A4ICA4,5671.A4ICP8,75.9
3331,LINJ_36_1420,LINJ_03_0520,5671.A4ICJ9,5671.E9AG43,198.4
3333,LINJ_36_1420,RPT6,5671.A4ICJ9,5671.A4IE38,203.0
3334,LINJ_36_1420,LINJ.12.0190,5671.A4ICJ9,5671.E9AGB0,199.1
3337,LINJ_36_0970,MKK5,5671.A4ICP3,5671.A4ICP8,82.0
3341,LINJ_36_0970,LINJ_08_1250,5671.A4ICP3,5671.E9AG93,111.3
3344,MKK5,LINJ_19_0140,5671.A4ICP8,5671.E9AGR7,87.0
3345,MKK5,LINJ_27_2570,5671.A4ICP8,5671.E9AHC6,104.4
3346,MKK5,CRK3,5671.A4ICP8,5671.A4ICT0,94.7
3347,MKK5,LINJ_36_0780,5671.A4ICP8,5671.A4ICR2,109.0
3360,CRK3,LINJ_29_1420,5671.A4ICT0,5671.E9AHI7,88.2
3375,LINJ_36_1730,91E11,5671.A4IDD6,5671.Q9GNZ8,52.4
3381,LINJ_36_2130,LINJ_36_2140,5671.A4IDH4,5671.A4IDH5,954.9
3385,LINJ_36_2310,LINJ_36_5610,5671.A4IDJ2,5671.A4IDV1,115.5
3398,RPT6,LINJ_24_0170,5671.A4IE38,5671.E9AH29,78.2
3399,RPT6,LINJ_03_0520,5671.A4IE38,5671.E9AG43,328.2
3400,RPT6,LINJ.12.0190,5671.A4IE38,5671.E9AGB0,308.5
3411,LINJ_03_0520,LINJ_24_0170,5671.E9AG43,5671.E9AH29,81.3
3413,LINJ_03_0520,LINJ.12.0190,5671.E9AG43,5671.E9AGB0,291.2
3422,LINJ.12.0190,LINJ_24_0170,5671.E9AGB0,5671.E9AH29,77.8
3430,RAB7,LINJ_27_0620,5671.E9AGQ4,5671.E9AHE8,132.9
3436,PGKC,PGKB,5671.E9AGT9,5671.E9AGU0,845.5
3463,LINJ_27_2570,LINJ_29_1420,5671.E9AHC6,5671.E9AHI7,79.0
