"DOClass"	"Disease"	"DiseaseClass"	"EvidenceIndexGDA"	"EvidenceLevelGDA"	"FirstRef"	"Gene"	"GeneDPI"	"GeneDSI"	"GeneFullName"	"GenePLI"	"HPOClass"	"LastRef"	"NumDiseasesAssociatedToGene"	"NumGenesDisease"	"NumPMIDs"	"NumVariantsAssociatedToGene"	"NumVariantsDisease"	"NumVariantsGDA"	"PathwayIDs"	"PathwayNames"	"ProteinClass"	"ScoreGDA"	"SemanticType"	"Type"	"UnitProt"	"diseaseUMLSCUI"	"geneEnsemblIDs"	"geneNcbiID"	"geneNcbiType"	"numCTs"	"numberChemsIncludedInEvidence"	"numberPmidsWithChemsIncludedInEvidence"
"disease by infectious agent (0050117)"	"Chagas Disease"	"Infections"	"0.6666666666666666"	""	"1992"	"HSPA4"	"0.96"	"0.4"	"heat shock protein family A (Hsp70) member 4"	"1.0"	""	"2011"	"629"	"355"	"3"	"15"	"50"	"0"	"R-HSA-8953897"	"Cellular responses to stimuli"	""	"0.7"	"Disease or Syndrome (T047)"	"disease"	"P34932"	"C0041234"	"ENSG00000170606"	"3308"	"protein-coding"	"0"	"1"	"1"
"disease by infectious agent (0050117)"	"Chagas Disease"	"Infections"	"1.0"	""	"2009"	"HLA-DRB1"	"0.96"	"0.38"	"major histocompatibility complex, class II, DR beta 1"	""	""	"2009"	"972"	"355"	"1"	"34"	"50"	"0"	"R-HSA-168256"	"Immune System"	"Immune response"	"0.55"	"Disease or Syndrome (T047)"	"disease"	"Q5Y7D1,X5DNQ0,P01911,D7RIH8,A0A224MM52"	"C0041234"	"ENSG00000196126"	"3123"	"protein-coding"	"0"	"0"	"0"
"disease by infectious agent (0050117)"	"Chagas Disease"	"Infections"	"0.8333333333333334"	""	"1991"	"IFNG"	"1.0"	"0.27"	"interferon gamma"	"0.10687"	""	"2022"	"2510"	"355"	"24"	"30"	"50"	"1"	"R-HSA-168256,R-HSA-74160"	"Immune System,Gene expression (Transcription)"	""	"0.5"	"Disease or Syndrome (T047)"	"disease"	"P01579,A0A7R8GUN6"	"C0041234"	"ENSG00000111537"	"3458"	"protein-coding"	"3"	"1"	"1"
"disease by infectious agent (0050117)"	"Chagas Disease"	"Infections"	"1.0"	""	"1997"	"CHRM2"	"0.83"	"0.6"	"cholinergic receptor muscarinic 2"	"0.92225"	""	"1997"	"86"	"355"	"1"	"57"	"50"	"0"	"R-HSA-162582,R-HSA-5653656"	"Signal Transduction,Vesicle-mediated transport"	"G-protein coupled receptor"	"0.45"	"Disease or Syndrome (T047)"	"disease"	"P08172,Q6SL56,Q86SJ1,A4D1Q0,Q6SL59"	"C0041234"	"ENSG00000181072"	"1129"	"protein-coding"	"0"	"1"	"1"
"disease by infectious agent (0050117)"	"Chagas Disease"	"Infections"	"0.9523809523809523"	""	"1998"	"TNF"	"0.96"	"0.23"	"tumor necrosis factor"	"0.85687"	""	"2023"	"4015"	"355"	"21"	"21"	"50"	"1"	"R-HSA-1266738,R-HSA-162582,R-HSA-168256"	"Developmental Biology,Signal Transduction,Immune System"	"Signaling"	"0.45"	"Disease or Syndrome (T047)"	"disease"	"P01375,Q5STB3"	"C0041234"	"ENSG00000232810"	"7124"	"protein-coding"	"4"	"0"	"0"
"disease by infectious agent (0050117)"	"Chagas Disease"	"Infections"	"0.9"	""	"1995"	"IL10"	"0.96"	"0.27"	"interleukin 10"	"0.48334"	""	"2022"	"2592"	"355"	"10"	"53"	"50"	"0"	"R-HSA-1643685,R-HSA-168256"	"Disease,Immune System"	""	"0.45"	"Disease or Syndrome (T047)"	"disease"	"Q6FGW4,P22301"	"C0041234"	"ENSG00000136634"	"3586"	"protein-coding"	"1"	"0"	"0"
"disease by infectious agent (0050117)"	"Chagas Disease"	"Infections"	"0.8"	""	"2002"	"NPPB"	"0.91"	"0.39"	"natriuretic peptide B"	"1.8925E-5"	""	"2021"	"747"	"355"	"10"	"3"	"50"	"0"	""	""	""	"0.4"	"Disease or Syndrome (T047)"	"disease"	"P16860"	"C0041234"	"ENSG00000120937"	"4879"	"protein-coding"	"1"	"0"	"0"
"disease by infectious agent (0050117)"	"Chagas Disease"	"Infections"	"1.0"	""	"2010"	"CCL5"	"0.96"	"0.38"	"C-C motif chemokine ligand 5"	"0.14578"	""	"2020"	"803"	"355"	"3"	"6"	"50"	"0"	"R-HSA-162582,R-HSA-168256"	"Signal Transduction,Immune System"	"Signaling"	"0.4"	"Disease or Syndrome (T047)"	"disease"	"P13501,A0A494C1Q1,D0EI67"	"C0041234"	"ENSG00000271503"	"6352"	"protein-coding"	"1"	"0"	"0"
"disease by infectious agent (0050117)"	"Chagas Disease"	"Infections"	""	""	""	"SOAT1"	"0.91"	"0.4"	"sterol O-acyltransferase 1"	"7.8392E-8"	""	""	"615"	"355"	"0"	"12"	"50"	"1"	"R-HSA-382551"	"Transport of small molecules"	"Enzyme"	"0.4"	"Disease or Syndrome (T047)"	"disease"	"P35610"	"C0041234"	"ENSG00000057252"	"6646"	"protein-coding"	"0"	"0"	"0"
"disease by infectious agent (0050117)"	"Chagas Disease"	"Infections"	"0.5714285714285714"	""	"2007"	"LGALS3"	"0.91"	"0.35"	"galectin 3"	"2.0063E-4"	""	"2022"	"1093"	"355"	"7"	"6"	"50"	"0"	"R-HSA-168256,R-HSA-74160"	"Immune System,Gene expression (Transcription)"	"Signaling"	"0.35"	"Disease or Syndrome (T047)"	"disease"	"A0A024R693,P17931"	"C0041234"	"ENSG00000131981"	"3958"	"protein-coding"	"2"	"0"	"0"
""	"Cardiomyopathy,Chagas'"	"Cardiovascular Diseases,Infections"	"0.8"	""	"2017"	"LGALS3"	"0.91"	"0.35"	"galectin 3"	"2.0063E-4"	""	"2024"	"1093"	"73"	"5"	"6"	"25"	"0"	"R-HSA-168256,R-HSA-74160"	"Immune System,Gene expression (Transcription)"	"Signaling"	"0.35"	"Disease or Syndrome (T047)"	"disease"	"A0A024R693,P17931"	"C0007930"	"ENSG00000131981"	"3958"	"protein-coding"	"1"	"0"	"0"
"disease by infectious agent (0050117)"	"Chagas Disease"	"Infections"	"0.3333333333333333"	""	"2010"	"IL6"	"0.96"	"0.23"	"interleukin 6"	"0.19935"	""	"2020"	"3805"	"355"	"3"	"33"	"50"	"1"	"R-HSA-162582,R-HSA-1643685,R-HSA-168256,R-HSA-392499,R-HSA-74160,R-HSA-8953897"	"Signal Transduction,Disease,Immune System,Metabolism of proteins,Gene expression (Transcription),Cellular responses to stimuli"	""	"0.35"	"Disease or Syndrome (T047)"	"disease"	"B4DNQ5,B5MC21,B4DVM1,Q75MH2,P05231"	"C0041234"	"ENSG00000136244"	"3569"	"protein-coding"	"1"	"1"	"1"
"disease by infectious agent (0050117)"	"Chagas Disease"	"Infections"	"1.0"	""	"2010"	"APOA1"	"0.91"	"0.37"	"apolipoprotein A1"	"5.2702E-7"	""	"2019"	"922"	"355"	"3"	"50"	"50"	"0"	"R-HSA-109582,R-HSA-1430728,R-HSA-1643685,R-HSA-382551,R-HSA-392499,R-HSA-5653656,R-HSA-8953897,R-HSA-9709957"	"Hemostasis,Metabolism,Disease,Transport of small molecules,Metabolism of proteins,Vesicle-mediated transport,Cellular responses to stimuli,Sensory Perception"	""	"0.35"	"Disease or Syndrome (T047)"	"disease"	"A0A024R3E3,P02647"	"C0041234"	"ENSG00000118137"	"335"	"protein-coding"	"1"	"0"	"0"
"disease by infectious agent (0050117)"	"Chagas Disease"	"Infections"	"0.8"	""	"1993"	"CD4"	"0.96"	"0.31"	"CD4 molecule"	"0.0059611"	""	"2014"	"1570"	"355"	"5"	"8"	"50"	"0"	"R-HSA-1643685,R-HSA-168256,R-HSA-5653656"	"Disease,Immune System,Vesicle-mediated transport"	""	"0.3"	"Disease or Syndrome (T047)"	"disease"	"A0A4Y5UGE4,B4DT49,B0AZV7,P01730"	"C0041234"	"ENSG00000010610"	"920"	"protein-coding"	"1"	"0"	"0"
"disease by infectious agent (0050117)"	"Chagas Disease"	"Infections"	"1.0"	""	"2004"	"CCL2"	"0.96"	"0.31"	"C-C motif chemokine ligand 2"	"0.098507"	""	"2018"	"1691"	"355"	"4"	"7"	"50"	"0"	"R-HSA-162582,R-HSA-168256,R-HSA-8953897"	"Signal Transduction,Immune System,Cellular responses to stimuli"	"Signaling"	"0.3"	"Disease or Syndrome (T047)"	"disease"	"P13500"	"C0041234"	"ENSG00000108691"	"6347"	"protein-coding"	"0"	"0"	"0"
""	"Cardiomyopathy,Chagas'"	"Cardiovascular Diseases,Infections"	"1.0"	""	"2016"	"NPPB"	"0.91"	"0.39"	"natriuretic peptide B"	"1.8925E-5"	""	"2020"	"747"	"73"	"2"	"3"	"25"	"0"	""	""	""	"0.3"	"Disease or Syndrome (T047)"	"disease"	"P16860"	"C0007930"	"ENSG00000120937"	"4879"	"protein-coding"	"1"	"0"	"0"
"disease by infectious agent (0050117)"	"Chagas Disease"	"Infections"	"1.0"	""	"2002"	"TGFB1"	"0.91"	"0.26"	"transforming growth factor beta 1"	"0.025965"	""	"2021"	"2690"	"355"	"9"	"59"	"50"	"6"	"R-HSA-109582,R-HSA-1266738,R-HSA-1474244,R-HSA-162582,R-HSA-1643685,R-HSA-168256,R-HSA-392499,R-HSA-74160"	"Hemostasis,Developmental Biology,Extracellular matrix organization,Signal Transduction,Disease,Immune System,Metabolism of proteins,Gene expression (Transcription)"	"Signaling"	"0.25"	"Disease or Syndrome (T047)"	"disease"	"P01137,A0A499FJK2"	"C0041234"	"ENSG00000105329"	"7040"	"protein-coding"	"0"	"0"	"0"
"disease by infectious agent (0050117)"	"Chagas Disease"	"Infections"	"1.0"	""	"2013"	"IL17A"	"0.96"	"0.31"	"interleukin 17A"	"0.47699"	""	"2021"	"1651"	"355"	"9"	"15"	"50"	"5"	"R-HSA-1643685,R-HSA-168256"	"Disease,Immune System"	""	"0.25"	"Disease or Syndrome (T047)"	"disease"	"Q16552"	"C0041234"	"ENSG00000112115"	"3605"	"protein-coding"	"0"	"1"	"1"
"disease by infectious agent (0050117)"	"Chagas Disease"	"Infections"	"0.875"	""	"1988"	"IL2"	"0.96"	"0.3"	"interleukin 2"	"0.84704"	""	"2021"	"1870"	"355"	"8"	"6"	"50"	"0"	"R-HSA-162582,R-HSA-168256,R-HSA-74160"	"Signal Transduction,Immune System,Gene expression (Transcription)"	""	"0.25"	"Disease or Syndrome (T047)"	"disease"	"P60568,Q0GK43"	"C0041234"	"ENSG00000109471"	"3558"	"protein-coding"	"0"	"0"	"0"
"disease by infectious agent (0050117)"	"Chagas Disease"	"Infections"	"1.0"	""	"2013"	"MMP2"	"0.91"	"0.32"	"matrix metallopeptidase 2"	"6.2654E-5"	""	"2022"	"1540"	"355"	"6"	"106"	"50"	"5"	"R-HSA-1266738,R-HSA-1474244,R-HSA-162582,R-HSA-168256,R-HSA-392499"	"Developmental Biology,Extracellular matrix organization,Signal Transduction,Immune System,Metabolism of proteins"	"Enzyme"	"0.25"	"Disease or Syndrome (T047)"	"disease"	"P08253"	"C0041234"	"ENSG00000087245"	"4313"	"protein-coding"	"0"	"0"	"0"
"disease by infectious agent (0050117)"	"Chagas Disease"	"Infections"	"1.0"	""	"2008"	"MMP9"	"0.96"	"0.29"	"matrix metallopeptidase 9"	"3.7082E-25"	""	"2019"	"1942"	"355"	"6"	"62"	"50"	"2"	"R-HSA-1266738,R-HSA-1474244,R-HSA-162582,R-HSA-168256"	"Developmental Biology,Extracellular matrix organization,Signal Transduction,Immune System"	"Enzyme"	"0.25"	"Disease or Syndrome (T047)"	"disease"	"P14780"	"C0041234"	"ENSG00000100985"	"4318"	"protein-coding"	"0"	"0"	"0"
"disease by infectious agent (0050117)"	"Chagas Disease"	"Infections"	"0.8"	""	"2002"	"NPPA"	"0.91"	"0.42"	"natriuretic peptide A"	"0.0013161"	""	"2010"	"549"	"355"	"5"	"66"	"50"	"0"	"R-HSA-392499,R-HSA-397014,R-HSA-74160"	"Metabolism of proteins,Muscle contraction,Gene expression (Transcription)"	""	"0.25"	"Disease or Syndrome (T047)"	"disease"	"P01160"	"C0041234"	"ENSG00000175206"	"4878"	"protein-coding"	"0"	"0"	"0"
"disease by infectious agent (0050117)"	"Chagas Disease"	"Infections"	"1.0"	""	"2013"	"TGFB2"	"0.91"	"0.31"	"transforming growth factor beta 2"	"0.99606"	""	"2021"	"1666"	"355"	"5"	"287"	"50"	"0"	"R-HSA-109582,R-HSA-1474244,R-HSA-162582"	"Hemostasis,Extracellular matrix organization,Signal Transduction"	"Signaling"	"0.25"	"Disease or Syndrome (T047)"	"disease"	"P61812,Q59EG9"	"C0041234"	"ENSG00000092969"	"7042"	"protein-coding"	"0"	"0"	"0"
"disease by infectious agent (0050117)"	"Chagas Disease"	"Infections"	"1.0"	""	"1999"	"IL12B"	"0.96"	"0.32"	"interleukin 12B"	"4.3903E-7"	""	"2021"	"1551"	"355"	"5"	"108"	"50"	"0"	"R-HSA-168256"	"Immune System"	"Signaling"	"0.25"	"Disease or Syndrome (T047)"	"disease"	"P29460"	"C0041234"	"ENSG00000113302"	"3593"	"protein-coding"	"0"	"0"	"0"
"disease by infectious agent (0050117)"	"Chagas Disease"	"Infections"	"1.0"	""	"2013"	"PDCD1"	"0.96"	"0.32"	"programmed cell death 1"	"0.029477"	""	"2022"	"1413"	"355"	"5"	"19"	"50"	"0"	"R-HSA-1643685,R-HSA-168256"	"Disease,Immune System"	""	"0.25"	"Disease or Syndrome (T047)"	"disease"	"A0A0M3M0G7,Q15116"	"C0041234"	"ENSG00000188389"	"5133"	"protein-coding"	"0"	"0"	"0"
"disease by infectious agent (0050117)"	"Chagas Disease"	"Infections"	"1.0"	""	"1980"	"INS"	"0.96"	"0.25"	"insulin"	"0.019763"	""	"2021"	"3105"	"355"	"4"	"79"	"50"	"0"	"R-HSA-1266738,R-HSA-1430728,R-HSA-162582,R-HSA-392499,R-HSA-5653656,R-HSA-74160"	"Developmental Biology,Metabolism,Signal Transduction,Metabolism of proteins,Vesicle-mediated transport,Gene expression (Transcription)"	""	"0.25"	"Disease or Syndrome (T047)"	"disease"	"P01308,I3WAC9"	"C0041234"	"ENSG00000254647"	"3630"	"protein-coding"	"0"	"0"	"0"
"disease by infectious agent (0050117)"	"Chagas Disease"	"Infections"	"1.0"	""	"2012"	"PARP1"	"0.96"	"0.37"	"poly(ADP-ribose) polymerase 1"	"0.99939"	""	"2021"	"885"	"355"	"4"	"27"	"50"	"0"	"R-HSA-162582,R-HSA-1643685,R-HSA-392499,R-HSA-73894,R-HSA-74160"	"Signal Transduction,Disease,Metabolism of proteins,DNA Repair,Gene expression (Transcription)"	""	"0.25"	"Disease or Syndrome (T047)"	"disease"	"P09874"	"C0041234"	"ENSG00000143799"	"142"	"protein-coding"	"0"	"0"	"0"
"disease by infectious agent (0050117)"	"Chagas Disease"	"Infections"	"0.75"	""	"1995"	"IL4"	"1.0"	"0.32"	"interleukin 4"	"0.33956"	""	"2011"	"1537"	"355"	"4"	"17"	"50"	"0"	"R-HSA-168256"	"Immune System"	""	"0.25"	"Disease or Syndrome (T047)"	"disease"	"D4HNR6,P05112,Q5FC01"	"C0041234"	"ENSG00000113520"	"3565"	"protein-coding"	"0"	"0"	"0"
"disease by infectious agent (0050117)"	"Chagas Disease"	"Infections"	"0.75"	""	"2008"	"TLR4"	"0.96"	"0.32"	"toll like receptor 4"	"4.0578E-4"	""	"2022"	"1496"	"355"	"4"	"42"	"50"	"0"	"R-HSA-1643685,R-HSA-168256,R-HSA-5357801,R-HSA-8953897"	"Disease,Immune System,Programmed Cell Death,Cellular responses to stimuli"	""	"0.25"	"Disease or Syndrome (T047)"	"disease"	"O00206"	"C0041234"	"ENSG00000136869"	"7099"	"protein-coding"	"0"	"0"	"0"
"disease by infectious agent (0050117)"	"Chagas Disease"	"Infections"	"1.0"	""	"2003"	"CD86"	"0.91"	"0.42"	"CD86 molecule"	"0.9259"	""	"2018"	"460"	"355"	"4"	"8"	"50"	"0"	"R-HSA-162582,R-HSA-1643685,R-HSA-168256"	"Signal Transduction,Disease,Immune System"	""	"0.25"	"Disease or Syndrome (T047)"	"disease"	"A8K632,P42081,A0A0X9R4E0"	"C0041234"	"ENSG00000114013"	"942"	"protein-coding"	"0"	"0"	"0"
