Gene	Evidence	
#	Symbol	Description	Category	Score	Molecular	Variation	Experimental	Inferred	PMIDs
1	CYP51A1	Cytochrome P450 Family 51 Subfamily A Member 1	Protein Coding	22				
DISEASES inferred14
Novoseek inferred55
GeneCards Inferred via: (sections)
 2 Publications
2	TCFL5	Transcription Factor Like 5	Protein Coding	20.48				
DISEASES inferred14
GeneCards Inferred via: (sections)
3	NPPB	Natriuretic Peptide B	Protein Coding	18.48				
DISEASES inferred14
Novoseek inferred55
GeneCards Inferred via: (sections)
 10 Publications
4	RPLP0	Ribosomal Protein Lateral Stalk Subunit P0	Protein Coding	17.74				
DISEASES inferred14
Novoseek inferred55
GeneCards Inferred via: (sections)
 1 Publications
5	GSR	Glutathione-Disulfide Reductase	Protein Coding	17.55				
DISEASES inferred14
Novoseek inferred55
GeneCards Inferred via: (sections)
 1 Publications
6	CCR5	C-C Motif Chemokine Receptor 5	Protein Coding	17.18				
DISEASES inferred14
Novoseek inferred55
GeneCards Inferred via: (sections)
 2 Publications
7	SRM	Spermidine Synthase	Protein Coding	16.83				
DISEASES inferred14
Novoseek inferred55
GeneCards Inferred via: (sections)
 1 Publications
8	CD4	CD4 Molecule	Protein Coding	16.71				
DISEASES inferred14
Novoseek inferred55
GeneCards Inferred via: (sections)
 1 Publications
9	ODC1	Ornithine Decarboxylase 1	Protein Coding	16.24				
DISEASES inferred14
Novoseek inferred55
GeneCards Inferred via: (sections)
 1 Publications
10	IFNG	Interferon Gamma	Protein Coding	15.91				
DISEASES inferred14
GeneCards Inferred via: (sections)
11	TNF	Tumor Necrosis Factor	Protein Coding	15.63				
DISEASES inferred14
GeneCards Inferred via: (sections)
12	NTRK1	Neurotrophic Receptor Tyrosine Kinase 1	Protein Coding	15.51				
DISEASES inferred14
Novoseek inferred55
GeneCards Inferred via: (sections)
 4 Publications
13	NPPA	Natriuretic Peptide A	Protein Coding	12.5				
DISEASES inferred14
GeneCards Inferred via: (sections)
14	ACE2	Angiotensin Converting Enzyme 2	Protein Coding	12.45				
DISEASES inferred14
GeneCards Inferred via: (sections)
15	CXCR3	C-X-C Motif Chemokine Receptor 3	Protein Coding	12.33				
DISEASES inferred14
GeneCards Inferred via: (sections)
16	CXCR4	C-X-C Motif Chemokine Receptor 4	Protein Coding	12.23				
DISEASES inferred14
GeneCards Inferred via: (sections)
17	NTRK3	Neurotrophic Receptor Tyrosine Kinase 3	Protein Coding	12.23				
DISEASES inferred14
GeneCards Inferred via: (sections)
18	IL2RA	Interleukin 2 Receptor Subunit Alpha	Protein Coding	11.89				
DISEASES inferred14
GeneCards Inferred via: (sections)
19	NTRK2	Neurotrophic Receptor Tyrosine Kinase 2	Protein Coding	11.37				
DISEASES inferred14
GeneCards Inferred via: (sections)
20	NPPC	Natriuretic Peptide C	Protein Coding	11.33				
DISEASES inferred14
GeneCards Inferred via: (sections)
21	CCR3	C-C Motif Chemokine Receptor 3	Protein Coding	11.24				
DISEASES inferred14
GeneCards Inferred via: (sections)
22	NGF	Nerve Growth Factor	Protein Coding	11.2				
DISEASES inferred14
GeneCards Inferred via: (sections)
23	AMD1	Adenosylmethionine Decarboxylase 1	Protein Coding	10.76				
Novoseek inferred55
GeneCards Inferred via: (sections)
 1 Publications
24	ADRB1	Adrenoceptor Beta 1	Protein Coding	10.64				
DISEASES inferred14
Novoseek inferred55
 1 Publications
25	TRB	T Cell Receptor Beta Locus	Protein Coding	9.34				
Novoseek inferred55
GeneCards Inferred via: (sections)
 1 Publications
26	CALR	Calreticulin	Protein Coding	8.93				
DISEASES inferred14
Novoseek inferred55
 2 Publications
27	MIR208A	MicroRNA 208a	RNA Gene	8.92				
DISEASES inferred1414
28	CHRM2	Cholinergic Receptor Muscarinic 2	Protein Coding	8.86				
DISEASES inferred14
Novoseek inferred55
 2 Publications
29	CTSB	Cathepsin B	Protein Coding	8.47				
DISEASES inferred14
Novoseek inferred55
 2 Publications
30	DHODH	Dihydroorotate Dehydrogenase (Quinone)	Protein Coding	8.4				
DISEASES inferred14
Novoseek inferred55
 1 Publications
31	CBS	Cystathionine Beta-Synthase	Protein Coding	7.92				
DISEASES inferred1414
32	GAPDH	Glyceraldehyde-3-Phosphate Dehydrogenase	Protein Coding	7.85				
DISEASES inferred14
Novoseek inferred55
 2 Publications
33	LMLN	Leishmanolysin Like Peptidase	Protein Coding	7.78				
DISEASES inferred14
34	MT-CYB	Mitochondrially Encoded Cytochrome B	Protein Coding	7.36				
DISEASES inferred14
35	CD28	CD28 Molecule	Protein Coding	7.34				
DISEASES inferred14
Novoseek inferred55
 2 Publications
36	CCR4	C-C Motif Chemokine Receptor 4	Protein Coding	7.3				
GeneCards Inferred via: (sections)
37	PLAA	Phospholipase A2 Activating Protein	Protein Coding	7.3				
GeneCards Inferred via: (sections)
38	CD8A	CD8 Subunit Alpha	Protein Coding	7.25				
DISEASES inferred14
39	IL10	Interleukin 10	Protein Coding	7.22				
DISEASES inferred14
40	DHFR	Dihydrofolate Reductase	Protein Coding	7.18				
DISEASES inferred14
Novoseek inferred55
 1 Publications
41	MIR223	MicroRNA 223	RNA Gene	6.95				
DISEASES inferred1414
42	NEU1	Neuraminidase 1	Protein Coding	6.89				
DISEASES inferred14
Novoseek inferred55
 2 Publications
43	IL6	Interleukin 6	Protein Coding	6.66				
DISEASES inferred14
44	IL4	Interleukin 4	Protein Coding	6.61				
DISEASES inferred14

