#category	term ID	term description	observed gene count	background gene count	strength	signal	false discovery rate	matching proteins in your network (IDs)	matching proteins in your network (labels)
GO Process	GO:0006468	Protein phosphorylation	12	203	1.28	2.0	7.40e-10	5671.A4HXE5,5671.A4HYX6,5671.A4HZS7,5671.A4I1T4,5671.A4I1U3,5671.A4I3P6,5671.A4I564,5671.A4I5B1,5671.A4I6V8,5671.A4ICP3,5671.E9AG71,5671.E9AHC6	LINJ_17_0770,LINJ_20_1370,LINJ_22_0370,LINJ_25_2450,LINJ_26_0050,LINJ_28_1800,MPK12,LINJ_30_0850,LINJ_31_1880,LINJ_36_0970,LINJ_06_1220,LINJ_27_2570
GO Process	GO:0006796	Phosphate-containing compound metabolic process	14	541	0.92	1.13	6.79e-08	5671.A4HTK1,5671.A4HXE5,5671.A4HYX6,5671.A4HZS7,5671.A4I1T4,5671.A4I1U3,5671.A4I3P6,5671.A4I564,5671.A4I5B1,5671.A4I6V8,5671.A4ICP3,5671.A4IDJ2,5671.E9AG71,5671.E9AHC6	LINJ_08_0540,LINJ_17_0770,LINJ_20_1370,LINJ_22_0370,LINJ_25_2450,LINJ_26_0050,LINJ_28_1800,MPK12,LINJ_30_0850,LINJ_31_1880,LINJ_36_0970,LINJ_36_2310,LINJ_06_1220,LINJ_27_2570
GO Process	GO:0050794	Regulation of cellular process	15	755	0.81	0.92	2.34e-07	5671.A4HXE5,5671.A4HYX6,5671.A4HZS7,5671.A4I1J3,5671.A4I1T4,5671.A4I1U3,5671.A4I3P6,5671.A4I503,5671.A4I564,5671.A4I5B1,5671.A4I6V8,5671.A4IDJ2,5671.E9AG71,5671.E9AH79,5671.E9AHC6	LINJ_17_0770,LINJ_20_1370,LINJ_22_0370,CYCA,LINJ_25_2450,LINJ_26_0050,LINJ_28_1800,CYC3,MPK12,LINJ_30_0850,LINJ_31_1880,LINJ_36_2310,LINJ_06_1220,LINJ_24_1790,LINJ_27_2570
GO Process	GO:0036211	Protein modification process	13	588	0.85	0.95	1.34e-06	5671.A4HXE5,5671.A4HYX6,5671.A4HZS7,5671.A4I1T4,5671.A4I1U3,5671.A4I3P6,5671.A4I564,5671.A4I5B1,5671.A4I6V8,5671.A4ICP3,5671.A4IDJ2,5671.E9AG71,5671.E9AHC6	LINJ_17_0770,LINJ_20_1370,LINJ_22_0370,LINJ_25_2450,LINJ_26_0050,LINJ_28_1800,MPK12,LINJ_30_0850,LINJ_31_1880,LINJ_36_0970,LINJ_36_2310,LINJ_06_1220,LINJ_27_2570
GO Process	GO:0019538	Protein metabolic process	14	1001	0.65	0.63	5.41e-05	5671.A4HXE5,5671.A4HYX6,5671.A4HZS7,5671.A4I1T4,5671.A4I1U3,5671.A4I3P6,5671.A4I564,5671.A4I5B1,5671.A4I6V8,5671.A4ICP3,5671.A4IDJ2,5671.E9AG71,5671.E9AH79,5671.E9AHC6	LINJ_17_0770,LINJ_20_1370,LINJ_22_0370,LINJ_25_2450,LINJ_26_0050,LINJ_28_1800,MPK12,LINJ_30_0850,LINJ_31_1880,LINJ_36_0970,LINJ_36_2310,LINJ_06_1220,LINJ_24_1790,LINJ_27_2570
GO Process	GO:0051726	Regulation of cell cycle	5	62	1.41	1.2	0.00030	5671.A4HXE5,5671.A4I1J3,5671.A4I1U3,5671.A4I503,5671.E9AHC6	LINJ_17_0770,CYCA,LINJ_26_0050,CYC3,LINJ_27_2570
GO Process	GO:0018105	Peptidyl-serine phosphorylation	4	30	1.63	1.23	0.00053	5671.A4I1T4,5671.A4I3P6,5671.A4I5B1,5671.E9AG71	LINJ_25_2450,LINJ_28_1800,LINJ_30_0850,LINJ_06_1220
GO Process	GO:0043170	Macromolecule metabolic process	16	1672	0.49	0.45	0.00054	5671.A4HXE5,5671.A4HXS2,5671.A4HYX6,5671.A4HZS7,5671.A4I1T4,5671.A4I1U3,5671.A4I3P6,5671.A4I564,5671.A4I569,5671.A4I5B1,5671.A4I6V8,5671.A4ICP3,5671.A4IDJ2,5671.E9AG71,5671.E9AH79,5671.E9AHC6	LINJ_17_0770,LINJ_18_0470,LINJ_20_1370,LINJ_22_0370,LINJ_25_2450,LINJ_26_0050,LINJ_28_1800,MPK12,LINJ_30_0420,LINJ_30_0850,LINJ_31_1880,LINJ_36_0970,LINJ_36_2310,LINJ_06_1220,LINJ_24_1790,LINJ_27_2570
GO Process	GO:0044237	Cellular metabolic process	17	2102	0.42	0.38	0.0019	5671.A4HTK1,5671.A4HXE5,5671.A4HXS2,5671.A4HYX6,5671.A4HZS7,5671.A4I1T4,5671.A4I1U3,5671.A4I3P6,5671.A4I564,5671.A4I569,5671.A4I5B1,5671.A4I6V8,5671.A4ICP3,5671.A4IDJ2,5671.E9AG71,5671.E9AH79,5671.E9AHC6	LINJ_08_0540,LINJ_17_0770,LINJ_18_0470,LINJ_20_1370,LINJ_22_0370,LINJ_25_2450,LINJ_26_0050,LINJ_28_1800,MPK12,LINJ_30_0420,LINJ_30_0850,LINJ_31_1880,LINJ_36_0970,LINJ_36_2310,LINJ_06_1220,LINJ_24_1790,LINJ_27_2570
GO Process	GO:0007165	Signal transduction	6	180	1.03	0.77	0.0020	5671.A4HYX6,5671.A4HZS7,5671.A4I1T4,5671.A4I3P6,5671.A4I564,5671.E9AG71	LINJ_20_1370,LINJ_22_0370,LINJ_25_2450,LINJ_28_1800,MPK12,LINJ_06_1220
GO Process	GO:0035556	Intracellular signal transduction	5	117	1.14	0.79	0.0031	5671.A4HYX6,5671.A4I1T4,5671.A4I3P6,5671.A4I564,5671.E9AG71	LINJ_20_1370,LINJ_25_2450,LINJ_28_1800,MPK12,LINJ_06_1220
GO Process	GO:0006807	Nitrogen compound metabolic process	16	1986	0.41	0.36	0.0037	5671.A4HXE5,5671.A4HXS2,5671.A4HYX6,5671.A4HZS7,5671.A4I1T4,5671.A4I1U3,5671.A4I3P6,5671.A4I564,5671.A4I569,5671.A4I5B1,5671.A4I6V8,5671.A4ICP3,5671.A4IDJ2,5671.E9AG71,5671.E9AH79,5671.E9AHC6	LINJ_17_0770,LINJ_18_0470,LINJ_20_1370,LINJ_22_0370,LINJ_25_2450,LINJ_26_0050,LINJ_28_1800,MPK12,LINJ_30_0420,LINJ_30_0850,LINJ_31_1880,LINJ_36_0970,LINJ_36_2310,LINJ_06_1220,LINJ_24_1790,LINJ_27_2570
GO Process	GO:0008152	Metabolic process	18	2590	0.35	0.32	0.0051	5671.A4HRC6,5671.A4HTK1,5671.A4HXE5,5671.A4HXS2,5671.A4HYX6,5671.A4HZS7,5671.A4I1T4,5671.A4I1U3,5671.A4I3P6,5671.A4I564,5671.A4I569,5671.A4I5B1,5671.A4I6V8,5671.A4ICP3,5671.A4IDJ2,5671.E9AG71,5671.E9AH79,5671.E9AHC6	LINJ_01_0050,LINJ_08_0540,LINJ_17_0770,LINJ_18_0470,LINJ_20_1370,LINJ_22_0370,LINJ_25_2450,LINJ_26_0050,LINJ_28_1800,MPK12,LINJ_30_0420,LINJ_30_0850,LINJ_31_1880,LINJ_36_0970,LINJ_36_2310,LINJ_06_1220,LINJ_24_1790,LINJ_27_2570
GO Process	GO:0008284	Positive regulation of cell population proliferation	2	2	2.51	0.98	0.0051	5671.A4I1T4,5671.A4I3P6	LINJ_25_2450,LINJ_28_1800
GO Process	GO:0030335	Positive regulation of cell migration	2	2	2.51	0.98	0.0051	5671.A4I1T4,5671.A4I3P6	LINJ_25_2450,LINJ_28_1800
GO Process	GO:0044770	Cell cycle phase transition	3	22	1.64	0.9	0.0051	5671.A4I1J3,5671.A4I503,5671.E9AHC6	CYCA,CYC3,LINJ_27_2570
GO Process	GO:1901653	Cellular response to peptide	2	2	2.51	0.98	0.0051	5671.A4I1T4,5671.A4I3P6	LINJ_25_2450,LINJ_28_1800
GO Process	GO:0009987	Cellular process	22	4004	0.25	0.27	0.0052	5671.A4HSZ7,5671.A4HTK1,5671.A4HXE5,5671.A4HXS2,5671.A4HYX6,5671.A4HZS7,5671.A4I1J3,5671.A4I1T4,5671.A4I1U3,5671.A4I3P6,5671.A4I503,5671.A4I564,5671.A4I569,5671.A4I5B1,5671.A4I6I0,5671.A4I6V8,5671.A4I7Z9,5671.A4ICP3,5671.A4IDJ2,5671.E9AG71,5671.E9AH79,5671.E9AHC6	PDI-1,LINJ_08_0540,LINJ_17_0770,LINJ_18_0470,LINJ_20_1370,LINJ_22_0370,CYCA,LINJ_25_2450,LINJ_26_0050,LINJ_28_1800,CYC3,MPK12,LINJ_30_0420,LINJ_30_0850,LINJ_31_0890,LINJ_31_1880,LINJ_32_1930,LINJ_36_0970,LINJ_36_2310,LINJ_06_1220,LINJ_24_1790,LINJ_27_2570
GO Process	GO:0071704	Organic substance metabolic process	17	2387	0.36	0.32	0.0060	5671.A4HRC6,5671.A4HXE5,5671.A4HXS2,5671.A4HYX6,5671.A4HZS7,5671.A4I1T4,5671.A4I1U3,5671.A4I3P6,5671.A4I564,5671.A4I569,5671.A4I5B1,5671.A4I6V8,5671.A4ICP3,5671.A4IDJ2,5671.E9AG71,5671.E9AH79,5671.E9AHC6	LINJ_01_0050,LINJ_17_0770,LINJ_18_0470,LINJ_20_1370,LINJ_22_0370,LINJ_25_2450,LINJ_26_0050,LINJ_28_1800,MPK12,LINJ_30_0420,LINJ_30_0850,LINJ_31_1880,LINJ_36_0970,LINJ_36_2310,LINJ_06_1220,LINJ_24_1790,LINJ_27_2570
GO Process	GO:0032868	Response to insulin	2	3	2.33	0.94	0.0061	5671.A4I1T4,5671.A4I3P6	LINJ_25_2450,LINJ_28_1800
GO Process	GO:0032870	Cellular response to hormone stimulus	2	3	2.33	0.94	0.0061	5671.A4I1T4,5671.A4I3P6	LINJ_25_2450,LINJ_28_1800
GO Process	GO:0000278	Mitotic cell cycle	4	80	1.21	0.74	0.0068	5671.A4HXE5,5671.A4I1J3,5671.A4I503,5671.E9AHC6	LINJ_17_0770,CYCA,CYC3,LINJ_27_2570
GO Process	GO:0051338	Regulation of transferase activity	3	33	1.47	0.76	0.0100	5671.A4I1J3,5671.A4I503,5671.E9AH79	CYCA,CYC3,LINJ_24_1790
GO Process	GO:0044238	Primary metabolic process	16	2241	0.36	0.31	0.0101	5671.A4HXE5,5671.A4HXS2,5671.A4HYX6,5671.A4HZS7,5671.A4I1T4,5671.A4I1U3,5671.A4I3P6,5671.A4I564,5671.A4I569,5671.A4I5B1,5671.A4I6V8,5671.A4ICP3,5671.A4IDJ2,5671.E9AG71,5671.E9AH79,5671.E9AHC6	LINJ_17_0770,LINJ_18_0470,LINJ_20_1370,LINJ_22_0370,LINJ_25_2450,LINJ_26_0050,LINJ_28_1800,MPK12,LINJ_30_0420,LINJ_30_0850,LINJ_31_1880,LINJ_36_0970,LINJ_36_2310,LINJ_06_1220,LINJ_24_1790,LINJ_27_2570
GO Process	GO:0022402	Cell cycle process	4	93	1.14	0.67	0.0103	5671.A4HXE5,5671.A4I1J3,5671.A4I503,5671.E9AHC6	LINJ_17_0770,CYCA,CYC3,LINJ_27_2570
GO Process	GO:0031399	Regulation of protein modification process	3	38	1.4	0.72	0.0119	5671.A4I1J3,5671.A4I503,5671.E9AH79	CYCA,CYC3,LINJ_24_1790
GO Process	GO:0044772	Mitotic cell cycle phase transition	2	13	1.69	0.58	0.0387	5671.A4I1J3,5671.A4I503	CYCA,CYC3
GO Process	GO:0000079	Regulation of cyclin-dependent protein serine/threonine kinase activity	2	14	1.66	0.56	0.0424	5671.A4I1J3,5671.A4I503	CYCA,CYC3
GO Process	GO:0007399	Nervous system development	2	14	1.66	0.56	0.0424	5671.A4I1T4,5671.A4I3P6	LINJ_25_2450,LINJ_28_1800
GO Function	GO:0004672	Protein kinase activity	12	201	1.28	2.05	3.21e-10	5671.A4HXE5,5671.A4HYX6,5671.A4HZS7,5671.A4I1T4,5671.A4I1U3,5671.A4I3P6,5671.A4I564,5671.A4I5B1,5671.A4I6V8,5671.A4ICP3,5671.E9AG71,5671.E9AHC6	LINJ_17_0770,LINJ_20_1370,LINJ_22_0370,LINJ_25_2450,LINJ_26_0050,LINJ_28_1800,MPK12,LINJ_30_0850,LINJ_31_1880,LINJ_36_0970,LINJ_06_1220,LINJ_27_2570
GO Function	GO:0004674	Protein serine/threonine kinase activity	10	161	1.3	1.9	1.15e-08	5671.A4HXE5,5671.A4HYX6,5671.A4HZS7,5671.A4I1T4,5671.A4I1U3,5671.A4I3P6,5671.A4I564,5671.A4I5B1,5671.E9AG71,5671.E9AHC6	LINJ_17_0770,LINJ_20_1370,LINJ_22_0370,LINJ_25_2450,LINJ_26_0050,LINJ_28_1800,MPK12,LINJ_30_0850,LINJ_06_1220,LINJ_27_2570
GO Function	GO:0140096	Catalytic activity, acting on a protein	15	652	0.87	1.08	1.46e-08	5671.A4HSZ7,5671.A4HTK1,5671.A4HXE5,5671.A4HYX6,5671.A4HZS7,5671.A4I1T4,5671.A4I1U3,5671.A4I3P6,5671.A4I564,5671.A4I5B1,5671.A4I6V8,5671.A4ICP3,5671.A4IDJ2,5671.E9AG71,5671.E9AHC6	PDI-1,LINJ_08_0540,LINJ_17_0770,LINJ_20_1370,LINJ_22_0370,LINJ_25_2450,LINJ_26_0050,LINJ_28_1800,MPK12,LINJ_30_0850,LINJ_31_1880,LINJ_36_0970,LINJ_36_2310,LINJ_06_1220,LINJ_27_2570
GO Function	GO:0106310	Protein serine kinase activity	6	61	1.5	1.7	5.79e-06	5671.A4HXE5,5671.A4HYX6,5671.A4I1T4,5671.A4I3P6,5671.A4I564,5671.E9AHC6	LINJ_17_0770,LINJ_20_1370,LINJ_25_2450,LINJ_28_1800,MPK12,LINJ_27_2570
GO Function	GO:0035639	Purine ribonucleoside triphosphate binding	14	874	0.71	0.74	5.97e-06	5671.A4HXE5,5671.A4HYX6,5671.A4HZS7,5671.A4I1T4,5671.A4I1U3,5671.A4I3P6,5671.A4I564,5671.A4I5B1,5671.A4I6I0,5671.A4I6V8,5671.A4I7Z9,5671.A4ICP3,5671.E9AG71,5671.E9AHC6	LINJ_17_0770,LINJ_20_1370,LINJ_22_0370,LINJ_25_2450,LINJ_26_0050,LINJ_28_1800,MPK12,LINJ_30_0850,LINJ_31_0890,LINJ_31_1880,LINJ_32_1930,LINJ_36_0970,LINJ_06_1220,LINJ_27_2570
GO Function	GO:0032555	Purine ribonucleotide binding	14	887	0.71	0.73	6.39e-06	5671.A4HXE5,5671.A4HYX6,5671.A4HZS7,5671.A4I1T4,5671.A4I1U3,5671.A4I3P6,5671.A4I564,5671.A4I5B1,5671.A4I6I0,5671.A4I6V8,5671.A4I7Z9,5671.A4ICP3,5671.E9AG71,5671.E9AHC6	LINJ_17_0770,LINJ_20_1370,LINJ_22_0370,LINJ_25_2450,LINJ_26_0050,LINJ_28_1800,MPK12,LINJ_30_0850,LINJ_31_0890,LINJ_31_1880,LINJ_32_1930,LINJ_36_0970,LINJ_06_1220,LINJ_27_2570
GO Function	GO:0005524	ATP binding	12	751	0.71	0.69	4.46e-05	5671.A4HXE5,5671.A4HYX6,5671.A4HZS7,5671.A4I1T4,5671.A4I1U3,5671.A4I3P6,5671.A4I564,5671.A4I5B1,5671.A4I6V8,5671.A4ICP3,5671.E9AG71,5671.E9AHC6	LINJ_17_0770,LINJ_20_1370,LINJ_22_0370,LINJ_25_2450,LINJ_26_0050,LINJ_28_1800,MPK12,LINJ_30_0850,LINJ_31_1880,LINJ_36_0970,LINJ_06_1220,LINJ_27_2570
GO Function	GO:0097159	Organic cyclic compound binding	16	1663	0.49	0.47	0.00015	5671.A4HRC6,5671.A4HXE5,5671.A4HYX6,5671.A4HZS7,5671.A4I1T4,5671.A4I1U3,5671.A4I3P6,5671.A4I564,5671.A4I569,5671.A4I5B1,5671.A4I6I0,5671.A4I6V8,5671.A4I7Z9,5671.A4ICP3,5671.E9AG71,5671.E9AHC6	LINJ_01_0050,LINJ_17_0770,LINJ_20_1370,LINJ_22_0370,LINJ_25_2450,LINJ_26_0050,LINJ_28_1800,MPK12,LINJ_30_0420,LINJ_30_0850,LINJ_31_0890,LINJ_31_1880,LINJ_32_1930,LINJ_36_0970,LINJ_06_1220,LINJ_27_2570
GO Function	GO:1901363	Heterocyclic compound binding	16	1656	0.49	0.47	0.00015	5671.A4HRC6,5671.A4HXE5,5671.A4HYX6,5671.A4HZS7,5671.A4I1T4,5671.A4I1U3,5671.A4I3P6,5671.A4I564,5671.A4I569,5671.A4I5B1,5671.A4I6I0,5671.A4I6V8,5671.A4I7Z9,5671.A4ICP3,5671.E9AG71,5671.E9AHC6	LINJ_01_0050,LINJ_17_0770,LINJ_20_1370,LINJ_22_0370,LINJ_25_2450,LINJ_26_0050,LINJ_28_1800,MPK12,LINJ_30_0420,LINJ_30_0850,LINJ_31_0890,LINJ_31_1880,LINJ_32_1930,LINJ_36_0970,LINJ_06_1220,LINJ_27_2570
GO Function	GO:0003824	Catalytic activity	17	2161	0.4	0.38	0.00093	5671.A4HSZ7,5671.A4HTK1,5671.A4HXE5,5671.A4HYX6,5671.A4HZS7,5671.A4I1T4,5671.A4I1U3,5671.A4I3P6,5671.A4I564,5671.A4I5B1,5671.A4I6I0,5671.A4I6V8,5671.A4I7Z9,5671.A4ICP3,5671.A4IDJ2,5671.E9AG71,5671.E9AHC6	PDI-1,LINJ_08_0540,LINJ_17_0770,LINJ_20_1370,LINJ_22_0370,LINJ_25_2450,LINJ_26_0050,LINJ_28_1800,MPK12,LINJ_30_0850,LINJ_31_0890,LINJ_31_1880,LINJ_32_1930,LINJ_36_0970,LINJ_36_2310,LINJ_06_1220,LINJ_27_2570
GO Function	GO:0016538	Cyclin-dependent protein serine/threonine kinase regulator activity	2	7	1.96	0.79	0.0130	5671.A4I1J3,5671.A4I503	CYCA,CYC3
GO Function	GO:0004693	Cyclin-dependent protein serine/threonine kinase activity	2	15	1.63	0.54	0.0465	5671.A4I1U3,5671.E9AHC6	LINJ_26_0050,LINJ_27_2570
STRING clusters	CL:4488	Regulation of cell cycle, and Anaphase-promoting complex	5	44	1.56	1.26	0.00034	5671.A4HXE5,5671.A4I1J3,5671.E9AH25,5671.E9AH79,5671.E9AHC6	LINJ_17_0770,CYCA,LINJ_24_0130,LINJ_24_1790,LINJ_27_2570
STRING clusters	CL:4346	Proteolysis involved in protein catabolic process, and Regulation of cell cycle	7	192	1.07	0.87	0.00086	5671.A4HXE5,5671.A4I1J3,5671.A4I503,5671.A4I6V8,5671.E9AH25,5671.E9AH79,5671.E9AHC6	LINJ_17_0770,CYCA,CYC3,LINJ_31_1880,LINJ_24_0130,LINJ_24_1790,LINJ_27_2570
STRING clusters	CL:6111	Protein kinase domain, and Dual specificity protein phosphatase domain	6	129	1.18	0.94	0.00086	5671.A4HYX6,5671.A4HZS7,5671.A4I564,5671.A4ICP3,5671.A4IDJ2,5671.E9AG71	LINJ_20_1370,LINJ_22_0370,MPK12,LINJ_36_0970,LINJ_36_2310,LINJ_06_1220
STRING clusters	CL:8232	G-protein beta:gamma signalling	3	6	2.21	1.28	0.00086	5671.A4I1T4,5671.A4I3P6,5671.A4I5B1	LINJ_25_2450,LINJ_28_1800,LINJ_30_0850
STRING clusters	CL:4491	Anaphase-promoting complex, and Regulation of cell cycle	4	34	1.58	1.13	0.00092	5671.A4HXE5,5671.A4I1J3,5671.E9AH25,5671.E9AH79	LINJ_17_0770,CYCA,LINJ_24_0130,LINJ_24_1790
STRING clusters	CL:6336	Mixed, incl. Laminin-type EGF domain, and Protein-tyrosine phosphatase, catalytic	3	13	1.87	1.08	0.0021	5671.A4HZS7,5671.A4ICP3,5671.A4IDJ2	LINJ_22_0370,LINJ_36_0970,LINJ_36_2310
STRING clusters	CL:4347	Proteolysis involved in protein catabolic process, and Regulation of cell cycle	6	179	1.03	0.77	0.0022	5671.A4HXE5,5671.A4I1J3,5671.A4I6V8,5671.E9AH25,5671.E9AH79,5671.E9AHC6	LINJ_17_0770,CYCA,LINJ_31_1880,LINJ_24_0130,LINJ_24_1790,LINJ_27_2570
STRING clusters	CL:7656	Clathrin-coated pit, and Dynamin-type guanine nucleotide-binding (G) domain	2	5	2.11	0.78	0.0144	5671.A4HTK1,5671.A4I9H1	LINJ_08_0540,LINJ_34_0030
STRING clusters	CL:6337	Mixed, incl. Laminin-type EGF domain, and Protein-tyrosine phosphatase, catalytic	2	7	1.96	0.7	0.0215	5671.A4HZS7,5671.A4IDJ2	LINJ_22_0370,LINJ_36_2310
STRING clusters	CL:6117	Mixed, incl. Protein tyrosine/serine/threonine phosphatase activity, and MAP kinase activity	3	57	1.23	0.5	0.0466	5671.A4HYX6,5671.A4I564,5671.E9AG71	LINJ_20_1370,MPK12,LINJ_06_1220
Reactome	MAP-198323	AKT phosphorylates targets in the cytosol	2	2	2.51	0.59	0.0424	5671.A4I1T4,5671.A4I3P6	LINJ_25_2450,LINJ_28_1800
COMPARTMENTS	GOCC:1902554	Serine/threonine protein kinase complex	3	16	1.78	0.72	0.0175	5671.A4I1J3,5671.A4I1U3,5671.A4I503	CYCA,LINJ_26_0050,CYC3
COMPARTMENTS	GOCC:0061695	Transferase complex, transferring phosphorus-containing groups	4	82	1.2	0.55	0.0304	5671.A4HXS2,5671.A4I1J3,5671.A4I1U3,5671.A4I503	LINJ_18_0470,CYCA,LINJ_26_0050,CYC3
UniProt Keywords	KW-0418	Kinase	11	211	1.22	1.81	3.31e-09	5671.A4HXE5,5671.A4HYX6,5671.A4I1T4,5671.A4I1U3,5671.A4I3P6,5671.A4I564,5671.A4I5B1,5671.A4I9H1,5671.A4ICP3,5671.E9AG71,5671.E9AHC6	LINJ_17_0770,LINJ_20_1370,LINJ_25_2450,LINJ_26_0050,LINJ_28_1800,MPK12,LINJ_30_0850,LINJ_34_0030,LINJ_36_0970,LINJ_06_1220,LINJ_27_2570
UniProt Keywords	KW-0723	Serine/threonine-protein kinase	8	63	1.61	2.59	3.31e-09	5671.A4HXE5,5671.A4HYX6,5671.A4I1T4,5671.A4I1U3,5671.A4I564,5671.A4I9H1,5671.E9AG71,5671.E9AHC6	LINJ_17_0770,LINJ_20_1370,LINJ_25_2450,LINJ_26_0050,MPK12,LINJ_34_0030,LINJ_06_1220,LINJ_27_2570
UniProt Keywords	KW-0808	Transferase	14	675	0.82	0.97	1.15e-07	5671.A4HTK1,5671.A4HXE5,5671.A4HYX6,5671.A4HZS7,5671.A4I1T4,5671.A4I1U3,5671.A4I3P6,5671.A4I564,5671.A4I5B1,5671.A4I6V8,5671.A4I9H1,5671.A4ICP3,5671.E9AG71,5671.E9AHC6	LINJ_08_0540,LINJ_17_0770,LINJ_20_1370,LINJ_22_0370,LINJ_25_2450,LINJ_26_0050,LINJ_28_1800,MPK12,LINJ_30_0850,LINJ_31_1880,LINJ_34_0030,LINJ_36_0970,LINJ_06_1220,LINJ_27_2570
UniProt Keywords	KW-0547	Nucleotide-binding	11	468	0.88	0.96	2.92e-06	5671.A4HRC6,5671.A4HXE5,5671.A4HYX6,5671.A4I1T4,5671.A4I1U3,5671.A4I564,5671.A4I6I0,5671.A4I7Z9,5671.A4I9H1,5671.E9AG71,5671.E9AHC6	LINJ_01_0050,LINJ_17_0770,LINJ_20_1370,LINJ_25_2450,LINJ_26_0050,MPK12,LINJ_31_0890,LINJ_32_1930,LINJ_34_0030,LINJ_06_1220,LINJ_27_2570
UniProt Keywords	KW-0067	ATP-binding	9	399	0.86	0.83	7.64e-05	5671.A4HRC6,5671.A4HXE5,5671.A4HYX6,5671.A4I1T4,5671.A4I1U3,5671.A4I564,5671.A4I9H1,5671.E9AG71,5671.E9AHC6	LINJ_01_0050,LINJ_17_0770,LINJ_20_1370,LINJ_25_2450,LINJ_26_0050,MPK12,LINJ_34_0030,LINJ_06_1220,LINJ_27_2570
UniProt Keywords	KW-0195	Cyclin	2	8	1.91	0.78	0.0133	5671.A4I1J3,5671.A4I503	CYCA,CYC3
Pfam	PF00069	Protein kinase domain	4	54	1.38	0.66	0.0185	5671.A4HTK1,5671.A4HYX6,5671.A4HZS7,5671.A4I6V8	LINJ_08_0540,LINJ_20_1370,LINJ_22_0370,LINJ_31_1880
InterPro	IPR000719	Protein kinase domain	14	195	1.36	2.58	2.89e-13	5671.A4HTK1,5671.A4HXE5,5671.A4HYX6,5671.A4HZS7,5671.A4I1T4,5671.A4I1U3,5671.A4I3P6,5671.A4I564,5671.A4I5B1,5671.A4I6V8,5671.A4I9H1,5671.A4ICP3,5671.E9AG71,5671.E9AHC6	LINJ_08_0540,LINJ_17_0770,LINJ_20_1370,LINJ_22_0370,LINJ_25_2450,LINJ_26_0050,LINJ_28_1800,MPK12,LINJ_30_0850,LINJ_31_1880,LINJ_34_0030,LINJ_36_0970,LINJ_06_1220,LINJ_27_2570
InterPro	IPR011009	Protein kinase-like domain superfamily	14	229	1.29	2.31	1.22e-12	5671.A4HTK1,5671.A4HXE5,5671.A4HYX6,5671.A4HZS7,5671.A4I1T4,5671.A4I1U3,5671.A4I3P6,5671.A4I564,5671.A4I5B1,5671.A4I6V8,5671.A4I9H1,5671.A4ICP3,5671.E9AG71,5671.E9AHC6	LINJ_08_0540,LINJ_17_0770,LINJ_20_1370,LINJ_22_0370,LINJ_25_2450,LINJ_26_0050,LINJ_28_1800,MPK12,LINJ_30_0850,LINJ_31_1880,LINJ_34_0030,LINJ_36_0970,LINJ_06_1220,LINJ_27_2570
InterPro	IPR008271	Serine/threonine-protein kinase, active site	12	158	1.39	2.47	1.49e-11	5671.A4HTK1,5671.A4HXE5,5671.A4HYX6,5671.A4HZS7,5671.A4I1T4,5671.A4I1U3,5671.A4I3P6,5671.A4I564,5671.A4I5B1,5671.A4I9H1,5671.E9AG71,5671.E9AHC6	LINJ_08_0540,LINJ_17_0770,LINJ_20_1370,LINJ_22_0370,LINJ_25_2450,LINJ_26_0050,LINJ_28_1800,MPK12,LINJ_30_0850,LINJ_34_0030,LINJ_06_1220,LINJ_27_2570
InterPro	IPR017441	Protein kinase, ATP binding site	11	123	1.46	2.61	3.37e-11	5671.A4HXE5,5671.A4HYX6,5671.A4HZS7,5671.A4I1T4,5671.A4I1U3,5671.A4I3P6,5671.A4I564,5671.A4I5B1,5671.A4I9H1,5671.E9AG71,5671.E9AHC6	LINJ_17_0770,LINJ_20_1370,LINJ_22_0370,LINJ_25_2450,LINJ_26_0050,LINJ_28_1800,MPK12,LINJ_30_0850,LINJ_34_0030,LINJ_06_1220,LINJ_27_2570
InterPro	IPR045270	Serine/Threonine Kinase AGC, catalytic domain	3	3	2.51	1.55	0.00022	5671.A4I1T4,5671.A4I3P6,5671.A4I5B1	LINJ_25_2450,LINJ_28_1800,LINJ_30_0850
InterPro	IPR013763	Cyclin-like domain	2	4	2.21	0.56	0.0482	5671.A4I1J3,5671.A4I503	CYCA,CYC3
InterPro	IPR039361	Cyclin	2	4	2.21	0.56	0.0482	5671.A4I1J3,5671.A4I503	CYCA,CYC3
SMART	SM00220	Serine/Threonine protein kinases, catalytic domain	8	82	1.5	2.17	3.89e-08	5671.A4HXE5,5671.A4I1T4,5671.A4I1U3,5671.A4I3P6,5671.A4I564,5671.A4I5B1,5671.E9AG71,5671.E9AHC6	LINJ_17_0770,LINJ_25_2450,LINJ_26_0050,LINJ_28_1800,MPK12,LINJ_30_0850,LINJ_06_1220,LINJ_27_2570
SMART	SM00385	Domain present in cyclins, TFIIB and Retinoblastoma	2	8	1.91	0.55	0.0492	5671.A4I1J3,5671.A4I503	CYCA,CYC3
