,Linf,Tcruzi
115,LINF_010007600,TcCLB.511577.83
344,LINF_010009800,TcCLB.506829.100
517,LINF_010010000,TcCLB.506829.110
1512,LINF_010010300,TcCLB.511581.10
1673,LINF_020006200,TcCLB.410961.10
1697,LINF_020006200,TcCLB.506533.34
1777,LINF_020007600,TcCLB.510077.40
2441,LINF_020008600,TcCLB.503513.10
2531,LINF_020008900,TcCLB.503515.14
2581,LINF_020011000,TcCLB.503627.20
2874,LINF_030006400,TcCLB.504867.20
2943,LINF_030006800,TcCLB.509351.10
3000,LINF_030006900,TcCLB.503575.60
3356,LINF_030007100,TcCLB.503575.50
3522,LINF_030010200,TcCLB.510311.70
3555,LINF_030013000,TcCLB.508181.20
3749,LINF_030014000,TcCLB.508181.124
3866,LINF_040005200,TcCLB.506625.80
4029,LINF_040009500,TcCLB.503855.40
4163,LINF_040011900,TcCLB.508137.30
4265,LINF_040016700,TcCLB.506649.70
4381,LINF_050005900,TcCLB.510351.150
4787,LINF_050008500,TcCLB.504507.5
5121,LINF_050010600,TcCLB.510609.70
5165,LINF_050014700,TcCLB.508387.120
5243,LINF_050017400,TcCLB.507867.60
5322,LINF_060005200,TcCLB.507521.140
6108,LINF_060006500,TcCLB.507521.50
6221,LINF_060014300,TcCLB.509153.90
6536,LINF_070006700,TcCLB.511395.90
6571,LINF_070006900,TcCLB.511395.60
6629,LINF_070007700,TcCLB.511393.60
7038,LINF_070012100,TcCLB.506401.170
7248,LINF_070012700,TcCLB.506401.90
7327,LINF_070014700,TcCLB.508569.20
7418,LINF_070015200,TcCLB.510861.140
7535,LINF_070017000,TcCLB.510857.60
7625,LINF_080005900,TcCLB.509779.60
8999,LINF_080015600,TcCLB.507805.9
9052,LINF_080015600,TcCLB.507803.49
9144,LINF_090005900,TcCLB.511127.10
9203,LINF_090008700,TcCLB.511127.220
9387,LINF_090010000,TcCLB.511127.330
9622,LINF_090010600,TcCLB.511127.400
9693,LINF_090014700,TcCLB.511559.30
9795,LINF_090015600,TcCLB.507483.50
9886,LINF_090019500,TcCLB.506755.160
9978,LINF_090022900,TcCLB.506753.80
10019,LINF_100006000,TcCLB.503905.40
10121,LINF_100007100,TcCLB.511573.40
10199,LINF_100008300,TcCLB.511575.60
10293,LINF_100011600,TcCLB.509475.10
10375,LINF_100014500,TcCLB.503897.40
10457,LINF_100015800,TcCLB.511407.60
10520,LINF_100018900,TcCLB.503689.4
10625,LINF_100019000,TcCLB.503689.10
10673,LINF_110005300,TcCLB.510381.20
10782,LINF_110005500,TcCLB.508237.9
10789,LINF_110005500,TcCLB.506777.120
10882,LINF_110006000,TcCLB.506777.70
10953,LINF_110011600,TcCLB.506773.40
11085,LINF_110017200,TcCLB.510101.50
12895,LINF_110018350,TcCLB.504149.20
13535,LINF_110018500,TcCLB.504149.20
14578,LINF_120005200,TcCLB.507603.40
14660,LINF_120007200,TcCLB.507603.200
14703,LINF_120011800,TcCLB.506529.380
14792,LINF_120012200,TcCLB.506529.320
14835,LINF_120016700,TcCLB.506529.90
14944,LINF_130006600,TcCLB.506227.160
14967,LINF_130007100,TcCLB.506227.180
15091,LINF_130009100,TcCLB.504089.40
15145,LINF_130009300,TcCLB.504089.54
15376,LINF_130012500,TcCLB.506737.40
15415,LINF_130012700,TcCLB.506737.20
15508,LINF_130014500,TcCLB.506733.40
15575,LINF_130015900,TcCLB.511047.50
15625,LINF_130016600,TcCLB.508731.30
15668,LINF_130020000,TcCLB.507099.50
15861,LINF_130020700,TcCLB.507099.10
15971,LINF_130020800,TcCLB.509591.60
16240,LINF_140005100,TcCLB.510167.10
16287,LINF_140006300,TcCLB.506605.160
16337,LINF_140010700,TcCLB.506661.140
16431,LINF_140011200,TcCLB.506661.110
16490,LINF_140013400,TcCLB.510989.30
16674,LINF_140020600,TcCLB.510407.9
16724,LINF_150006700,TcCLB.506739.190
16772,LINF_150007300,TcCLB.506739.130
16871,LINF_150012300,TcCLB.404001.4
17102,LINF_150019400,TcCLB.505977.13
17200,LINF_150020700,TcCLB.508277.370
17445,LINF_150022900,TcCLB.508277.110
17495,LINF_150023000,TcCLB.508277.100
17660,LINF_150023600,TcCLB.508277.20
17728,LINF_160005600,TcCLB.506947.40
17807,LINF_160008100,TcCLB.506743.160
17926,LINF_160011200,TcCLB.508373.10
17983,LINF_160011700,TcCLB.503619.20
18157,LINF_160012700,TcCLB.506747.30
18231,LINF_160015500,TcCLB.507275.10
18283,LINF_160017100,TcCLB.511217.160
18302,LINF_160019400,TcCLB.508839.80
18395,LINF_170005700,TcCLB.506513.50
18502,LINF_170008600,TcCLB.506513.150
18557,LINF_170011200,TcCLB.510055.160
18918,LINF_170014800,TcCLB.506519.130
19088,LINF_170016100,TcCLB.511315.30
19207,LINF_180005900,TcCLB.507993.260
19268,LINF_180006500,TcCLB.507993.190
19764,LINF_180007700,TcCLB.507993.80
19987,LINF_180011700,TcCLB.464807.10
20267,LINF_180016200,TcCLB.509805.10
20340,LINF_180016300,TcCLB.509805.20
20386,LINF_180016400,TcCLB.509805.30
20496,LINF_180016700,TcCLB.509805.60
20740,LINF_180020700,TcCLB.509809.39
21030,LINF_180020800,TcCLB.507627.20
21104,LINF_190006200,TcCLB.506211.220
21139,LINF_190006300,TcCLB.506211.210
21233,LINF_190006400,TcCLB.506211.200
21307,LINF_190006600,TcCLB.506211.180
21457,LINF_190008500,TcCLB.507683.40
21516,LINF_190010300,TcCLB.504111.20
22247,LINF_190020900,TcCLB.506483.69
22352,LINF_190021000,TcCLB.511353.69
22503,LINF_190022000,TcCLB.507211.40
22588,LINF_190022300,TcCLB.507213.10
22676,LINF_200005100,TcCLB.511417.60
22844,LINF_200006000,TcCLB.511419.40
23105,LINF_200012600,TcCLB.508995.10
23174,LINF_200013000,TcCLB.508995.40
23328,LINF_200016300,TcCLB.511435.49
23742,LINF_200017000,TcCLB.506563.210
23861,LINF_200019300,TcCLB.510955.40
23988,LINF_200020700,TcCLB.507837.90
24016,LINF_210006700,TcCLB.506493.70
24091,LINF_210006900,TcCLB.506493.50
24202,LINF_210007200,TcCLB.506493.9
24226,LINF_210007200,TcCLB.508951.90
24306,LINF_210008100,TcCLB.508949.50
24313,LINF_210008100,TcCLB.508951.4
24448,LINF_210012400,TcCLB.511911.159
24468,LINF_210013700,TcCLB.509247.20
24564,LINF_210014700,TcCLB.506457.10
24736,LINF_210018400,TcCLB.504181.40
24829,LINF_210018500,TcCLB.504181.50
24853,LINF_210024800,TcCLB.511143.6
24966,LINF_210026000,TcCLB.506869.50
25045,LINF_210026200,TcCLB.506869.60
25098,LINF_210026800,TcCLB.416883.18
25150,LINF_210028100,TcCLB.511145.43
25418,LINF_220011100,TcCLB.506857.90
25495,LINF_220011500,TcCLB.506859.10
25554,LINF_220011600,TcCLB.506859.20
25642,LINF_220014000,TcCLB.510525.10
25673,LINF_220015500,TcCLB.510525.139
25789,LINF_220017700,TcCLB.510533.70
25823,LINF_220018600,TcCLB.510533.130
25939,LINF_220020200,TcCLB.508323.60
27948,LINF_230009200,TcCLB.504425.70
28063,LINF_230010700,TcCLB.504427.110
28281,LINF_240006500,TcCLB.507669.120
28468,LINF_240007600,TcCLB.507669.60
28509,LINF_240011200,TcCLB.504125.30
28631,LINF_240011700,TcCLB.504125.90
28765,LINF_240020000,TcCLB.506205.40
28913,LINF_240023300,TcCLB.506801.120
29051,LINF_240024200,TcCLB.506797.90
29246,LINF_240025100,TcCLB.503885.90
29301,LINF_240026300,TcCLB.511065.50
29318,LINF_240026300,TcCLB.511067.4
29371,LINF_240027500,TcCLB.511071.70
29438,LINF_240028800,TcCLB.511075.20
29776,LINF_250009500,TcCLB.507093.170
29981,LINF_250010400,TcCLB.507093.250
30176,LINF_250010500,TcCLB.507093.260
30191,LINF_250014600,TcCLB.506925.270
30263,LINF_250015100,TcCLB.511867.160
30343,LINF_250019400,TcCLB.509453.50
30426,LINF_250020400,TcCLB.509455.80
30674,LINF_250021700,TcCLB.510089.80
30715,LINF_250022100,TcCLB.510089.130
30776,LINF_250022300,TcCLB.510089.170
30843,LINF_250026800,TcCLB.504047.60
31325,LINF_260007100,TcCLB.508207.150
31507,LINF_260008100,TcCLB.508207.230
31546,LINF_260008300,TcCLB.508207.250
31606,LINF_260010000,TcCLB.503579.20
31703,LINF_260011400,TcCLB.508209.120
31836,LINF_260011600,TcCLB.508209.140
31963,LINF_260014700,TcCLB.508215.3
32010,LINF_260014700,TcCLB.477079.10
32136,LINF_260022400,TcCLB.510565.70
32181,LINF_260026300,TcCLB.506465.50
32326,LINF_260030000,TcCLB.510349.80
32437,LINF_260030900,TcCLB.510347.60
32880,LINF_270005800,TcCLB.509231.10
32956,LINF_270005900,TcCLB.509231.20
33121,LINF_270008700,TcCLB.506925.410
33759,LINF_270010200,TcCLB.511441.10
34208,LINF_270011100,TcCLB.509013.19
34220,LINF_270011100,TcCLB.445281.9
34250,LINF_270011100,TcCLB.511445.10
35173,LINF_270016900,TcCLB.509831.5
35201,LINF_270016900,TcCLB.506367.180
35227,LINF_270017100,TcCLB.509831.20
35332,LINF_270018900,TcCLB.508357.100
35392,LINF_270019000,TcCLB.508357.90
35425,LINF_270019200,TcCLB.508357.40
35636,LINF_270024800,TcCLB.507547.80
35709,LINF_270025300,TcCLB.509099.20
35818,LINF_270026500,TcCLB.509099.150
35876,LINF_270032300,TcCLB.511627.120
36121,LINF_270032600,TcCLB.511627.150
36255,LINF_280006000,TcCLB.506779.50
36316,LINF_280006600,TcCLB.506779.110
36508,LINF_280010200,TcCLB.506165.16
36516,LINF_280010200,TcCLB.503799.4
36628,LINF_280010500,TcCLB.503801.30
36866,LINF_280013200,TcCLB.504075.6
36867,LINF_280013200,TcCLB.506933.98
36957,LINF_280013300,TcCLB.506933.89
36992,LINF_280016800,TcCLB.511693.70
37078,LINF_280017200,TcCLB.511693.100
37137,LINF_280018200,TcCLB.503753.29
37165,LINF_280018200,TcCLB.506931.80
37420,LINF_280026600,TcCLB.511801.14
37423,LINF_280029500,TcCLB.509203.60
37535,LINF_280029600,TcCLB.509203.70
37762,LINF_280034000,TcCLB.511211.60
37981,LINF_280039400,TcCLB.508831.110
38187,LINF_290011200,TcCLB.510149.80
38658,LINF_290012400,TcCLB.503811.40
39465,LINF_290019200,TcCLB.503685.10
39999,LINF_290020900,TcCLB.507531.19
40030,LINF_290020900,TcCLB.507533.10
40084,LINF_290023300,TcCLB.509669.30
40244,LINF_290025700,TcCLB.509379.10
40403,LINF_290030100,TcCLB.510325.69
40437,LINF_290030700,TcCLB.510325.10
40630,LINF_290031700,TcCLB.510323.110
40669,LINF_290032100,TcCLB.510323.50
40762,LINF_290032700,TcCLB.510323.10
40791,LINF_290032800,TcCLB.510323.4
40936,LINF_290034500,TcCLB.506697.30
41008,LINF_290034600,TcCLB.506697.20
41085,LINF_290035000,TcCLB.506695.30
41121,LINF_290035900,TcCLB.510315.4
41165,LINF_290035900,TcCLB.506693.50
41194,LINF_290036100,TcCLB.506693.30
41688,LINF_300013000,TcCLB.507927.40
41807,LINF_300014700,TcCLB.509965.350
41885,LINF_300015600,TcCLB.509965.260
41936,LINF_300015700,TcCLB.509965.250
42147,LINF_300019600,TcCLB.511753.50
42378,LINF_300021900,TcCLB.511751.144
42502,LINF_300022000,TcCLB.511751.130
42569,LINF_300022700,TcCLB.511751.50
42630,LINF_300025500,TcCLB.503909.84
42705,LINF_300026700,TcCLB.509169.39
42901,LINF_300030500,TcCLB.511745.20
42925,LINF_300033500,TcCLB.511735.10
43005,LINF_300034400,TcCLB.511733.10
43039,LINF_300034400,TcCLB.506943.4
43062,LINF_300034500,TcCLB.506943.10
43421,LINF_300036100,TcCLB.509167.190
43601,LINF_300036400,TcCLB.509167.150
43813,LINF_300038300,TcCLB.511731.40
43856,LINF_300039300,TcCLB.511729.9
44091,LINF_300039500,TcCLB.506945.20
44109,LINF_300040500,TcCLB.506945.110
44194,LINF_300041300,TcCLB.506945.190
44232,LINF_300041600,TcCLB.506945.220
44407,LINF_310009300,TcCLB.508555.70
44482,LINF_310009700,TcCLB.508555.60
44595,LINF_310009900,TcCLB.508555.50
44681,LINF_310010800,TcCLB.508927.20
44899,LINF_310019400,TcCLB.507079.30
47071,LINF_310034400,TcCLB.507757.50
47161,LINF_310034500,TcCLB.507757.60
47248,LINF_310034600,TcCLB.507757.70
47298,LINF_310037300,TcCLB.510597.9
47737,LINF_310038500,TcCLB.510599.14
47744,LINF_310038500,TcCLB.508369.50
47801,LINF_310040300,TcCLB.504835.20
47989,LINF_320005500,TcCLB.506525.20
48101,LINF_320005800,TcCLB.506525.80
48155,LINF_320006200,TcCLB.506525.140
48225,LINF_320010200,TcCLB.510911.30
48369,LINF_320012400,TcCLB.504643.30
48597,LINF_320018200,TcCLB.507507.40
48685,LINF_320020300,TcCLB.506223.120
48746,LINF_320020800,TcCLB.506223.80
48864,LINF_320023900,TcCLB.511715.20
49126,LINF_320024300,TcCLB.509157.279
49286,LINF_320026400,TcCLB.511711.80
49313,LINF_320036300,TcCLB.509073.30
49412,LINF_320037900,TcCLB.511537.40
49510,LINF_320038000,TcCLB.511537.30
49585,LINF_320038400,TcCLB.511537.8
49704,LINF_320040000,TcCLB.511531.59
49708,LINF_320040200,TcCLB.511531.40
49827,LINF_320040600,TcCLB.507089.270
49860,LINF_320040700,TcCLB.507089.260
49986,LINF_320046500,TcCLB.511527.9
50011,LINF_320046500,TcCLB.398751.10
50078,LINF_330005600,TcCLB.507941.60
51112,LINF_330022100,TcCLB.510123.20
51259,LINF_330024300,TcCLB.510257.60
51362,LINF_330025600,TcCLB.510257.130
51525,LINF_330026700,TcCLB.510431.140
51893,LINF_330033000,TcCLB.504153.310
52017,LINF_330034100,TcCLB.504153.220
52042,LINF_330036500,TcCLB.511109.120
52146,LINF_330037000,TcCLB.511111.50
52200,LINF_330042200,TcCLB.507105.10
52246,LINF_330042800,TcCLB.507105.70
52404,LINF_340006400,TcCLB.507883.109
52777,LINF_340013700,TcCLB.438059.10
52970,LINF_340014300,TcCLB.507671.39
52993,LINF_340014300,TcCLB.507673.10
53035,LINF_340015200,TcCLB.507485.90
53350,LINF_340016900,TcCLB.507739.20
53497,LINF_340021500,TcCLB.506637.100
53552,LINF_340026000,TcCLB.506633.10
53632,LINF_340026600,TcCLB.447255.20
53740,LINF_340026700,TcCLB.510231.10
53996,LINF_340032700,TcCLB.510877.120
54084,LINF_340036900,TcCLB.504057.170
54360,LINF_340042100,TcCLB.505989.74
54444,LINF_340043300,TcCLB.505987.70
54859,LINF_340051800,TcCLB.507873.30
55328,LINF_350007000,TcCLB.511467.30
55398,LINF_350008400,TcCLB.510997.10
55521,LINF_350014800,TcCLB.508541.230
55833,LINF_350015200,TcCLB.503599.10
55943,LINF_350017100,TcCLB.508805.80
56002,LINF_350017500,TcCLB.511179.110
56052,LINF_350017900,TcCLB.511179.160
56271,LINF_350020800,TcCLB.510759.160
56343,LINF_350022200,TcCLB.510761.60
56404,LINF_350022300,TcCLB.510761.70
56617,LINF_350025400,TcCLB.510769.80
56696,LINF_350025900,TcCLB.510769.120
56804,LINF_350030800,TcCLB.510747.60
56883,LINF_350031400,TcCLB.510747.10
57684,LINF_350054500,TcCLB.506885.310
57839,LINF_350055600,TcCLB.506885.120
57960,LINF_350055900,TcCLB.506885.70
58445,LINF_360011000,TcCLB.506677.20
58509,LINF_360012800,TcCLB.510295.50
58598,LINF_360013900,TcCLB.510297.100
59095,LINF_360021400,TcCLB.509599.150
59176,LINF_360022900,TcCLB.507639.40
59271,LINF_360024000,TcCLB.507641.60
59509,LINF_360027100,TcCLB.507641.300
60068,LINF_360031600,TcCLB.503637.30
60137,LINF_360035000,TcCLB.510105.210
60213,LINF_360037800,TcCLB.506553.20
60288,LINF_360042700,TcCLB.510719.20
60339,LINF_360045600,TcCLB.506963.90
60391,LINF_360047200,TcCLB.504017.54
60675,LINF_360051800,TcCLB.480785.10
60699,LINF_360052900,TcCLB.504147.200
60856,LINF_360057700,TcCLB.508307.44
60916,LINF_360060400,TcCLB.503757.40
61060,LINF_360062200,TcCLB.506673.50
61123,LINF_360063000,TcCLB.510285.70
61233,LINF_360071000,TcCLB.508727.18
61286,LINF_360072500,TcCLB.511043.20
62359,LINF_360076200,TcCLB.504167.30
62500,LINF_360081500,TcCLB.507611.370
62623,LINF_360082200,TcCLB.507611.290
