,UniProt,Metric,GeneID
0,,0.0,Symbol
1,Q16850,0.0,CYP51A1
2,Q9UL49,0.0,TCFL5
3,P16860,0.0,NPPB
4,P05388,0.0,RPLP0
5,P00390,0.0,GSR
6,P51681,0.0,CCR5
7,P19623,0.0,SRM
8,P01730,0.0,CD4
9,P11926,0.0,ODC1
10,P01579,0.0,IFNG
11,P01375,0.0,TNF
12,P04629,0.0,NTRK1
13,P01160,0.0,NPPA
14,Q9BYF1,0.0,ACE2
15,P49682,0.0,CXCR3
16,P61073,0.0,CXCR4
17,Q16288,0.0,NTRK3
18,P01589,0.0,IL2RA
19,Q16620,0.0,NTRK2
20,P23582,0.0,NPPC
21,P51677,0.0,CCR3
22,P01138,0.0,NGF
23,P17707,0.0,AMD1
24,P08588,0.0,ADRB1
25,P0DTU4,0.0,TRB
26,P27797,0.0,CALR
27,,0.0,MIR208A
28,P08172,0.0,CHRM2
29,P07858,0.0,CTSB
30,Q02127,0.0,DHODH
31,P35520,0.0,CBS
32,Q5XJ10,0.0,GAPDH
33,Q96KR4,0.0,LMLN
34,P00156,0.0,MT-CYB
35,P10747,0.0,CD28
36,P51679,0.0,CCR4
37,Q9Y263,0.0,PLAA
38,P01732,0.0,CD8A
39,P22301,0.0,IL10
40,P00374,0.0,DHFR
41,,0.0,MIR223
42,Q99519,0.0,NEU1
43,P05231,0.0,IL6
44,P05112,0.0,IL4
