,UniProt,Metric,MIM_number,Names,Found_Names
0,P25942,0.0,*109535,CD40 ANTIGEN; CD40,Tumor necrosis factor receptor s
1,,0.0,#155310,VISCERAL MYOPATHY 1; VSCM1,
2,Q6UWB1,0.0,*605350,"INTERLEUKIN 27 RECEPTOR, ALPHA; IL27RA",Interleukin-27 receptor subunit 
3,O15118,0.0,#257220,"NIEMANN-PICK DISEASE, TYPE C1; NPC1",NPC intracellular cholesterol tr
4,,0.0,#231000,"GAUCHER DISEASE, TYPE III; GD3",
5,,0.0,#232400,GLYCOGEN STORAGE DISEASE III; GSD3,
6,,0.0,#263200,POLYCYSTIC KIDNEY DISEASE 4 WITH OR WITHOUT POLYCYSTIC LIVER DISEASE; PKD4,
7,,0.0,#613554,"VON WILLEBRAND DISEASE, TYPE 2; VWD2",
8,,0.0,#306400,"GRANULOMATOUS DISEASE, CHRONIC, X-LINKED; CGDX",
9,P98161,0.0,#173900,POLYCYSTIC KIDNEY DISEASE 1 WITH OR WITHOUT POLYCYSTIC LIVER DISEASE; PKD1,Polycystin-1
10,P49768,0.0,#607822,ALZHEIMER DISEASE 3; AD3,Presenilin-1
11,,0.0,#123400,CREUTZFELDT-JAKOB DISEASE; CJD,
12,P05067,0.0,#104300,"ALZHEIMER DISEASE, FAMILIAL, 1; AD1",Amyloid-beta precursor protein
13,,0.0,#162000,"TUBULOINTERSTITIAL KIDNEY DISEASE, AUTOSOMAL DOMINANT, 1; ADTKD1",
14,,0.0,#124200,DARIER-WHITE DISEASE; DAR,
15,,0.0,#232200,GLYCOGEN STORAGE DISEASE Ia; GSD1A,
16,,0.0,#266600,INFLAMMATORY BOWEL DISEASE (CROHN DISEASE) 1; IBD1,
17,,0.0,#268800,SANDHOFF DISEASE,
18,,0.0,#272800,TAY-SACHS DISEASE; TSD,
19,,0.0,#275630,CHANARIN-DORFMAN SYNDROME; CDS,
20,,0.0,#605909,"PARKINSON DISEASE 6, AUTOSOMAL RECESSIVE EARLY-ONSET; PARK6",
21,,0.0,#606482,"CHARCOT-MARIE-TOOTH DISEASE, DOMINANT INTERMEDIATE B; CMTDIB",
22,Q04656,0.0,#309400,MENKES DISEASE; MNK,Copper-transporting ATPase 1
23,,0.0,#607616,"NIEMANN-PICK DISEASE, TYPE B",
24,,0.0,#300257,DANON DISEASE,
25,,0.0,#104310,ALZHEIMER DISEASE 2; AD2,
26,,0.0,#118200,"CHARCOT-MARIE-TOOTH DISEASE, DEMYELINATING, TYPE 1B; CMT1B",
27,,0.0,#118210,"CHARCOT-MARIE-TOOTH DISEASE, AXONAL, TYPE 2A1; CMT2A1",
28,,0.0,#150600,LEGG-CALVE-PERTHES DISEASE; LCPD,
29,,0.0,#167320,INCLUSION BODY MYOPATHY WITH EARLY-ONSET PAGET DISEASE WITH OR WITHOUT FRONTOTEMPORAL DEMENTIA 1; IBMPFD1,
30,,0.0,#127750,"DEMENTIA, LEWY BODY; DLB",
31,,0.0,#142623,"HIRSCHSPRUNG DISEASE, SUSCEPTIBILITY TO, 1; HSCR1",
32,,0.0,#174000,"TUBULOINTERSTITIAL KIDNEY DISEASE, AUTOSOMAL DOMINANT, 2; ADTKD2",
33,,0.0,#175780,BRAIN SMALL VESSEL DISEASE 1 WITH OR WITHOUT OCULAR ANOMALIES; BSVD1,
34,,0.0,#600666,POLYCYSTIC KIDNEY DISEASE 3 WITH OR WITHOUT POLYCYSTIC LIVER DISEASE; PKD3,
35,Q13563,0.0,#613095,POLYCYSTIC KIDNEY DISEASE 2 WITH OR WITHOUT POLYCYSTIC LIVER DISEASE; PKD2,Polycystin-2
36,,0.0,#613960,"GRANULOMATOUS DISEASE, CHRONIC, AUTOSOMAL RECESSIVE, 3; CGD3",
37,,0.0,#613978,HEMOGLOBIN H DISEASE; HBH,
38,,0.0,#601382,"CHARCOT-MARIE-TOOTH DISEASE, DEMYELINATING, TYPE 4B1; CMT4B1",
39,,0.0,#601539,PEROXISOME BIOGENESIS DISORDER 1B; PBD1B,
40,Q13286,0.0,#204200,"CEROID LIPOFUSCINOSIS, NEURONAL, 3; CLN3",Battenin
41,,0.0,#232700,GLYCOGEN STORAGE DISEASE VI; GSD6,
42,,0.0,#233700,"GRANULOMATOUS DISEASE, CHRONIC, AUTOSOMAL RECESSIVE, 1; CGD1",
43,,0.0,#233710,"GRANULOMATOUS DISEASE, CHRONIC, AUTOSOMAL RECESSIVE, 2; CGD2",
44,,0.0,#254780,MYOCLONIC EPILEPSY OF LAFORA 1; MELF1,
45,,0.0,#269920,INFANTILE SIALIC ACID STORAGE DISEASE; ISSD,
46,P33897,0.0,#300100,ADRENOLEUKODYSTROPHY; ALD,ATP-binding cassette sub-family 
47,Q86WG5,0.0,#604563,"CHARCOT-MARIE-TOOTH DISEASE, DEMYELINATING, TYPE 4B2; CMT4B2",Myotubularin-related protein 13
48,,0.0,#605588,"CHARCOT-MARIE-TOOTH DISEASE, AXONAL, TYPE 2B1; CMT2B1",
49,,0.0,#605589,"CHARCOT-MARIE-TOOTH DISEASE, AXONAL, TYPE 2B2; CMT2B2",
50,,0.0,#301500,FABRY DISEASE,
51,,0.0,#306000,GLYCOGEN STORAGE DISEASE IXa1; GSD9A1,
52,,0.0,#607831,"CHARCOT-MARIE-TOOTH DISEASE, AXONAL, TYPE 2K; CMT2K",
53,,0.0,#607836,"AUTOIMMUNE DISEASE, SUSCEPTIBILITY TO, 1; AIS1",
54,P37840,0.0,#168601,"PARKINSON DISEASE 1, AUTOSOMAL DOMINANT; PARK1",Alpha-synuclein
55,,0.0,#609260,"CHARCOT-MARIE-TOOTH DISEASE, AXONAL, AUTOSOMAL DOMINANT, TYPE 2A2A; CMT2A2A",
56,,0.0,#609311,"CHARCOT-MARIE-TOOTH DISEASE, DEMYELINATING, TYPE 4H; CMT4H",
57,,0.0,%613282,"FATTY LIVER DISEASE, SUSCEPTIBILITY TO, 1; FLD1",
58,,0.0,%606963,"PULMONARY DISEASE, CHRONIC OBSTRUCTIVE; COPD",
59,,0.0,%608391,"AUTOIMMUNE DISEASE, SUSCEPTIBILITY TO, 2; AIS2",
60,,0.0,%608392,"AUTOIMMUNE DISEASE, SUSCEPTIBILITY TO, 3; AIS3",
61,,0.0,%609400,"AUTOIMMUNE DISEASE, SUSCEPTIBILITY TO, 4; AIS4",
62,P13500,0.0,+158105,"CHEMOKINE, CC MOTIF, LIGAND 2; CCL2",C-C motif chemokine 2
63,P54252,0.0,#109150,MACHADO-JOSEPH DISEASE; MJD,Ataxin-3
64,,0.0,#109730,AORTIC VALVE DISEASE 1; AOVD1,
65,,0.0,#118220,"CHARCOT-MARIE-TOOTH DISEASE, DEMYELINATING, TYPE 1A; CMT1A",
66,,0.0,#118300,CHARCOT-MARIE-TOOTH DISEASE AND DEAFNESS,
67,,0.0,#118600,CHONDROCALCINOSIS 2; CCAL2,
68,,0.0,#120330,PAPILLORENAL SYNDROME; PAPRS,
69,,0.0,#149400,HYPEREKPLEXIA 1; HKPX1,
70,,0.0,#131300,CAMURATI-ENGELMANN DISEASE; CAEND,
71,,0.0,#137440,GERSTMANN-STRAUSSLER DISEASE; GSD,
72,,0.0,#137920,RENAL CYSTS AND DIABETES SYNDROME; RCAD,
73,,0.0,#177820,"VON WILLEBRAND DISEASE, PLATELET-TYPE; VWDP",
74,,0.0,#178500,INTERSTITIAL LUNG DISEASE 2; ILD2,
75,,0.0,#187300,"TELANGIECTASIA, HEREDITARY HEMORRHAGIC, TYPE 1; HHT1",
76,O60260,0.0,#600116,"PARKINSON DISEASE 2, AUTOSOMAL RECESSIVE JUVENILE; PARK2",E3 ubiquitin-protein ligase park
77,,0.0,#600142,"CEREBRAL ARTERIOPATHY, AUTOSOMAL RECESSIVE, WITH SUBCORTICAL INFARCTS AND LEUKOENCEPHALOPATHY; CARASIL",
78,,0.0,#600273,"POLYCYSTIC KIDNEY DISEASE, INFANTILE SEVERE, WITH TUBEROUS SCLEROSIS; PKDTS",
79,,0.0,#600882,"CHARCOT-MARIE-TOOTH DISEASE, AXONAL, TYPE 2B; CMT2B",
80,,0.0,#610475,"PIGMENTED NODULAR ADRENOCORTICAL DISEASE, PRIMARY, 2; PPNAD2",
81,,0.0,#610489,"PIGMENTED NODULAR ADRENOCORTICAL DISEASE, PRIMARY, 1; PPNAD1",
82,,0.0,#610717,NEUTRAL LIPID STORAGE DISEASE WITH MYOPATHY; NLSDM,
83,,0.0,#611081,INFLAMMATORY BOWEL DISEASE (CROHN DISEASE) 10; IBD10,
84,,0.0,#611228,"CHARCOT-MARIE-TOOTH DISEASE, DEMYELINATING, TYPE 4J; CMT4J",
85,,0.0,#611556,"GLYCOGEN STORAGE DISEASE 0, MUSCLE; GSD0B",
86,,0.0,#611890,CONGENITAL ARTHROGRYPOSIS WITH ANTERIOR HORN CELL DISEASE; CAAHD,
87,,0.0,#612567,"INFLAMMATORY BOWEL DISEASE 25, AUTOSOMAL RECESSIVE; IBD25",
88,,0.0,#613148,"INFLAMMATORY BOWEL DISEASE 28, AUTOSOMAL RECESSIVE; IBD28",
89,,0.0,#613287,"CHARCOT-MARIE-TOOTH DISEASE, AXONAL, TYPE 2N; CMT2N",
90,,0.0,#613658,RAJAB INTERSTITIAL LUNG DISEASE WITH BRAIN CALCIFICATIONS 1; RILDBC1,
91,,0.0,#614228,"CHARCOT-MARIE-TOOTH DISEASE, AXONAL, TYPE 2O; CMT2O",
92,,0.0,#614395,"GRAFT-VERSUS-HOST DISEASE, SUSCEPTIBILITY TO; GVHDS",
93,,0.0,#614436,"CHARCOT-MARIE-TOOTH DISEASE, AXONAL, TYPE 2P; CMT2P",
94,,0.0,#614748,"EPIDERMOLYSIS BULLOSA, JUNCTIONAL 7, WITH INTERSTITIAL LUNG DISEASE AND NEPHROTIC SYNDROME; JEB7",
95,,0.0,#615025,"CHARCOT-MARIE-TOOTH DISEASE, AXONAL, TYPE 2Q; CMT2Q",
96,,0.0,#615080,ALZHEIMER DISEASE 17; AD17,
97,,0.0,#618935,"GRANULOMATOUS DISEASE, CHRONIC, AUTOSOMAL RECESSIVE, 5; CGD5",
98,,0.0,#619079,INFLAMMATORY BOWEL DISEASE (CROHN DISEASE) 30; IBD30,
99,,0.0,#619398,"INFLAMMATORY BOWEL DISEASE (INFANTILE ULCERATIVE COLITIS) 31, AUTOSOMAL RECESSIVE; IBD31",
100,,0.0,#619462,"HEMOLYTIC DISEASE OF FETUS AND NEWBORN, RH-INDUCED; HDFNRH",
101,,0.0,#615490,"CHARCOT-MARIE-TOOTH DISEASE, AXONAL, TYPE 2R; CMT2R",
102,,0.0,#615528,"PARKINSON DISEASE 19A, JUVENILE-ONSET; PARK19A",
103,,0.0,#615590,ALZHEIMER DISEASE 18; AD18,
104,,0.0,#616155,"CHARCOT-MARIE-TOOTH DISEASE, AXONAL, TYPE 2S; CMT2S",
105,,0.0,#616280,"CHARCOT-MARIE-TOOTH DISEASE, AXONAL, TYPE 2U; CMT2U",
106,,0.0,#616491,"CHARCOT-MARIE-TOOTH DISEASE, AXONAL, TYPE 2V; CMT2V",
107,,0.0,#616625,"CHARCOT-MARIE-TOOTH DISEASE, AXONAL, TYPE 2W; CMT2W",
108,,0.0,#616668,"CHARCOT-MARIE-TOOTH DISEASE, AXONAL, TYPE 2X; CMT2X",
109,,0.0,#616684,"CHARCOT-MARIE-TOOTH DISEASE, DEMYELINATING, TYPE 4K; CMT4K",
110,,0.0,#616687,"CHARCOT-MARIE-TOOTH DISEASE, AXONAL, TYPE 2Y; CMT2Y",
111,,0.0,#616688,"CHARCOT-MARIE-TOOTH DISEASE, AXONAL, TYPE 2Z; CMT2Z",
112,,0.0,#601152,"NEUROPATHY, HEREDITARY MOTOR AND SENSORY, TYPE VIA, WITH OPTIC ATROPHY; HMSN6A",
113,,0.0,#601455,"CHARCOT-MARIE-TOOTH DISEASE, DEMYELINATING, TYPE 4D; CMT4D",
114,,0.0,#601472,"CHARCOT-MARIE-TOOTH DISEASE, AXONAL, TYPE 2D; CMT2D",
115,,0.0,#601596,"CHARCOT-MARIE-TOOTH DISEASE, DEMYELINATING, TYPE 4C; CMT4C",
116,,0.0,#193400,"VON WILLEBRAND DISEASE, TYPE 1; VWD1",
117,,0.0,#209880,"CENTRAL HYPOVENTILATION SYNDROME, CONGENITAL, 1; CCHS1",
118,,0.0,#214400,"CHARCOT-MARIE-TOOTH DISEASE, DEMYELINATING, TYPE 4A; CMT4A",
119,,0.0,#219600,POLYCYSTIC LUNG DISEASE; PCLUD,
120,,0.0,#221770,POLYCYSTIC LIPOMEMBRANOUS OSTEODYSPLASIA WITH SCLEROSING LEUKOENCEPHALOPATHY 1; PLOSL1,
121,,0.0,#230800,"GAUCHER DISEASE, TYPE I; GD1",
122,,0.0,#230900,"GAUCHER DISEASE, TYPE II; GD2",
123,,0.0,#232240,GLYCOGEN STORAGE DISEASE Ic; GSD1C,
124,,0.0,#232300,POMPE DISEASE,
125,,0.0,#232500,GLYCOGEN STORAGE DISEASE IV; GSD4,
126,,0.0,#232600,GLYCOGEN STORAGE DISEASE V; GSD5,
127,,0.0,#232800,GLYCOGEN STORAGE DISEASE VII; GSD7,
128,,0.0,#233690,"GRANULOMATOUS DISEASE, CHRONIC, AUTOSOMAL RECESSIVE, 4; CGD4",
129,,0.0,#235730,MOWAT-WILSON SYNDROME; MOWS,
130,,0.0,#246700,CHYLOMICRON RETENTION DISEASE; CMRD,
131,,0.0,#248600,"MAPLE SYRUP URINE DISEASE, TYPE IA; MSUD1A",
132,,0.0,#251850,"DIARRHEA 2, WITH MICROVILLUS ATROPHY, WITH OR WITHOUT CHOLESTASIS; DIAR2",
133,,0.0,#256020,FOCAL SEGMENTAL GLOMERULOSCLEROSIS 10; FSGS10,
134,P50897,0.0,#256730,"CEROID LIPOFUSCINOSIS, NEURONAL, 1; CLN1",Palmitoyl-protein thioesterase 1
135,,0.0,#257200,"NIEMANN-PICK DISEASE, TYPE A",
136,,0.0,#261740,"GLYCOGEN STORAGE DISEASE OF HEART, LETHAL CONGENITAL",
137,,0.0,#265120,"SURFACTANT METABOLISM DYSFUNCTION, PULMONARY, 1; SMDP1",
138,,0.0,#266500,"REFSUM DISEASE, CLASSIC",
139,,0.0,#271900,CANAVAN DISEASE,
140,,0.0,#277380,"METHYLMALONIC ACIDURIA AND HOMOCYSTINURIA, cblF TYPE; MAHCF",
141,,0.0,#277480,"VON WILLEBRAND DISEASE, TYPE 3; VWD3",
142,,0.0,#280000,"COLOBOMA, CONGENITAL HEART DISEASE, ICHTHYOSIFORM DERMATOSIS, IMPAIRED INTELLECTUAL DEVELOPMENT, AND EAR ANOMALIES SYNDROME; CHIME",
143,,0.0,#603218,HUNTINGTON DISEASE-LIKE 1; HDL1,
144,,0.0,#605285,"NEUROPATHY, HEREDITARY MOTOR AND SENSORY, RUSSE TYPE; HMSNR",
145,,0.0,#606072,RIPPLING MUSCLE DISEASE 2; RMD2,
146,,0.0,#606595,"CHARCOT-MARIE-TOOTH DISEASE, AXONAL, TYPE 2F; CMT2F",
147,P49810,0.0,#606889,ALZHEIMER DISEASE 4; AD4,Presenilin-2
148,,0.0,#300845,"MOYAMOYA DISEASE 4 WITH SHORT STATURE, HYPERGONADOTROPIC HYPOGONADISM, AND FACIAL DYSMORPHISM; MYMY4",
149,,0.0,#308240,"LYMPHOPROLIFERATIVE SYNDROME, X-LINKED, 1; XLP1",
150,,0.0,#310490,"CHARCOT-MARIE-TOOTH DISEASE, X-LINKED RECESSIVE, 4, WITH OR WITHOUT CEREBELLAR ATAXIA; CMTX4",
151,,0.0,#607483,"BASAL GANGLIA DISEASE, BIOTIN-THIAMINE RESPONSIVE; BTBGD",
152,,0.0,#607676,IMMUNODEFICIENCY 67; IMD67,
153,,0.0,#607706,"CHARCOT-MARIE-TOOTH DISEASE, AXONAL, WITH VOCAL CORD PARESIS, AUTOSOMAL RECESSIVE",
154,,0.0,#607736,"CHARCOT-MARIE-TOOTH DISEASE, AXONAL, TYPE 2J; CMT2J",
155,,0.0,#608013,"GAUCHER DISEASE, PERINATAL LETHAL",
156,,0.0,#608068,"NEUTROPHILIC DERMATOSIS, ACUTE FEBRILE; AFND",
157,,0.0,#608320,"CORONARY ARTERY DISEASE, AUTOSOMAL DOMINANT, 1; ADCAD1",
158,,0.0,#603932,INTERVERTEBRAL DISC DISEASE; IDD,
159,,0.0,#239000,"PAGET DISEASE OF BONE 5, JUVENILE-ONSET; PDB5",
160,,0.0,#240600,"GLYCOGEN STORAGE DISEASE 0, LIVER; GSD0A",
161,,0.0,#605543,"PARKINSON DISEASE 4, AUTOSOMAL DOMINANT; PARK4",
162,,0.0,#608907,"ALZHEIMER DISEASE 9, SUSCEPTIBILITY TO; AD9",
163,,0.0,#609241,"SCHINDLER DISEASE, TYPE I",
164,,0.0,#609242,KANZAKI DISEASE,
165,,0.0,#608673,"CHARCOT-MARIE-TOOTH DISEASE, AXONAL, TYPE 2L; CMT2L",
166,,0.0,#612278,INFLAMMATORY BOWEL DISEASE (CROHN DISEASE) 19; IBD19,
167,,0.0,#617017,"CHARCOT-MARIE-TOOTH DISEASE, AXONAL, TYPE 2T; CMT2T",
168,,0.0,#617718,IMMUNODEFICIENCY 71 WITH INFLAMMATORY DISEASE AND CONGENITAL THROMBOCYTOPENIA; IMD71,
169,,0.0,#618049,"PARKINSONISM-DYSTONIA 2, INFANTILE-ONSET; PKDYS2",
170,,0.0,#618061,POLYCYSTIC KIDNEY DISEASE 6 WITH OR WITHOUT POLYCYSTIC LIVER DISEASE; PKD6,
171,,0.0,%611073,ALZHEIMER DISEASE 12,
172,,0.0,%611598,"CELIAC DISEASE, SUSCEPTIBILITY TO, 6; CELIAC6",
173,,0.0,%602096,ALZHEIMER DISEASE 5,
174,,0.0,%252350,MOYAMOYA DISEASE 1; MYMY1,
175,,0.0,%275000,GRAVES DISEASE; GRD,
176,,0.0,%604154,ALZHEIMER DISEASE 15; AD15,
177,,0.0,%604802,HUNTINGTON DISEASE-LIKE 3; HDL3,
178,,0.0,%606187,ALZHEIMER DISEASE 7,
179,,0.0,%606852,PARKINSON DISEASE 10; PARK10,
180,,0.0,%300351,"GRAVES DISEASE, SUSCEPTIBILITY TO, X-LINKED 1",
181,,0.0,%300557,PARKINSON DISEASE 12; PARK12,
182,,0.0,%607731,"CHARCOT-MARIE-TOOTH DISEASE, AXONAL, TYPE 2H; CMT2H",
183,,0.0,%602404,"PARKINSON DISEASE 3, AUTOSOMAL DOMINANT; PARK3",
184,,0.0,%605526,ALZHEIMER DISEASE 6,
185,,0.0,%608901,"CORONARY HEART DISEASE, SUSCEPTIBILITY TO, 5",
186,,0.0,%609636,ALZHEIMER DISEASE 10,
187,,0.0,%609790,ALZHEIMER DISEASE 11,
188,,0.0,%607116,ALZHEIMER DISEASE 8,
189,P16260,0.0,*139080,"SOLUTE CARRIER FAMILY 25 (MITOCHONDRIAL CARRIER, GRAVES DISEASE AUTOANTIGEN), MEMBER 16; SLC25A16",Mitochondrial coenzyme A transpo
190,P29474,0.0,+163729,NITRIC OXIDE SYNTHASE 3; NOS3,Nitric oxide synthase 3
