Node_names,combined_score,neighborhood_on_chromosome,gene_fusion,phylogenetic_cooccurrence,homology,coexpression,experimentally_determined_interaction,database_annotated,automated_textmining,average
5671.A0A381MFJ0,393.0,106.0,0.0,232.0,70.0,284.0,339.0,308.0,336.0,416.0
5671.A4I980,185.0,22.0,0.0,217.0,57.0,167.0,225.0,265.0,110.0,286.0
5671.A4HY23,394.0,104.0,0.0,232.0,71.0,285.0,341.0,309.0,335.0,417.0
5671.A0A381MP32,211.0,58.0,0.0,0.0,0.0,121.0,250.0,0.0,192.0,150.0
5671.E9AGX7,140.0,46.0,0.0,183.0,135.0,64.0,138.0,280.0,105.0,230.0
5671.A4I8F2,41.0,29.0,0.0,200.0,125.0,16.0,84.0,179.0,31.0,111.0
5671.A4I2S6,43.0,39.0,0.0,179.0,92.0,19.0,61.0,146.0,42.0,92.0
5671.A4IDJ2,78.0,0.0,0.0,210.0,205.0,92.0,52.0,68.0,97.0,137.0
5671.A4IDH4,154.0,50.0,0.0,223.0,71.0,80.0,203.0,303.0,109.0,264.0
5671.A4IDH5,154.0,50.0,0.0,224.0,82.0,80.0,204.0,303.0,109.0,269.0
5671.A4I800,195.0,50.0,0.0,221.0,67.0,98.0,203.0,303.0,161.0,312.0
5671.A4I5W0,206.0,50.0,0.0,0.0,194.0,99.0,203.0,0.0,161.0,175.0
5671.A4I4C9,28.0,57.0,0.0,0.0,0.0,10.0,18.0,36.0,19.0,10.0
5671.E9AHQ7,22.0,57.0,0.0,0.0,0.0,14.0,13.0,23.0,16.0,5.0
5671.E9AHM9,16.0,57.0,0.0,231.0,90.0,14.0,12.0,19.0,10.0,51.0
5671.E9AHM8,15.0,48.0,0.0,231.0,90.0,14.0,6.0,20.0,9.0,44.0
5671.A4I1Z4,138.0,26.0,0.0,0.0,0.0,63.0,154.0,0.0,96.0,55.0
5671.A2TEF2,71.0,75.0,0.0,154.0,217.0,67.0,92.0,90.0,18.0,132.0
5671.E9AH25,1.0,3.0,6.0,106.0,197.0,8.0,1.0,1.0,2.0,34.0
5671.A4I0C2,121.0,15.0,0.0,230.0,58.0,79.0,162.0,78.0,98.0,154.0
5671.A4I093,122.0,15.0,0.0,230.0,59.0,79.0,162.0,78.0,98.0,156.0
5671.A4I931,301.0,38.0,0.0,211.0,0.0,193.0,272.0,210.0,221.0,354.0
5671.A4HSF7,116.0,8.0,0.0,0.0,0.0,54.0,165.0,123.0,62.0,67.0
5671.E9AGN2,266.0,47.0,0.0,0.0,0.0,133.0,298.0,287.0,159.0,262.0
5671.A4HYB7,209.0,19.0,0.0,150.0,68.0,111.0,228.0,142.0,191.0,239.0
5671.E9AGS6,209.0,19.0,0.0,149.0,64.0,111.0,228.0,142.0,191.0,238.0
5671.A4I3J3,210.0,20.0,0.0,153.0,113.0,111.0,228.0,142.0,191.0,257.0
5671.A4HYA8,208.0,19.0,0.0,148.0,65.0,111.0,228.0,142.0,191.0,237.0
5671.E9AGS5,207.0,19.0,0.0,147.0,63.0,111.0,228.0,142.0,191.0,234.0
5671.A4I646,183.0,61.0,0.0,204.0,217.0,112.0,127.0,126.0,140.0,258.0
5671.A4HUG1,73.0,0.0,0.0,39.0,33.0,164.0,54.0,79.0,82.0,66.0
5671.A4IAA0,181.0,61.0,0.0,185.0,0.0,112.0,126.0,125.0,143.0,178.0
5671.A4I2K5,180.0,61.0,0.0,183.0,0.0,112.0,126.0,126.0,143.0,177.0
5671.A4I0X6,122.0,92.0,0.0,190.0,196.0,126.0,75.0,103.0,101.0,204.0
5671.A4HZ67,123.0,92.0,0.0,191.0,202.0,125.0,75.0,103.0,101.0,205.0
5671.Q8MQV3,4.0,1.0,0.0,0.0,0.0,2.0,89.0,50.0,1.0,6.0
5671.A4I7H1,202.0,0.0,0.0,0.0,0.0,211.0,294.0,0.0,115.0,145.0
5671.A4I3T3,152.0,28.0,0.0,0.0,0.0,86.0,160.0,152.0,102.0,103.0
5671.A4I4S3,334.0,0.0,0.0,0.0,0.0,212.0,283.0,0.0,223.0,218.0
5671.A4HRC6,103.0,49.0,8.0,186.0,186.0,158.0,296.0,171.0,56.0,273.0
5671.A4HUD9,111.0,51.0,0.0,0.0,0.0,38.0,268.0,73.0,137.0,102.0
5671.A4HWV8,276.0,47.0,0.0,0.0,0.0,113.0,316.0,245.0,215.0,272.0
5671.A4I9I4,156.0,11.0,0.0,219.0,128.0,102.0,220.0,176.0,107.0,240.0
5671.A4I9I5,147.0,7.0,0.0,220.0,117.0,95.0,211.0,167.0,99.0,224.0
5671.A4I9I3,156.0,12.0,0.0,222.0,116.0,102.0,219.0,176.0,107.0,235.0
5671.A4HTK1,5.0,91.0,0.0,0.0,132.0,18.0,4.0,4.0,3.0,23.0
5671.A4I9H1,2.0,92.0,0.0,1.0,7.0,12.0,3.0,3.0,1.0,4.0
5671.A4I7A2,199.0,32.0,0.0,202.0,157.0,121.0,244.0,137.0,163.0,287.0
5671.A4I9B2,114.0,22.0,0.0,157.0,0.0,122.0,215.0,162.0,77.0,164.0
5671.A4HX32,204.0,27.0,0.0,0.0,0.0,127.0,317.0,203.0,165.0,216.0
5671.A4I1F4,66.0,13.0,0.0,0.0,199.0,52.0,128.0,112.0,30.0,85.0
5671.A4HUX0,251.0,40.0,5.0,0.0,0.0,123.0,284.0,165.0,214.0,226.0
5671.A4HRE8,147.0,74.0,0.0,0.0,0.0,183.0,112.0,99.0,132.0,123.0
5671.A4I769,100.0,10.0,12.0,197.0,116.0,59.0,186.0,105.0,93.0,169.0
5671.A4I8F6,98.0,10.0,5.0,188.0,138.0,59.0,186.0,104.0,95.0,170.0
5671.A4I4P1,101.0,10.0,8.0,202.0,109.0,59.0,186.0,104.0,94.0,167.0
5671.E9AHL8,104.0,10.0,14.0,199.0,110.0,59.0,186.0,107.0,94.0,170.0
5671.A4HRN6,21.0,0.0,0.0,0.0,130.0,33.0,20.0,8.0,32.0,20.0
5671.A4HRH0,250.0,78.0,0.0,124.0,28.0,213.0,288.0,147.0,274.0,345.0
5671.A4I5B1,25.0,0.0,0.0,20.0,5.0,63.0,14.0,24.0,12.0,8.0
5671.A4HRL5,28.0,0.0,0.0,0.0,81.0,90.0,35.0,16.0,9.0,24.0
5671.A4HRH6,324.0,0.0,0.0,0.0,69.0,266.0,286.0,192.0,314.0,355.0
5671.A4HRH2,248.0,78.0,0.0,118.0,26.0,211.0,286.0,149.0,274.0,340.0
5671.A4HRT4,250.0,77.0,0.0,122.0,29.0,213.0,288.0,149.0,274.0,345.0
5671.A4HRH5,249.0,78.0,0.0,120.0,27.0,212.0,287.0,149.0,274.0,343.0
5671.A4HRH3,245.0,78.0,0.0,110.0,42.0,212.0,286.0,148.0,274.0,342.0
5671.A4HVG5,234.0,76.0,0.0,98.0,101.0,213.0,288.0,149.0,274.0,352.0
5671.A4ICP3,39.0,63.0,0.0,0.0,18.0,37.0,28.0,26.0,29.0,19.0
5671.A4HUJ5,162.0,64.0,0.0,0.0,0.0,110.0,114.0,120.0,125.0,106.0
5671.A4I9Q1,162.0,64.0,0.0,0.0,142.0,110.0,114.0,120.0,124.0,151.0
5671.Q9GPZ9,221.0,0.0,0.0,198.0,0.0,216.0,235.0,267.0,139.0,301.0
5671.A4HS02,235.0,0.0,0.0,198.0,0.0,217.0,236.0,268.0,152.0,315.0
5671.A4HW49,302.0,0.0,0.0,130.0,0.0,0.0,246.0,246.0,281.0,268.0
5671.A4HXE9,353.0,0.0,0.0,0.0,0.0,0.0,289.0,246.0,304.0,263.0
5671.A4I978,353.0,0.0,0.0,0.0,0.0,0.0,290.0,246.0,305.0,265.0
5671.A4IB86,322.0,0.0,0.0,135.0,0.0,0.0,290.0,246.0,305.0,312.0
5671.A4HY58,353.0,0.0,0.0,0.0,0.0,0.0,290.0,246.0,304.0,264.0
5671.A4HW27,353.0,0.0,0.0,0.0,0.0,0.0,289.0,246.0,305.0,264.0
5671.A4HWB5,353.0,0.0,0.0,0.0,0.0,0.0,290.0,246.0,304.0,264.0
5671.A4HZH0,331.0,0.0,0.0,145.0,0.0,0.0,266.0,246.0,280.0,296.0
5671.A4IE49,354.0,0.0,0.0,0.0,0.0,0.0,290.0,246.0,303.0,264.0
5671.A4HXQ3,11.0,64.0,18.0,22.0,9.0,83.0,10.0,10.0,6.0,18.0
5671.A4HZS7,7.0,63.0,0.0,4.0,17.0,71.0,5.0,6.0,14.0,13.0
5671.A4IAM7,40.0,37.0,5.0,207.0,203.0,75.0,54.0,285.0,7.0,175.0
5671.A4HRU5,55.0,0.0,0.0,0.0,123.0,41.0,73.0,53.0,66.0,41.0
5671.A4ICT0,35.0,0.0,0.0,33.0,11.0,22.0,47.0,33.0,28.0,15.0
5671.A4I5K5,56.0,0.0,0.0,0.0,94.0,42.0,74.0,54.0,65.0,40.0
5671.A4HV57,56.0,0.0,0.0,0.0,155.0,42.0,74.0,54.0,66.0,50.0
5671.A4HSH7,29.0,0.0,0.0,18.0,10.0,6.0,33.0,34.0,27.0,7.0
5671.A4HUS3,13.0,0.0,0.0,13.0,8.0,4.0,25.0,22.0,25.0,2.0
5671.A4I4S4,48.0,0.0,0.0,151.0,102.0,41.0,67.0,55.0,60.0,66.0
5671.E9AHC6,32.0,0.0,0.0,23.0,12.0,13.0,38.0,25.0,35.0,12.0
5671.A4HWZ4,27.0,0.0,0.0,26.0,40.0,13.0,36.0,28.0,21.0,14.0
5671.A4I4Y0,38.0,0.0,0.0,81.0,61.0,34.0,30.0,158.0,13.0,43.0
5671.A4I1T4,12.0,63.0,0.0,14.0,1.0,114.0,5.0,8.0,15.0,17.0
5671.A4I3P6,23.0,64.0,0.0,0.0,9.0,121.0,15.0,12.0,22.0,27.0
5671.A4IE36,125.0,0.0,0.0,195.0,95.0,131.0,88.0,150.0,94.0,169.0
5671.A4HYV4,124.0,0.0,0.0,0.0,106.0,128.0,87.0,61.0,136.0,97.0
5671.A4IAK5,140.0,0.0,0.0,194.0,97.0,131.0,105.0,150.0,112.0,176.0
5671.A4IAG3,94.0,0.0,0.0,193.0,98.0,131.0,72.0,150.0,59.0,136.0
5671.A4I3V8,286.0,0.0,0.0,177.0,0.0,227.0,189.0,214.0,226.0,323.0
5671.A4HVF3,324.0,0.0,0.0,0.0,0.0,226.0,229.0,229.0,251.0,289.0
5671.A4ICE0,285.0,0.0,0.0,175.0,0.0,227.0,188.0,212.0,225.0,319.0
5671.A4HVV6,284.0,0.0,0.0,174.0,0.0,225.0,188.0,213.0,225.0,317.0
5671.A4IC25,191.0,30.0,0.0,227.0,164.0,152.0,160.0,219.0,112.0,287.0
5671.E9AHR7,211.0,30.0,0.0,0.0,202.0,184.0,176.0,270.0,134.0,270.0
5671.A4I3C9,110.0,31.0,0.0,227.0,148.0,73.0,97.0,257.0,45.0,197.0
5671.A4HYH7,210.0,0.0,0.0,0.0,107.0,157.0,148.0,238.0,195.0,220.0
5671.A4HX71,134.0,0.0,0.0,48.0,41.0,134.0,107.0,238.0,119.0,144.0
5671.A4I7W3,137.0,0.0,0.0,0.0,177.0,245.0,106.0,100.0,103.0,163.0
5671.A4HRM3,233.0,0.0,0.0,79.0,23.0,195.0,200.0,157.0,221.0,234.0
5671.A4HZ80,365.0,0.0,0.0,169.0,118.0,0.0,0.0,276.0,315.0,284.0
5671.A4HUM8,196.0,0.0,0.0,105.0,39.0,201.0,158.0,204.0,151.0,219.0
5671.A4I5J8,194.0,0.0,0.0,91.0,46.0,201.0,159.0,204.0,151.0,217.0
5671.A4HU06,90.0,84.0,0.0,159.0,89.0,88.0,76.0,70.0,104.0,125.0
5671.A4I825,88.0,84.0,0.0,143.0,62.0,88.0,76.0,70.0,104.0,116.0
5671.A4I6I0,72.0,83.0,0.0,0.0,105.0,91.0,58.0,49.0,83.0,70.0
5671.A4HUK3,64.0,85.0,0.0,136.0,67.0,68.0,49.0,39.0,70.0,81.0
5671.A4I7Z9,68.0,83.0,0.0,113.0,74.0,86.0,56.0,45.0,83.0,89.0
5671.A4I2Q9,117.0,93.0,0.0,146.0,112.0,129.0,90.0,70.0,145.0,173.0
5671.A4HYS3,163.0,94.0,0.0,0.0,0.0,183.0,123.0,102.0,178.0,156.0
5671.A4HT72,47.0,82.0,0.0,109.0,40.0,77.0,54.0,32.0,80.0,65.0
5671.A4HW20,67.0,81.0,0.0,111.0,72.0,85.0,57.0,46.0,84.0,87.0
5671.E9AHE8,259.0,0.0,0.0,128.0,53.0,156.0,211.0,175.0,247.0,278.0
5671.A4I946,258.0,0.0,0.0,119.0,60.0,156.0,211.0,175.0,247.0,277.0
5671.A4HUM9,257.0,0.0,0.0,117.0,72.0,156.0,211.0,175.0,247.0,279.0
5671.A4HVF7,129.0,0.0,0.0,107.0,44.0,118.0,126.0,84.0,92.0,109.0
5671.A4HXY7,141.0,0.0,0.0,102.0,52.0,118.0,138.0,128.0,105.0,132.0
5671.A4I7N3,109.0,83.0,0.0,159.0,79.0,116.0,92.0,74.0,127.0,152.0
5671.A4ICQ2,277.0,0.0,0.0,0.0,0.0,0.0,207.0,169.0,241.0,172.0
5671.E9AGQ4,252.0,0.0,0.0,73.0,24.0,154.0,241.0,161.0,234.0,245.0
5671.A4HRM6,252.0,0.0,0.0,63.0,171.0,0.0,210.0,253.0,343.0,310.0
5671.A4HYT8,205.0,0.0,0.0,0.0,33.0,0.0,144.0,144.0,203.0,118.0
5671.A4HUC8,63.0,0.0,0.0,6.0,78.0,230.0,48.0,75.0,153.0,98.0
5671.E9AGX6,82.0,0.0,0.0,34.0,80.0,0.0,111.0,235.0,38.0,82.0
5671.A4HTU3,117.0,0.0,0.0,9.0,151.0,189.0,120.0,226.0,148.0,189.0
5671.A4HYH4,54.0,0.0,0.0,27.0,36.0,187.0,37.0,89.0,61.0,59.0
5671.A4HRM7,402.0,107.0,0.0,0.0,0.0,280.0,338.0,323.0,329.0,402.0
5671.A4I194,212.0,49.0,0.0,225.0,167.0,151.0,149.0,143.0,183.0,303.0
5671.A4HRN3,96.0,0.0,0.0,60.0,69.0,142.0,95.0,127.0,75.0,100.0
5671.A4I4W3,14.0,64.0,0.0,3.0,20.0,43.0,11.0,21.0,11.0,13.0
5671.A4I7R2,57.0,0.0,0.0,138.0,121.0,39.0,51.0,27.0,47.0,56.0
5671.A4I4D6,99.0,69.0,0.0,173.0,146.0,139.0,168.0,98.0,52.0,180.0
5671.A4I302,305.0,0.0,0.0,0.0,137.0,258.0,231.0,211.0,0.0,246.0
5671.A4I9V5,179.0,0.0,0.0,209.0,0.0,170.0,140.0,141.0,173.0,205.0
5671.E9AH38,46.0,44.0,0.0,0.0,0.0,86.0,34.0,41.0,48.0,30.0
5671.A4HVT6,34.0,44.0,0.0,220.0,192.0,72.0,26.0,29.0,43.0,99.0
5671.A4HSD9,37.0,45.0,0.0,0.0,0.0,84.0,29.0,31.0,39.0,26.0
5671.A4I2D8,45.0,44.0,0.0,0.0,0.0,85.0,34.0,40.0,47.0,29.0
5671.A4HTW1,36.0,43.0,0.0,0.0,0.0,85.0,29.0,31.0,37.0,25.0
5671.A4IB73,118.0,0.0,0.0,131.0,70.0,141.0,122.0,165.0,94.0,154.0
5671.A4IDT1,242.0,0.0,0.0,0.0,0.0,210.0,234.0,168.0,205.0,223.0
5671.A4I4C7,146.0,0.0,0.0,90.0,0.0,0.0,0.0,139.0,181.0,75.0
5671.E9AH78,151.0,0.0,0.0,149.0,143.0,171.0,161.0,74.0,240.0,229.0
5671.A4I3C6,44.0,0.0,0.0,58.0,20.0,21.0,71.0,44.0,63.0,32.0
5671.A4I2H1,49.0,0.0,0.0,0.0,81.0,24.0,79.0,51.0,69.0,36.0
5671.E9AHI7,31.0,0.0,0.0,39.0,35.0,20.0,41.0,37.0,56.0,24.0
5671.A4IB24,17.0,93.0,3.0,192.0,104.0,17.0,23.0,8.0,23.0,56.0
5671.A4HTB1,18.0,95.0,0.0,196.0,122.0,18.0,22.0,8.0,23.0,62.0
5671.A4HS64,19.0,94.0,2.0,206.0,108.0,18.0,23.0,8.0,23.0,61.0
5671.A4I7L2,230.0,0.0,0.0,0.0,107.0,132.0,264.0,151.0,201.0,228.0
5671.A4I000,135.0,0.0,0.0,141.0,0.0,182.0,108.0,86.0,144.0,135.0
5671.A4IA04,153.0,0.0,0.0,0.0,0.0,182.0,122.0,86.0,147.0,105.0
5671.A4HT95,155.0,0.0,0.0,0.0,0.0,182.0,122.0,86.0,154.0,108.0
5671.A4IE23,133.0,0.0,0.0,116.0,0.0,182.0,109.0,86.0,144.0,127.0
5671.A4I7L6,140.0,0.0,0.0,167.0,0.0,182.0,117.0,86.0,149.0,154.0
5671.A4HTP2,120.0,67.0,0.0,195.0,198.0,257.0,77.0,94.0,122.0,243.0
5671.A4HTR2,119.0,68.0,0.0,187.0,200.0,257.0,77.0,94.0,122.0,242.0
5671.A4HVM4,3.0,2.0,0.0,71.0,19.0,5.0,2.0,2.0,2.0,1.0
5671.A4I4Y5,131.0,0.0,0.0,77.0,202.0,66.0,96.0,106.0,172.0,158.0
5671.A4I4J0,233.0,0.0,0.0,0.0,0.0,105.0,173.0,172.0,276.0,188.0
5671.A4I4J7,233.0,0.0,0.0,0.0,0.0,105.0,172.0,171.0,275.0,186.0
5671.A4I4J5,233.0,0.0,0.0,0.0,0.0,104.0,172.0,172.0,276.0,187.0
5671.A4I7G8,105.0,0.0,1.0,45.0,0.0,101.0,201.0,115.0,138.0,112.0
5671.A4HWL4,87.0,23.0,0.0,0.0,0.0,25.0,124.0,237.0,45.0,70.0
5671.A4I3V9,71.0,23.0,0.0,0.0,0.0,26.0,100.0,236.0,34.0,58.0
5671.A4IAG7,75.0,0.0,0.0,0.0,192.0,50.0,93.0,115.0,36.0,76.0
5671.A4I7S6,75.0,0.0,0.0,0.0,174.0,51.0,93.0,115.0,36.0,72.0
5671.A4I1I6,110.0,0.0,0.0,0.0,0.0,57.0,110.0,77.0,111.0,53.0
5671.A4HRS7,297.0,48.0,0.0,0.0,220.0,155.0,295.0,0.0,189.0,267.0
5671.A4HUR8,192.0,35.0,0.0,0.0,213.0,96.0,297.0,321.0,108.0,290.0
5671.A4HZ70,234.0,99.0,0.0,0.0,220.0,80.0,195.0,293.0,238.0,332.0
5671.A4HRT1,136.0,9.0,0.0,0.0,199.0,76.0,222.0,116.0,105.0,161.0
5671.A4I0D8,326.0,73.0,0.0,198.0,0.0,180.0,289.0,231.0,265.0,378.0
5671.A4I4G0,329.0,71.0,0.0,209.0,206.0,179.0,289.0,231.0,265.0,402.0
5671.A4HVK0,330.0,72.0,0.0,214.0,176.0,179.0,289.0,231.0,265.0,399.0
5671.A4I345,243.0,36.0,0.0,189.0,0.0,124.0,293.0,209.0,187.0,305.0
5671.A4I067,160.0,29.0,0.0,0.0,0.0,119.0,266.0,181.0,100.0,160.0
5671.A4IB16,264.0,41.0,0.0,0.0,0.0,135.0,293.0,233.0,198.0,255.0
5671.A4ID56,232.0,33.0,0.0,211.0,0.0,121.0,286.0,208.0,182.0,299.0
5671.E9AH89,263.0,42.0,0.0,0.0,0.0,136.0,292.0,234.0,197.0,255.0
5671.A4IB17,262.0,42.0,0.0,0.0,0.0,136.0,292.0,234.0,196.0,254.0
5671.A4IE56,23.0,4.0,0.0,167.0,165.0,11.0,44.0,18.0,4.0,46.0
5671.A4HRT2,112.0,0.0,0.0,21.0,73.0,218.0,84.0,111.0,161.0,129.0
5671.A4HSF4,206.0,0.0,0.0,0.0,0.0,0.0,142.0,160.0,199.0,113.0
5671.A4I390,207.0,0.0,0.0,0.0,0.0,0.0,142.0,160.0,200.0,115.0
5671.E9AH34,83.0,0.0,0.0,15.0,78.0,108.0,86.0,120.0,118.0,89.0
5671.A4I2I8,9.0,0.0,0.0,7.0,22.0,10.0,8.0,13.0,49.0,3.0
5671.A4I2H8,150.0,0.0,0.0,24.0,168.0,277.0,198.0,220.0,175.0,272.0
5671.A4I140,92.0,0.0,0.0,10.0,2.0,58.0,80.0,85.0,126.0,52.0
5671.A4ICP8,66.0,0.0,0.0,7.0,3.0,48.0,54.0,76.0,74.0,35.0
5671.A4I9Y5,93.0,0.0,0.0,11.0,6.0,48.0,81.0,84.0,124.0,50.0
5671.A4I1P7,164.0,0.0,0.0,12.0,84.0,248.0,198.0,0.0,258.0,191.0
5671.A4I4U6,55.0,0.0,0.0,5.0,4.0,48.0,47.0,84.0,80.0,33.0
5671.A4HWP5,189.0,0.0,0.0,37.0,77.0,163.0,166.0,155.0,246.0,211.0
5671.A4IDV1,116.0,0.0,0.0,210.0,205.0,148.0,85.0,88.0,135.0,196.0
5671.E9AGR6,216.0,0.0,0.0,28.0,0.0,150.0,193.0,246.0,194.0,210.0
5671.A4HYX6,22.0,0.0,0.0,2.0,91.0,93.0,24.0,56.0,93.0,39.0
5671.A4HZT9,33.0,16.0,12.0,76.0,15.0,15.0,21.0,15.0,46.0,22.0
5671.E9AG43,24.0,13.0,13.0,70.0,13.0,7.0,16.0,11.0,64.0,16.0
5671.A4HZT4,62.0,96.0,10.0,113.0,33.0,36.0,46.0,57.0,67.0,64.0
5671.A4HVN7,52.0,66.0,5.0,112.0,32.0,18.0,53.0,58.0,50.0,49.0
5671.E9AGB0,10.0,17.0,7.0,80.0,14.0,1.0,7.0,9.0,20.0,9.0
5671.A4IE38,53.0,97.0,8.0,114.0,31.0,35.0,45.0,43.0,41.0,54.0
5671.A4ID13,59.0,0.0,0.0,0.0,0.0,33.0,51.0,72.0,60.0,28.0
5671.E9AGZ4,59.0,0.0,0.0,0.0,0.0,33.0,51.0,72.0,60.0,28.0
5671.A4I9B7,30.0,93.0,0.0,0.0,126.0,23.0,31.0,14.0,44.0,37.0
5671.A4HXS2,81.0,0.0,16.0,97.0,133.0,45.0,68.0,71.0,112.0,93.0
5671.A4HYJ4,26.0,101.0,0.0,25.0,140.0,9.0,27.0,52.0,55.0,45.0
5671.A4HX90,58.0,0.0,0.0,53.0,120.0,41.0,39.0,62.0,113.0,57.0
5671.A4IC77,61.0,0.0,0.0,0.0,50.0,45.0,40.0,38.0,76.0,31.0
5671.A4HXE5,20.0,0.0,0.0,67.0,9.0,30.0,19.0,17.0,8.0,11.0
5671.A4I1U3,42.0,0.0,0.0,19.0,16.0,0.0,51.0,30.0,91.0,22.0
5671.A4I122,8.0,93.0,0.0,0.0,116.0,4.0,17.0,5.0,5.0,21.0
5671.A4I503,77.0,0.0,0.0,0.0,219.0,49.0,66.0,66.0,38.0,63.0
5671.A4I1J3,65.0,0.0,0.0,0.0,0.0,37.0,50.0,47.0,32.0,16.0
5671.A4I1W9,85.0,0.0,0.0,0.0,0.0,49.0,69.0,67.0,40.0,31.0
5671.A4I8F7,70.0,0.0,0.0,0.0,219.0,49.0,59.0,67.0,33.0,60.0
5671.A4I569,42.0,0.0,0.0,41.0,139.0,31.0,42.0,48.0,68.0,41.0
5671.E9AH79,6.0,108.0,0.0,30.0,182.0,3.0,9.0,7.0,17.0,38.0
5671.A4HRW6,361.0,0.0,4.0,0.0,0.0,0.0,314.0,0.0,319.0,200.0
5671.A4HZT8,74.0,0.0,0.0,103.0,107.0,87.0,55.0,51.0,85.0,77.0
5671.E9AG57,190.0,0.0,4.0,0.0,0.0,161.0,168.0,0.0,162.0,104.0
5671.A4HRW8,369.0,100.0,0.0,0.0,0.0,230.0,0.0,273.0,293.0,293.0
5671.E9AGU0,107.0,24.0,0.0,217.0,98.0,56.0,151.0,108.0,59.0,143.0
5671.A4I628,103.0,24.0,0.0,215.0,110.0,53.0,143.0,108.0,53.0,139.0
5671.E9AGT9,104.0,24.0,0.0,216.0,99.0,53.0,143.0,109.0,54.0,137.0
5671.A4HSB4,134.0,25.0,0.0,0.0,0.0,62.0,179.0,244.0,63.0,113.0
5671.A4HRX5,371.0,0.0,0.0,0.0,0.0,0.0,323.0,289.0,324.0,316.0
5671.A4HRZ6,340.0,104.0,0.0,134.0,67.0,208.0,246.0,327.0,311.0,397.0
5671.A4HTD0,268.0,98.0,5.0,162.0,148.0,169.0,199.0,326.0,321.0,396.0
5671.A4HXD4,390.0,103.0,0.0,180.0,103.0,272.0,324.0,327.0,327.0,414.0
5671.A4HTF0,381.0,104.0,0.0,160.0,111.0,266.0,324.0,326.0,327.0,412.0
5671.A4HT82,389.0,106.0,0.0,178.0,115.0,272.0,324.0,326.0,327.0,415.0
5671.A4I8W5,380.0,105.0,0.0,158.0,124.0,265.0,325.0,327.0,327.0,413.0
5671.A4HRZ8,308.0,0.0,0.0,0.0,207.0,255.0,270.0,253.0,250.0,373.0
5671.A4HXY3,378.0,0.0,0.0,179.0,87.0,0.0,330.0,292.0,326.0,385.0
5671.A4HXH3,379.0,0.0,0.0,0.0,131.0,0.0,330.0,292.0,326.0,357.0
5671.A4IBT4,106.0,0.0,0.0,62.0,96.0,147.0,119.0,113.0,58.0,110.0
5671.A4IBT9,128.0,0.0,0.0,86.0,69.0,194.0,132.0,131.0,73.0,142.0
5671.A4HXY2,124.0,0.0,0.0,87.0,66.0,194.0,125.0,140.0,71.0,138.0
5671.A4HS39,401.0,0.0,0.0,0.0,0.0,273.0,326.0,329.0,340.0,392.0
5671.A4HVS3,307.0,0.0,0.0,0.0,0.0,196.0,224.0,262.0,277.0,294.0
5671.Q9GNZ8,50.0,0.0,0.0,181.0,181.0,29.0,64.0,35.0,86.0,94.0
5671.A4I384,60.0,83.0,0.0,0.0,211.0,70.0,45.0,42.0,38.0,73.0
5671.A4HZI9,46.0,84.0,0.0,176.0,166.0,46.0,32.0,41.0,26.0,91.0
5671.A4IAB8,289.0,0.0,0.0,126.0,86.0,205.0,238.0,189.0,232.0,336.0
5671.A4HZ08,297.0,0.0,0.0,0.0,189.0,214.0,244.0,194.0,233.0,337.0
5671.A4IDD6,84.0,83.0,0.0,216.0,137.0,44.0,71.0,60.0,88.0,131.0
5671.A4IBS2,95.0,83.0,0.0,0.0,169.0,32.0,78.0,63.0,81.0,86.0
5671.A4I5C2,331.0,0.0,0.0,0.0,191.0,240.0,275.0,260.0,243.0,371.0
5671.A4HSQ5,44.0,42.0,0.0,0.0,179.0,27.0,62.0,59.0,24.0,47.0
5671.A4HWQ5,274.0,0.0,0.0,201.0,111.0,188.0,223.0,183.0,218.0,344.0
5671.A4I8C9,113.0,63.0,0.0,0.0,0.0,89.0,94.0,87.0,94.0,69.0
5671.A4I6V8,113.0,64.0,0.0,0.0,0.0,89.0,94.0,87.0,95.0,71.0
5671.A4HSA9,396.0,102.0,0.0,217.0,187.0,283.0,340.0,325.0,334.0,418.0
5671.A4IAQ0,165.0,6.0,0.0,0.0,0.0,102.0,184.0,114.0,159.0,119.0
5671.A4IAQ1,160.0,6.0,0.0,0.0,0.0,102.0,184.0,114.0,150.0,117.0
5671.A4I1W7,368.0,100.0,0.0,0.0,0.0,230.0,0.0,274.0,293.0,293.0
5671.A4IAQ4,159.0,6.0,0.0,0.0,0.0,103.0,184.0,114.0,142.0,114.0
5671.A4HSC0,102.0,0.0,0.0,13.0,150.0,100.0,165.0,138.0,78.0,122.0
5671.A4I564,76.0,0.0,0.0,16.0,44.0,186.0,60.0,77.0,106.0,79.0
5671.A4I790,349.0,0.0,0.0,144.0,0.0,0.0,319.0,0.0,242.0,219.0
5671.A4HSD0,407.0,0.0,17.0,181.0,0.0,0.0,0.0,0.0,0.0,88.0
5671.A4I053,393.0,0.0,17.0,139.0,0.0,0.0,0.0,0.0,0.0,73.0
5671.A4I910,79.0,0.0,0.0,17.0,37.0,186.0,65.0,80.0,89.0,74.0
5671.A4I0Q5,259.0,0.0,0.0,0.0,0.0,229.0,166.0,187.0,243.0,227.0
5671.A4HVU2,194.0,0.0,0.0,44.0,107.0,228.0,136.0,143.0,206.0,222.0
5671.A4I945,259.0,0.0,0.0,0.0,134.0,231.0,168.0,188.0,243.0,276.0
5671.A4ICR2,188.0,0.0,0.0,88.0,34.0,229.0,130.0,145.0,184.0,200.0
5671.A4HVK6,260.0,0.0,0.0,0.0,100.0,229.0,167.0,187.0,244.0,260.0
5671.A4ICA4,108.0,0.0,0.0,25.0,38.0,154.0,86.0,96.0,130.0,96.0
5671.A4I5X0,161.0,0.0,0.0,89.0,76.0,187.0,117.0,122.0,150.0,173.0
5671.A4IBD4,177.0,88.0,0.0,115.0,0.0,0.0,145.0,129.0,186.0,153.0
5671.A4I1D4,175.0,88.0,0.0,152.0,0.0,224.0,136.0,130.0,151.0,221.0
5671.A4IBA2,193.0,88.0,0.0,0.0,0.0,0.0,147.0,132.0,189.0,124.0
5671.A4I3E2,143.0,88.0,0.0,104.0,0.0,192.0,121.0,117.0,138.0,174.0
5671.A4IAC2,158.0,88.0,0.0,89.0,215.0,237.0,134.0,119.0,171.0,271.0
5671.A4I610,166.0,88.0,6.0,125.0,210.0,236.0,134.0,121.0,171.0,288.0
5671.A4HXY4,132.0,88.0,0.0,108.0,0.0,186.0,116.0,93.0,190.0,175.0
5671.A4HSI6,192.0,87.0,0.0,0.0,0.0,0.0,147.0,133.0,190.0,124.0
5671.A4I4G8,155.0,88.0,0.0,78.0,0.0,238.0,135.0,118.0,170.0,194.0
5671.A4HUX9,171.0,89.0,0.0,116.0,0.0,157.0,139.0,135.0,189.0,199.0
5671.E9AG37,139.0,88.0,0.0,0.0,0.0,65.0,118.0,95.0,129.0,95.0
5671.A4HSE2,170.0,0.0,15.0,15.0,0.0,144.0,192.0,251.0,193.0,193.0
5671.A4I7Z6,196.0,0.0,0.0,56.0,170.0,191.0,159.0,153.0,343.0,296.0
5671.A4IC37,300.0,0.0,15.0,91.0,167.0,278.0,248.0,315.0,343.0,400.0
5671.A4IDC2,261.0,0.0,0.0,69.0,165.0,278.0,212.0,250.0,343.0,382.0
5671.A4I435,311.0,0.0,0.0,81.0,160.0,278.0,259.0,252.0,343.0,394.0
5671.A4I5D2,246.0,0.0,0.0,0.0,0.0,81.0,218.0,314.0,254.0,238.0
5671.E9AHB1,357.0,90.0,0.0,0.0,0.0,220.0,318.0,272.0,297.0,375.0
5671.E9AGI7,357.0,90.0,0.0,0.0,0.0,220.0,318.0,272.0,298.0,376.0
5671.A4I4T3,357.0,90.0,0.0,0.0,0.0,220.0,318.0,272.0,298.0,376.0
5671.Q8I6E4,197.0,47.0,0.0,203.0,202.0,263.0,164.0,225.0,120.0,349.0
5671.A4I1Z8,154.0,87.0,0.0,219.0,208.0,146.0,129.0,89.0,135.0,256.0
5671.A4ICD5,124.0,80.0,0.0,219.0,193.0,90.0,103.0,101.0,114.0,209.0
5671.A4HSZ7,127.0,87.0,0.0,0.0,209.0,134.0,113.0,92.0,105.0,162.0
5671.A4HSG1,292.0,0.0,0.0,76.0,70.0,246.0,217.0,302.0,259.0,359.0
5671.A4HZA2,279.0,0.0,0.0,42.0,0.0,236.0,183.0,0.0,277.0,207.0
5671.A4HSP6,289.0,0.0,0.0,142.0,180.0,0.0,194.0,204.0,255.0,292.0
5671.A4HU44,130.0,56.0,0.0,0.0,88.0,71.0,101.0,83.0,161.0,105.0
5671.A4I5S8,118.0,56.0,0.0,123.0,45.0,66.0,100.0,78.0,161.0,123.0
5671.E9AH29,69.0,56.0,11.0,61.0,34.0,37.0,63.0,64.0,161.0,75.0
5671.A4ICJ9,127.0,56.0,0.0,165.0,63.0,70.0,102.0,81.0,161.0,148.0
5671.A4I3M5,97.0,56.0,0.0,80.0,29.0,55.0,83.0,65.0,161.0,94.0
5671.A4I2M3,126.0,56.0,0.0,156.0,70.0,69.0,103.0,82.0,161.0,146.0
5671.A4HV47,91.0,0.0,0.0,216.0,141.0,40.0,89.0,69.0,51.0,107.0
5671.P62884,241.0,0.0,0.0,74.0,0.0,137.0,190.0,0.0,213.0,160.0
5671.A4IDU0,134.0,18.0,0.0,0.0,0.0,74.0,153.0,156.0,78.0,90.0
5671.A4HT34,202.0,0.0,0.0,96.0,159.0,0.0,331.0,317.0,175.0,304.0
5671.A4HT35,398.0,0.0,0.0,0.0,0.0,0.0,331.0,317.0,340.0,339.0
5671.A4HT43,272.0,0.0,0.0,0.0,0.0,0.0,205.0,313.0,231.0,208.0
5671.A4HT46,366.0,0.0,0.0,0.0,190.0,226.0,0.0,295.0,294.0,337.0
5671.A4IAK2,149.0,0.0,0.0,171.0,195.0,106.0,133.0,91.0,146.0,198.0
5671.E9AG93,236.0,0.0,0.0,0.0,149.0,264.0,163.0,163.0,266.0,283.0
5671.A4IAC5,215.0,0.0,0.0,0.0,143.0,279.0,143.0,127.0,204.0,236.0
5671.A4IBA6,339.0,105.0,0.0,133.0,71.0,209.0,247.0,327.0,310.0,398.0
5671.A4ICP4,204.0,0.0,0.0,94.0,43.0,205.0,146.0,172.0,175.0,214.0
5671.A4I4Q9,217.0,0.0,0.0,111.0,49.0,253.0,159.0,186.0,179.0,250.0
5671.A4IAU7,300.0,0.0,0.0,0.0,108.0,253.0,227.0,186.0,264.0,328.0
5671.A4HZV1,203.0,0.0,0.0,93.0,48.0,204.0,147.0,173.0,174.0,215.0
5671.A4HXU0,238.0,0.0,0.0,85.0,71.0,207.0,171.0,173.0,252.0,266.0
5671.A4HZY8,299.0,0.0,0.0,0.0,129.0,252.0,227.0,186.0,262.0,330.0
5671.A4HTB4,176.0,0.0,0.0,68.0,45.0,252.0,131.0,164.0,167.0,202.0
5671.A4IBU4,298.0,0.0,0.0,0.0,112.0,253.0,226.0,185.0,263.0,327.0
5671.A4I967,182.0,0.0,0.0,66.0,64.0,206.0,141.0,174.0,166.0,201.0
5671.A4HZG8,157.0,0.0,0.0,212.0,0.0,173.0,91.0,97.0,142.0,166.0
5671.A4HZ84,144.0,0.0,0.0,0.0,85.0,0.0,104.0,75.0,177.0,84.0
5671.A4HVT2,358.0,105.0,0.0,161.0,0.0,275.0,342.0,326.0,331.0,408.0
5671.A4HTG0,320.0,0.0,0.0,0.0,0.0,228.0,277.0,240.0,270.0,326.0
5671.A4HVU4,115.0,0.0,0.0,209.0,188.0,187.0,157.0,144.0,72.0,225.0
5671.E9AGF3,148.0,0.0,0.0,0.0,0.0,109.0,205.0,224.0,100.0,133.0
5671.A4HXP1,219.0,0.0,0.0,0.0,0.0,140.0,206.0,223.0,166.0,185.0
5671.E9AG71,86.0,0.0,0.0,8.0,25.0,221.0,70.0,195.0,90.0,106.0
5671.A4I2Z0,321.0,0.0,0.0,0.0,0.0,229.0,276.0,240.0,269.0,326.0
5671.A4I9Z1,321.0,0.0,0.0,0.0,0.0,229.0,276.0,240.0,268.0,325.0
5671.A4I3F4,321.0,0.0,0.0,0.0,0.0,229.0,276.0,240.0,268.0,325.0
5671.A4I317,321.0,0.0,0.0,0.0,0.0,229.0,276.0,240.0,269.0,326.0
5671.A4HZ69,321.0,0.0,0.0,0.0,0.0,229.0,276.0,240.0,268.0,325.0
5671.A4HTL4,133.0,65.0,0.0,0.0,0.0,259.0,98.0,110.0,117.0,130.0
5671.A4I6V7,133.0,63.0,0.0,0.0,167.0,260.0,98.0,110.0,117.0,183.0
5671.A4HX11,313.0,0.0,0.0,0.0,0.0,222.0,254.0,264.0,229.0,306.0
5671.A4I5H1,127.0,0.0,0.0,50.0,0.0,130.0,115.0,202.0,116.0,121.0
5671.A4HZC0,226.0,0.0,0.0,0.0,0.0,168.0,178.0,281.0,164.0,207.0
5671.A4I4U4,198.0,109.0,0.0,0.0,218.0,165.0,251.0,177.0,185.0,314.0
5671.A4HWX0,239.0,0.0,0.0,0.0,218.0,138.0,175.0,239.0,195.0,267.0
5671.A4IB74,239.0,0.0,0.0,0.0,0.0,138.0,175.0,239.0,195.0,195.0
5671.A4I7C0,138.0,59.0,9.0,184.0,183.0,176.0,293.0,197.0,79.0,322.0
5671.A4HWH3,288.0,0.0,0.0,137.0,93.0,215.0,261.0,212.0,228.0,353.0
5671.A4HTP0,281.0,0.0,0.0,205.0,120.0,234.0,277.0,193.0,256.0,380.0
5671.A4I5H8,240.0,84.0,0.0,0.0,0.0,160.0,243.0,207.0,188.0,241.0
5671.Q7K8Z6,196.0,70.0,0.0,207.0,119.0,235.0,278.0,193.0,157.0,356.0
5671.A4I0H7,230.0,55.0,0.0,206.0,204.0,271.0,248.0,286.0,144.0,390.0
5671.A4HTS4,387.0,0.0,0.0,129.0,0.0,281.0,340.0,0.0,0.0,244.0
5671.A4IBV3,229.0,0.0,0.0,99.0,0.0,153.0,249.0,219.0,272.0,275.0
5671.A4HXP4,347.0,0.0,0.0,125.0,0.0,286.0,280.0,319.0,339.0,396.0
5671.A4HXP5,345.0,0.0,0.0,121.0,0.0,286.0,280.0,319.0,339.0,395.0
5671.A4HTS6,348.0,0.0,0.0,170.0,0.0,162.0,304.0,282.0,338.0,386.0
5671.A4I1H6,51.0,0.0,18.0,220.0,192.0,48.0,43.0,30.0,210.0,141.0
5671.A4HTS7,267.0,0.0,0.0,100.0,214.0,161.0,256.0,232.0,337.0,381.0
5671.A4HXP3,387.0,0.0,0.0,164.0,0.0,0.0,328.0,319.0,339.0,369.0
5671.A4I3D6,319.0,0.0,0.0,59.0,0.0,278.0,291.0,259.0,0.0,269.0
5671.A4I4V4,372.0,0.0,0.0,0.0,0.0,0.0,322.0,290.0,323.0,316.0
5671.A4IAG1,372.0,0.0,0.0,0.0,0.0,0.0,322.0,290.0,322.0,315.0
5671.E9AH40,372.0,0.0,0.0,0.0,0.0,0.0,322.0,290.0,322.0,315.0
5671.A4I1Q1,372.0,0.0,0.0,0.0,0.0,0.0,322.0,290.0,322.0,315.0
5671.A4I1V3,372.0,0.0,0.0,0.0,0.0,0.0,322.0,290.0,322.0,315.0
5671.A4IBC9,372.0,0.0,0.0,0.0,0.0,0.0,322.0,290.0,323.0,316.0
5671.A4IBP7,372.0,0.0,0.0,0.0,0.0,0.0,322.0,290.0,322.0,315.0
5671.A4IAS0,372.0,0.0,0.0,0.0,0.0,0.0,322.0,290.0,322.0,315.0
5671.A4ICB8,372.0,0.0,0.0,0.0,0.0,0.0,322.0,290.0,322.0,315.0
5671.A4I9T8,372.0,0.0,0.0,0.0,0.0,0.0,322.0,290.0,322.0,315.0
5671.A4IB02,256.0,0.0,0.0,47.0,0.0,201.0,229.0,294.0,212.0,282.0
5671.A4I9G2,92.0,0.0,0.0,168.0,195.0,47.0,82.0,54.0,102.0,121.0
5671.A4HU13,237.0,0.0,0.0,0.0,0.0,0.0,159.0,201.0,181.0,128.0
5671.E9AGR8,80.0,14.0,0.0,0.0,0.0,28.0,99.0,134.0,57.0,42.0
5671.A4I0Z7,89.0,0.0,0.0,49.0,0.0,61.0,125.0,286.0,128.0,120.0
5671.A4HU75,404.0,0.0,0.0,171.0,0.0,0.0,0.0,0.0,0.0,80.0
5671.A4I510,394.0,0.0,0.0,140.0,0.0,0.0,0.0,0.0,0.0,68.0
5671.A4HUB8,269.0,0.0,0.0,46.0,0.0,174.0,285.0,0.0,261.0,213.0
5671.A4IA43,223.0,0.0,0.0,0.0,0.0,0.0,273.0,249.0,131.0,168.0
5671.A4IC06,173.0,0.0,0.0,55.0,0.0,143.0,208.0,0.0,186.0,126.0
5671.A4IDR0,333.0,0.0,0.0,95.0,200.0,219.0,318.0,0.0,320.0,361.0
5671.A4HZL2,243.0,0.0,0.0,48.0,0.0,159.0,253.0,0.0,296.0,201.0
5671.A4I913,172.0,0.0,0.0,36.0,0.0,197.0,267.0,305.0,230.0,270.0
5671.A4I1N3,227.0,0.0,0.0,32.0,0.0,148.0,248.0,322.0,290.0,295.0
5671.A4I9L7,186.0,0.0,0.0,38.0,185.0,0.0,110.0,191.0,224.0,179.0
5671.A4I8M2,231.0,0.0,0.0,35.0,161.0,125.0,0.0,0.0,289.0,154.0
5671.A4IBS6,230.0,0.0,0.0,65.0,136.0,82.0,279.0,263.0,222.0,302.0
5671.A4I960,338.0,0.0,0.0,132.0,158.0,0.0,274.0,261.0,343.0,364.0
5671.A4IDK3,218.0,0.0,0.0,75.0,162.0,239.0,161.0,159.0,344.0,331.0
5671.A4IDE7,145.0,5.0,0.0,0.0,0.0,74.0,187.0,121.0,110.0,97.0
5671.A4HUJ0,375.0,0.0,0.0,155.0,203.0,216.0,315.0,0.0,326.0,384.0
5671.A4HUR6,305.0,86.0,0.0,0.0,0.0,177.0,197.0,248.0,257.0,297.0
5671.A4I5I5,401.0,0.0,0.0,0.0,0.0,255.0,0.0,331.0,333.0,324.0
5671.A4I9Y7,400.0,0.0,0.0,0.0,213.0,255.0,0.0,331.0,333.0,365.0
5671.A4IAJ0,228.0,98.0,0.0,182.0,0.0,233.0,155.0,182.0,207.0,307.0
5671.A4ICH8,323.0,58.0,0.0,0.0,0.0,244.0,0.0,326.0,202.0,249.0
5671.A4HXF5,187.0,22.0,0.0,218.0,178.0,106.0,214.0,190.0,123.0,281.0
5671.A4HYI5,186.0,22.0,0.0,218.0,178.0,107.0,213.0,190.0,121.0,279.0
5671.A4HV00,167.0,76.0,0.0,67.0,21.0,94.0,120.0,124.0,217.0,171.0
5671.A4HV33,386.0,106.0,0.0,0.0,221.0,273.0,325.0,306.0,312.0,409.0
5671.A4I059,253.0,62.0,0.0,0.0,221.0,175.0,180.0,178.0,219.0,309.0
5671.A4HZM5,200.0,34.0,0.0,0.0,0.0,95.0,203.0,184.0,136.0,159.0
5671.A4I3C0,205.0,96.0,0.0,162.0,83.0,137.0,137.0,174.0,211.0,268.0
5671.A4HV49,384.0,0.0,0.0,0.0,0.0,282.0,301.0,305.0,316.0,383.0
5671.A4IAA1,142.0,0.0,0.0,92.0,54.0,262.0,171.0,154.0,86.0,190.0
5671.A4I4W4,169.0,0.0,0.0,148.0,75.0,262.0,185.0,170.0,87.0,231.0
5671.A4I109,229.0,0.0,0.0,0.0,114.0,284.0,254.0,136.0,219.0,280.0
5671.A4I5W9,184.0,21.0,0.0,0.0,0.0,97.0,221.0,165.0,132.0,143.0
5671.A4HVK4,382.0,0.0,0.0,0.0,0.0,0.0,312.0,0.0,318.0,205.0
5671.E9AHG7,168.0,79.0,0.0,0.0,151.0,60.0,152.0,196.0,141.0,182.0
5671.A4IB20,225.0,102.0,0.0,172.0,108.0,144.0,200.0,149.0,213.0,320.0
5671.A4I060,316.0,85.0,0.0,0.0,0.0,223.0,242.0,206.0,292.0,335.0
5671.A4I6Q3,315.0,85.0,0.0,0.0,0.0,223.0,242.0,206.0,292.0,334.0
5671.A4I6S0,270.0,62.0,0.0,0.0,173.0,203.0,174.0,173.0,237.0,310.0
5671.A4I6Q5,306.0,85.0,0.0,0.0,174.0,209.0,230.0,199.0,286.0,362.0
5671.A4I065,282.0,84.0,0.0,0.0,158.0,175.0,214.0,198.0,236.0,329.0
5671.A4I9N7,314.0,85.0,0.0,0.0,0.0,223.0,241.0,207.0,291.0,333.0
5671.A4I6Q4,309.0,84.0,0.0,0.0,165.0,202.0,232.0,199.0,284.0,360.0
5671.A4I828,238.0,84.0,0.0,0.0,212.0,219.0,169.0,171.0,208.0,313.0
5671.A4I4M8,304.0,84.0,0.0,0.0,0.0,178.0,196.0,247.0,256.0,293.0
5671.A4I9R3,283.0,85.0,0.0,226.0,51.0,155.0,183.0,214.0,235.0,351.0
5671.A4I2J3,291.0,84.0,0.0,226.0,70.0,166.0,191.0,227.0,248.0,363.0
5671.A4HY76,178.0,29.0,0.0,0.0,0.0,78.0,185.0,180.0,142.0,134.0
5671.E9AGZ5,312.0,0.0,0.0,0.0,0.0,202.0,208.0,0.0,231.0,184.0
5671.A4HVP4,244.0,0.0,0.0,163.0,0.0,0.0,165.0,203.0,194.0,192.0
5671.A4HZA9,220.0,0.0,0.0,84.0,0.0,0.0,156.0,230.0,180.0,165.0
5671.A4ID29,310.0,0.0,0.0,104.0,0.0,0.0,245.0,242.0,283.0,259.0
5671.A4I2N6,400.0,0.0,0.0,0.0,0.0,274.0,327.0,330.0,341.0,393.0
5671.A4I1J4,400.0,0.0,0.0,0.0,0.0,274.0,327.0,330.0,341.0,393.0
5671.A4I6K6,400.0,0.0,0.0,0.0,0.0,274.0,327.0,330.0,341.0,393.0
5671.A4I2N5,400.0,0.0,0.0,0.0,0.0,274.0,327.0,330.0,341.0,393.0
5671.A4I6E4,400.0,0.0,0.0,0.0,0.0,274.0,327.0,330.0,341.0,393.0
5671.A4I6F0,400.0,0.0,0.0,0.0,0.0,274.0,327.0,330.0,341.0,393.0
5671.A4I6E6,400.0,0.0,0.0,0.0,0.0,274.0,327.0,330.0,341.0,393.0
5671.A4HYW1,400.0,0.0,0.0,0.0,0.0,274.0,327.0,330.0,341.0,393.0
5671.A4HYW2,400.0,0.0,0.0,0.0,0.0,274.0,327.0,330.0,341.0,393.0
5671.E9AHC1,400.0,0.0,0.0,0.0,0.0,274.0,327.0,330.0,341.0,393.0
5671.A4HYW4,400.0,0.0,0.0,0.0,0.0,274.0,327.0,330.0,341.0,393.0
5671.A4HYW3,400.0,0.0,0.0,0.0,0.0,274.0,327.0,330.0,341.0,393.0
5671.A4I6K4,400.0,0.0,0.0,0.0,0.0,274.0,327.0,330.0,341.0,393.0
5671.A4I6K5,400.0,0.0,0.0,0.0,0.0,274.0,327.0,330.0,341.0,393.0
5671.A4HYN0,400.0,0.0,0.0,0.0,0.0,274.0,327.0,330.0,341.0,393.0
5671.A4I5N1,400.0,0.0,0.0,0.0,0.0,274.0,327.0,330.0,341.0,393.0
5671.A4ICQ6,400.0,0.0,0.0,0.0,0.0,274.0,327.0,330.0,341.0,393.0
5671.A4I963,400.0,0.0,0.0,0.0,0.0,274.0,327.0,330.0,341.0,393.0
5671.A4HVT1,350.0,0.0,0.0,166.0,149.0,243.0,299.0,276.0,307.0,403.0
5671.A4I638,247.0,0.0,0.0,72.0,0.0,212.0,258.0,196.0,172.0,251.0
5671.A4I5D1,328.0,0.0,0.0,0.0,97.0,249.0,239.0,210.0,279.0,345.0
5671.A4I6T1,328.0,0.0,0.0,0.0,99.0,249.0,240.0,210.0,278.0,346.0
5671.A4I027,317.0,0.0,0.0,215.0,172.0,0.0,329.0,219.0,288.0,371.0
5671.A4I5X4,318.0,0.0,0.0,215.0,172.0,0.0,329.0,219.0,288.0,372.0
5671.A4HVZ9,201.0,0.0,0.0,40.0,184.0,85.0,170.0,271.0,320.0,298.0
5671.A4I135,242.0,0.0,16.0,48.0,86.0,117.0,216.0,275.0,245.0,285.0
5671.A4I2Q7,297.0,102.0,0.0,0.0,0.0,115.0,244.0,284.0,252.0,311.0
5671.A4I186,225.0,0.0,0.0,51.0,108.0,99.0,271.0,266.0,203.0,276.0
5671.E9AGR7,273.0,0.0,0.0,31.0,44.0,198.0,182.0,288.0,299.0,321.0
5671.A4HW76,265.0,0.0,0.0,54.0,33.0,200.0,181.0,301.0,253.0,308.0
5671.A4HW88,397.0,0.0,0.0,0.0,156.0,0.0,332.0,316.0,342.0,373.0
5671.A4HWE8,360.0,0.0,0.0,181.0,127.0,262.0,311.0,277.0,308.0,406.0
5671.A4HWJ1,299.0,0.0,0.0,101.0,0.0,0.0,233.0,241.0,271.0,247.0
5671.A4IBS7,214.0,0.0,0.0,120.0,0.0,0.0,151.0,202.0,168.0,160.0
5671.A4I3F5,213.0,0.0,0.0,113.0,0.0,0.0,150.0,200.0,169.0,157.0
5671.A4HWN6,294.0,0.0,0.0,211.0,55.0,257.0,270.0,218.0,250.0,376.0
5671.A4I4X6,295.0,0.0,0.0,0.0,136.0,256.0,270.0,218.0,249.0,350.0
5671.A4HWN7,293.0,0.0,0.0,210.0,56.0,257.0,270.0,218.0,250.0,375.0
5671.A4HWW3,285.0,0.0,0.0,0.0,0.0,145.0,207.0,205.0,173.0,206.0
5671.A4HWY3,399.0,0.0,0.0,0.0,0.0,0.0,333.0,317.0,341.0,340.0
5671.A4I2Y4,271.0,0.0,0.0,60.0,0.0,172.0,252.0,217.0,216.0,261.0
5671.A4I3I7,290.0,0.0,0.0,95.0,0.0,0.0,209.0,222.0,286.0,233.0
5671.A4HZ39,287.0,0.0,0.0,0.0,0.0,242.0,257.0,250.0,227.0,291.0
5671.A4HXC3,303.0,0.0,0.0,52.0,57.0,199.0,224.0,289.0,300.0,350.0
5671.A4IAZ8,200.0,0.0,0.0,57.0,152.0,211.0,237.0,202.0,158.0,274.0
5671.A4IAZ7,174.0,0.0,0.0,29.0,91.0,167.0,228.0,166.0,133.0,197.0
5671.E9AHV7,280.0,54.0,0.0,0.0,0.0,149.0,336.0,320.0,176.0,321.0
5671.A4HXG8,388.0,0.0,0.0,0.0,0.0,269.0,310.0,311.0,332.0,387.0
5671.A4I4V8,306.0,0.0,0.0,213.0,144.0,256.0,270.0,252.0,249.0,395.0
5671.A4HXM2,326.0,0.0,0.0,0.0,0.0,239.0,260.0,221.0,265.0,318.0
5671.A4HXN5,374.0,0.0,0.0,0.0,0.0,232.0,300.0,0.0,301.0,270.0
5671.A4HY21,397.0,105.0,0.0,0.0,189.0,285.0,340.0,327.0,335.0,411.0
5671.A4HYH2,355.0,0.0,0.0,208.0,206.0,276.0,337.0,310.0,267.0,410.0
5671.A4HYH5,224.0,0.0,0.0,0.0,0.0,0.0,247.0,215.0,157.0,156.0
5671.A4HYJ0,336.0,0.0,0.0,0.0,0.0,254.0,263.0,258.0,309.0,348.0
5671.A4I2S5,333.0,0.0,0.0,82.0,0.0,241.0,0.0,0.0,330.0,195.0
5671.A4HZ85,397.0,0.0,0.0,0.0,151.0,0.0,335.0,315.0,343.0,372.0
5671.A4I7J0,396.0,0.0,0.0,0.0,144.0,0.0,335.0,315.0,343.0,366.0
5671.A4HZM2,396.0,0.0,0.0,0.0,145.0,0.0,335.0,315.0,343.0,367.0
5671.A4I7C4,396.0,0.0,0.0,0.0,164.0,0.0,335.0,315.0,343.0,374.0
5671.A4I4X0,397.0,0.0,0.0,0.0,153.0,0.0,335.0,315.0,343.0,373.0
5671.A4IDC1,397.0,0.0,0.0,0.0,169.0,0.0,335.0,315.0,343.0,377.0
5671.A4I4X5,396.0,0.0,0.0,0.0,147.0,0.0,335.0,315.0,343.0,368.0
5671.A4I7A1,356.0,0.0,0.0,129.0,163.0,0.0,334.0,316.0,343.0,389.0
5671.A4HZW8,395.0,0.0,0.0,0.0,153.0,0.0,334.0,316.0,340.0,370.0
5671.A4IC88,296.0,0.0,0.0,0.0,0.0,0.0,255.0,228.0,225.0,203.0
5671.A4IC65,296.0,0.0,0.0,0.0,0.0,0.0,255.0,228.0,225.0,203.0
5671.A4I4K7,351.0,0.0,0.0,0.0,142.0,274.0,324.0,245.0,299.0,388.0
5671.A4I8F0,359.0,0.0,0.0,83.0,0.0,0.0,0.0,0.0,0.0,48.0
5671.A4I588,254.0,0.0,0.0,43.0,30.0,198.0,177.0,288.0,246.0,280.0
5671.A4HYY3,385.0,0.0,0.0,0.0,0.0,261.0,306.0,0.0,319.0,298.0
5671.A4I6H3,341.0,0.0,0.0,0.0,0.0,250.0,277.0,254.0,287.0,347.0
5671.A4HZ93,387.0,0.0,0.0,0.0,0.0,270.0,309.0,312.0,332.0,387.0
5671.A4HZA0,387.0,0.0,0.0,0.0,0.0,270.0,309.0,312.0,332.0,387.0
5671.A4I9L8,327.0,0.0,0.0,0.0,0.0,240.0,260.0,222.0,264.0,320.0
5671.A4I2J0,384.0,0.0,0.0,0.0,0.0,282.0,301.0,304.0,317.0,383.0
5671.A4IDH0,383.0,0.0,0.0,212.0,0.0,282.0,301.0,304.0,317.0,404.0
5671.A4I349,364.0,0.0,0.0,127.0,0.0,267.0,303.0,294.0,313.0,391.0
5671.A4I1K4,363.0,0.0,0.0,126.0,0.0,0.0,305.0,291.0,306.0,341.0
5671.A4I7U2,275.0,0.0,0.0,0.0,0.0,0.0,265.0,223.0,271.0,212.0
5671.A4I0Y4,278.0,0.0,0.0,64.0,47.0,247.0,202.0,300.0,252.0,340.0
5671.A4I150,363.0,0.0,0.0,0.0,0.0,181.0,320.0,297.0,0.0,253.0
5671.A4I193,403.0,0.0,0.0,175.0,0.0,0.0,342.0,328.0,0.0,286.0
5671.A4I9G7,392.0,0.0,0.0,0.0,201.0,0.0,335.0,304.0,331.0,379.0
5671.A4I8D3,391.0,0.0,0.0,225.0,175.0,0.0,335.0,304.0,331.0,401.0
5671.A4I792,352.0,82.0,0.0,0.0,0.0,190.0,314.0,279.0,272.0,362.0
5671.A4I6Z4,338.0,81.0,0.0,228.0,163.0,185.0,307.0,257.0,260.0,405.0
5671.A4I7L0,344.0,82.0,0.0,228.0,163.0,190.0,313.0,269.0,273.0,407.0
5671.A4I250,352.0,82.0,0.0,0.0,0.0,190.0,313.0,278.0,274.0,362.0
5671.A4I342,343.0,84.0,0.0,0.0,0.0,190.0,313.0,256.0,274.0,358.0
5671.A4IC57,338.0,0.0,0.0,186.0,216.0,153.0,305.0,283.0,275.0,399.0
5671.E9AH64,362.0,0.0,0.0,0.0,0.0,180.0,321.0,297.0,0.0,252.0
5671.A4I5E3,385.0,0.0,0.0,0.0,0.0,262.0,306.0,0.0,318.0,298.0
5671.A4I1J8,376.0,0.0,0.0,139.0,0.0,0.0,308.0,307.0,325.0,356.0
5671.A4IDQ0,222.0,0.0,0.0,0.0,0.0,0.0,247.0,216.0,155.0,153.0
5671.A4IBG5,223.0,0.0,0.0,0.0,0.0,0.0,247.0,216.0,156.0,155.0
5671.A4I3K3,223.0,0.0,0.0,0.0,0.0,0.0,247.0,216.0,156.0,155.0
5671.A4I2S8,335.0,0.0,0.0,0.0,0.0,0.0,277.0,211.0,328.0,248.0
5671.E9AHB6,337.0,0.0,0.0,0.0,0.0,254.0,262.0,258.0,309.0,348.0
5671.A4I5J7,276.0,60.0,0.0,0.0,0.0,120.0,250.0,0.0,239.0,181.0
5671.A4I4I4,277.0,59.0,0.0,0.0,0.0,120.0,250.0,0.0,239.0,181.0
5671.A4I2T1,406.0,0.0,0.0,177.0,0.0,0.0,0.0,0.0,0.0,83.0
5671.A4I6L1,373.0,0.0,0.0,0.0,0.0,0.0,302.0,318.0,316.0,317.0
5671.A4I3E3,405.0,0.0,0.0,229.0,154.0,0.0,0.0,324.0,0.0,237.0
5671.A4I768,405.0,0.0,0.0,229.0,154.0,0.0,0.0,324.0,0.0,237.0
5671.A4I3S8,370.0,0.0,0.0,0.0,178.0,251.0,281.0,0.0,302.0,338.0
5671.A4IB59,343.0,0.0,0.0,0.0,0.0,0.0,0.0,0.0,220.0,78.0
5671.A4I5J0,325.0,0.0,0.0,0.0,0.0,276.0,0.0,0.0,209.0,140.0
5671.A4I5P2,392.0,0.0,0.0,0.0,0.0,0.0,336.0,299.0,0.0,210.0
5671.A4I620,332.0,0.0,0.0,0.0,0.0,0.0,244.0,243.0,282.0,232.0
5671.A4I8L1,367.0,0.0,0.0,0.0,208.0,225.0,0.0,296.0,295.0,341.0
5671.A4I8B2,342.0,0.0,0.0,0.0,0.0,0.0,269.0,255.0,285.0,248.0
5671.A4I9N1,377.0,0.0,0.0,0.0,0.0,0.0,0.0,298.0,0.0,101.0
5671.E9AGG9,255.0,0.0,0.0,0.0,0.0,268.0,282.0,310.0,160.0,300.0
5671.A4IDU8,346.0,53.0,0.0,0.0,0.0,196.0,0.0,0.0,231.0,149.0
5671.E9AGN4,346.0,52.0,0.0,0.0,0.0,196.0,0.0,0.0,230.0,147.0
