,Linf_Targets,1.OrthoMDL,2.Reciprocal BLAST,3.Synteny
0,LINF_010005400,0.0,0.0,0.0
1,LINF_010007600,1.0,1.0,1.0
2,LINF_010009800,1.0,1.0,1.0
3,LINF_010010000,1.0,1.0,1.0
4,LINF_010010100,1.0,1.0,0.0
5,LINF_010010300,1.0,1.0,1.0
6,LINF_010010400,1.0,1.0,0.0
7,LINF_020006200,1.0,1.0,1.0
8,LINF_020007600,1.0,1.0,1.0
9,LINF_020007900,1.0,1.0,0.0
10,LINF_020008000,1.0,1.0,0.0
11,LINF_020008600,1.0,1.0,1.0
12,LINF_020008900,1.0,1.0,1.0
13,LINF_020011000,1.0,1.0,1.0
14,LINF_020012400,1.0,1.0,0.0
15,LINF_030006400,1.0,1.0,1.0
16,LINF_030006800,1.0,1.0,1.0
17,LINF_030006900,1.0,1.0,1.0
18,LINF_030007100,1.0,1.0,1.0
19,LINF_030008300,0.0,0.0,0.0
20,LINF_030009600,1.0,1.0,0.0
21,LINF_030010200,1.0,1.0,1.0
22,LINF_030012800,1.0,1.0,0.0
23,LINF_030013000,1.0,1.0,1.0
24,LINF_030014000,1.0,1.0,1.0
25,LINF_040005000,1.0,1.0,0.0
26,LINF_040005200,1.0,1.0,1.0
27,LINF_040005700,1.0,1.0,0.0
28,LINF_040009400,0.0,0.0,0.0
29,LINF_040009500,1.0,1.0,1.0
30,LINF_040011600,0.0,0.0,0.0
31,LINF_040011900,1.0,1.0,1.0
32,LINF_040016200,1.0,1.0,0.0
33,LINF_040016700,1.0,1.0,1.0
34,LINF_040017300,1.0,1.0,0.0
35,LINF_050005900,1.0,1.0,1.0
36,LINF_050006200,1.0,1.0,0.0
37,LINF_050006400,1.0,1.0,0.0
38,LINF_050007100,1.0,1.0,0.0
39,LINF_050008500,1.0,1.0,1.0
40,LINF_050008900,1.0,1.0,0.0
41,LINF_050010600,1.0,1.0,1.0
42,LINF_050011500,0.0,0.0,0.0
43,LINF_050014700,1.0,1.0,1.0
44,LINF_050017400,1.0,1.0,1.0
45,LINF_060005200,1.0,1.0,1.0
46,LINF_060005800,1.0,1.0,0.0
47,LINF_060005900,1.0,1.0,0.0
48,LINF_060006500,1.0,1.0,1.0
49,LINF_060012000,1.0,1.0,0.0
50,LINF_060014300,1.0,1.0,1.0
51,LINF_060016300,1.0,1.0,0.0
52,LINF_060017600,1.0,1.0,0.0
53,LINF_060019200,1.0,1.0,0.0
54,LINF_070006700,1.0,1.0,1.0
55,LINF_070006900,1.0,1.0,1.0
56,LINF_070007700,1.0,1.0,1.0
57,LINF_070008000,1.0,1.0,0.0
58,LINF_070011100,1.0,1.0,0.0
59,LINF_070011900,1.0,1.0,0.0
60,LINF_070012100,1.0,1.0,1.0
61,LINF_070012500,1.0,1.0,0.0
62,LINF_070012700,1.0,1.0,1.0
63,LINF_070014700,1.0,1.0,1.0
64,LINF_070015000,1.0,1.0,0.0
65,LINF_070015200,1.0,1.0,1.0
66,LINF_070017000,1.0,1.0,1.0
67,LINF_080005900,1.0,1.0,1.0
68,LINF_080010400,0.0,0.0,0.0
69,LINF_080011800,0.0,0.0,0.0
70,LINF_080014700,1.0,1.0,0.0
71,LINF_080015300,1.0,1.0,0.0
72,LINF_080015600,1.0,1.0,1.0
73,LINF_080017500,0.0,0.0,0.0
74,LINF_080017600,0.0,0.0,0.0
75,LINF_090005700,1.0,1.0,0.0
76,LINF_090005900,1.0,1.0,1.0
77,LINF_090006000,0.0,0.0,0.0
78,LINF_090008700,1.0,1.0,1.0
79,LINF_090009900,1.0,1.0,0.0
80,LINF_090010000,1.0,1.0,1.0
81,LINF_090010600,1.0,1.0,1.0
82,LINF_090014700,1.0,1.0,1.0
83,LINF_090015600,1.0,1.0,1.0
84,LINF_090019500,1.0,1.0,1.0
85,LINF_090022900,1.0,1.0,1.0
86,LINF_100006000,1.0,1.0,1.0
87,LINF_100007100,1.0,1.0,1.0
88,LINF_100008300,1.0,1.0,1.0
89,LINF_100011600,1.0,1.0,1.0
90,LINF_100014500,1.0,1.0,1.0
91,LINF_100015000,1.0,1.0,0.0
92,LINF_100015800,1.0,1.0,1.0
93,LINF_100018900,1.0,1.0,1.0
94,LINF_100019000,1.0,1.0,1.0
95,LINF_110005300,1.0,1.0,1.0
96,LINF_110005500,1.0,1.0,1.0
97,LINF_110006000,1.0,1.0,1.0
98,LINF_110007400,1.0,1.0,0.0
99,LINF_110010800,0.0,0.0,0.0
100,LINF_110011600,1.0,1.0,1.0
101,LINF_110012600,0.0,0.0,0.0
102,LINF_110014800,1.0,1.0,0.0
103,LINF_110017200,1.0,1.0,1.0
104,LINF_110018150,1.0,1.0,0.0
105,LINF_110018200,1.0,1.0,0.0
106,LINF_110018300,1.0,1.0,0.0
107,LINF_110018350,1.0,1.0,1.0
108,LINF_110018500,1.0,1.0,1.0
109,LINF_110018700,1.0,1.0,0.0
110,LINF_120005200,1.0,1.0,1.0
111,LINF_120005500,0.0,0.0,0.0
112,LINF_120006400,0.0,0.0,0.0
113,LINF_120007200,1.0,1.0,1.0
114,LINF_120011800,1.0,1.0,1.0
115,LINF_120012200,1.0,1.0,1.0
116,LINF_120013500,0.0,0.0,0.0
117,LINF_120016700,1.0,1.0,1.0
118,LINF_130006600,1.0,1.0,1.0
119,LINF_130007100,1.0,1.0,1.0
120,LINF_130009100,1.0,1.0,1.0
121,LINF_130009300,1.0,1.0,1.0
122,LINF_130012100,1.0,1.0,0.0
123,LINF_130012500,1.0,1.0,1.0
124,LINF_130012700,1.0,1.0,1.0
125,LINF_130014500,1.0,1.0,1.0
126,LINF_130015900,1.0,1.0,1.0
127,LINF_130016600,1.0,1.0,1.0
128,LINF_130020000,1.0,1.0,1.0
129,LINF_130020500,1.0,1.0,0.0
130,LINF_130020700,1.0,1.0,1.0
131,LINF_130020800,1.0,1.0,1.0
132,LINF_130021200,1.0,1.0,0.0
133,LINF_130021900,1.0,1.0,0.0
134,LINF_140005100,1.0,1.0,1.0
135,LINF_140006300,1.0,1.0,1.0
136,LINF_140010700,1.0,1.0,1.0
137,LINF_140011200,1.0,1.0,1.0
138,LINF_140013400,1.0,1.0,1.0
139,LINF_140014100,1.0,1.0,0.0
140,LINF_140016900,1.0,1.0,0.0
141,LINF_140019400,1.0,1.0,0.0
142,LINF_140020600,1.0,1.0,1.0
143,LINF_150006700,1.0,1.0,1.0
144,LINF_150007300,1.0,1.0,1.0
145,LINF_150012300,1.0,1.0,1.0
146,LINF_150015500,1.0,1.0,0.0
147,LINF_150017400,1.0,1.0,0.0
148,LINF_150019400,1.0,1.0,1.0
149,LINF_150020700,1.0,1.0,1.0
150,LINF_150022900,1.0,1.0,1.0
151,LINF_150023000,1.0,1.0,1.0
152,LINF_150023600,1.0,1.0,1.0
153,LINF_160005600,1.0,1.0,1.0
154,LINF_160008100,1.0,1.0,1.0
155,LINF_160010400,0.0,0.0,0.0
156,LINF_160011200,1.0,1.0,1.0
157,LINF_160011700,1.0,1.0,1.0
158,LINF_160012200,1.0,1.0,0.0
159,LINF_160012700,1.0,1.0,1.0
160,LINF_160014200,0.0,0.0,0.0
161,LINF_160015500,1.0,1.0,1.0
162,LINF_160017100,1.0,1.0,1.0
163,LINF_160019400,1.0,1.0,1.0
164,LINF_170005700,1.0,1.0,1.0
165,LINF_170008600,1.0,1.0,1.0
166,LINF_170010200,1.0,1.0,0.0
167,LINF_170011200,1.0,1.0,1.0
168,LINF_170012300,1.0,1.0,0.0
169,LINF_170013700,1.0,1.0,0.0
170,LINF_170014100,0.0,0.0,0.0
171,LINF_170014800,1.0,1.0,1.0
172,LINF_170016100,1.0,1.0,1.0
173,LINF_170016600,1.0,1.0,0.0
174,LINF_170021900,0.0,0.0,0.0
175,LINF_180005900,1.0,1.0,1.0
176,LINF_180006500,1.0,1.0,1.0
177,LINF_180006700,1.0,1.0,0.0
178,LINF_180006800,1.0,1.0,0.0
179,LINF_180006900,1.0,1.0,0.0
180,LINF_180007700,1.0,1.0,1.0
181,LINF_180009700,0.0,0.0,0.0
182,LINF_180010900,1.0,1.0,0.0
183,LINF_180011400,1.0,1.0,0.0
184,LINF_180011700,1.0,1.0,1.0
185,LINF_180014200,1.0,1.0,0.0
186,LINF_180016200,1.0,1.0,1.0
187,LINF_180016300,1.0,1.0,1.0
188,LINF_180016400,1.0,1.0,1.0
189,LINF_180016700,1.0,1.0,1.0
190,LINF_180020700,1.0,1.0,1.0
191,LINF_180020800,1.0,1.0,1.0
192,LINF_190006200,1.0,1.0,1.0
193,LINF_190006300,1.0,1.0,1.0
194,LINF_190006400,1.0,1.0,1.0
195,LINF_190006600,1.0,1.0,1.0
196,LINF_190008500,1.0,1.0,1.0
197,LINF_190010300,1.0,1.0,1.0
198,LINF_190010800,1.0,1.0,0.0
199,LINF_190015100,0.0,0.0,0.0
200,LINF_190015200,0.0,0.0,0.0
201,LINF_190015300,0.0,0.0,0.0
202,LINF_190020600,1.0,1.0,0.0
203,LINF_190020900,1.0,1.0,1.0
204,LINF_190021000,1.0,1.0,1.0
205,LINF_190021200,0.0,0.0,0.0
206,LINF_190022000,1.0,1.0,1.0
207,LINF_190022300,1.0,1.0,1.0
208,LINF_190022500,0.0,0.0,0.0
209,LINF_200005100,1.0,1.0,1.0
210,LINF_200006000,1.0,1.0,1.0
211,LINF_200006100,1.0,1.0,0.0
212,LINF_200012600,1.0,1.0,1.0
213,LINF_200013000,1.0,1.0,1.0
214,LINF_200014500,1.0,1.0,0.0
215,LINF_200016300,1.0,1.0,1.0
216,LINF_200016800,1.0,1.0,0.0
217,LINF_200016900,1.0,1.0,0.0
218,LINF_200017000,1.0,1.0,1.0
219,LINF_200017100,1.0,1.0,0.0
220,LINF_200017200,1.0,1.0,0.0
221,LINF_200018500,0.0,0.0,0.0
222,LINF_200019300,1.0,1.0,1.0
223,LINF_200020700,1.0,1.0,1.0
224,LINF_210005900,0.0,0.0,0.0
225,LINF_210006700,1.0,1.0,1.0
226,LINF_210006900,1.0,1.0,1.0
227,LINF_210007200,1.0,1.0,1.0
228,LINF_210007600,1.0,1.0,0.0
229,LINF_210008100,1.0,1.0,1.0
230,LINF_210009400,1.0,1.0,0.0
231,LINF_210012400,1.0,1.0,1.0
232,LINF_210012600,0.0,0.0,0.0
233,LINF_210012700,0.0,0.0,0.0
234,LINF_210013700,1.0,1.0,1.0
235,LINF_210014200,0.0,0.0,0.0
236,LINF_210014700,1.0,1.0,1.0
237,LINF_210015100,1.0,1.0,0.0
238,LINF_210018400,1.0,1.0,1.0
239,LINF_210018500,1.0,1.0,1.0
240,LINF_210019800,0.0,0.0,0.0
241,LINF_210020400,0.0,0.0,0.0
242,LINF_210024800,1.0,1.0,1.0
243,LINF_210026000,1.0,1.0,1.0
244,LINF_210026200,1.0,1.0,1.0
245,LINF_210026800,1.0,1.0,1.0
246,LINF_210028100,1.0,1.0,1.0
247,LINF_210028600,1.0,1.0,0.0
248,LINF_220010400,1.0,1.0,0.0
249,LINF_220011100,1.0,1.0,1.0
250,LINF_220011500,1.0,1.0,1.0
251,LINF_220011600,1.0,1.0,1.0
252,LINF_220014000,1.0,1.0,1.0
253,LINF_220015500,1.0,1.0,1.0
254,LINF_220017000,1.0,1.0,0.0
255,LINF_220017700,1.0,1.0,1.0
256,LINF_220018600,1.0,1.0,1.0
257,LINF_220020200,1.0,1.0,1.0
258,LINF_220023100,1.0,1.0,0.0
259,LINF_230006600,0.0,0.0,0.0
260,LINF_230007200,1.0,1.0,0.0
261,LINF_230007300,1.0,1.0,0.0
262,LINF_230007800,1.0,1.0,0.0
263,LINF_230008000,0.0,0.0,0.0
264,LINF_230009200,1.0,1.0,1.0
265,LINF_230010700,1.0,1.0,1.0
266,LINF_230014800,1.0,1.0,0.0
267,LINF_230014900,0.0,0.0,0.0
268,LINF_230016800,0.0,0.0,0.0
269,LINF_230021000,0.0,0.0,0.0
270,LINF_240006100,1.0,1.0,0.0
271,LINF_240006500,1.0,1.0,1.0
272,LINF_240007000,1.0,1.0,0.0
273,LINF_240007400,1.0,1.0,0.0
274,LINF_240007600,1.0,1.0,1.0
275,LINF_240011200,1.0,1.0,1.0
276,LINF_240011700,1.0,1.0,1.0
277,LINF_240011800,1.0,1.0,0.0
278,LINF_240019100,1.0,1.0,0.0
279,LINF_240020000,1.0,1.0,1.0
280,LINF_240020050,1.0,1.0,0.0
281,LINF_240021200,1.0,1.0,0.0
282,LINF_240023100,0.0,0.0,0.0
283,LINF_240023200,1.0,1.0,0.0
284,LINF_240023300,1.0,1.0,1.0
285,LINF_240024200,1.0,1.0,1.0
286,LINF_240025100,1.0,1.0,1.0
287,LINF_240026300,1.0,1.0,1.0
288,LINF_240026500,0.0,0.0,0.0
289,LINF_240027500,1.0,1.0,1.0
290,LINF_240028800,1.0,1.0,1.0
291,LINF_240029400,1.0,1.0,0.0
292,LINF_250005800,1.0,1.0,0.0
293,LINF_250009500,1.0,1.0,1.0
294,LINF_250010200,1.0,1.0,0.0
295,LINF_250010400,1.0,1.0,1.0
296,LINF_250010500,1.0,1.0,1.0
297,LINF_250014600,1.0,1.0,1.0
298,LINF_250015100,1.0,1.0,1.0
299,LINF_250017300,0.0,0.0,0.0
300,LINF_250019400,1.0,1.0,1.0
301,LINF_250020400,1.0,1.0,1.0
302,LINF_250021200,1.0,1.0,0.0
303,LINF_250021300,1.0,1.0,0.0
304,LINF_250021700,1.0,1.0,1.0
305,LINF_250022100,1.0,1.0,1.0
306,LINF_250022300,1.0,1.0,1.0
307,LINF_250025300,0.0,0.0,0.0
308,LINF_250026800,1.0,1.0,1.0
309,LINF_250027200,1.0,1.0,0.0
310,LINF_250030600,1.0,1.0,0.0
311,LINF_260005400,1.0,1.0,0.0
312,LINF_260006500,1.0,1.0,0.0
313,LINF_260007100,1.0,1.0,1.0
314,LINF_260008000,1.0,1.0,0.0
315,LINF_260008100,1.0,1.0,1.0
316,LINF_260008300,1.0,1.0,1.0
317,LINF_260010000,1.0,1.0,1.0
318,LINF_260011400,1.0,1.0,1.0
319,LINF_260011600,1.0,1.0,1.0
320,LINF_260014700,1.0,1.0,1.0
321,LINF_260017100,1.0,1.0,0.0
322,LINF_260022400,1.0,1.0,1.0
323,LINF_260026300,1.0,1.0,1.0
324,LINF_260026400,1.0,1.0,0.0
325,LINF_260026500,1.0,1.0,0.0
326,LINF_260030000,1.0,1.0,1.0
327,LINF_260030900,1.0,1.0,1.0
328,LINF_260031100,1.0,1.0,0.0
329,LINF_260031500,1.0,1.0,0.0
330,LINF_260032600,1.0,1.0,0.0
331,LINF_270005800,1.0,1.0,1.0
332,LINF_270005900,1.0,1.0,1.0
333,LINF_270008700,1.0,1.0,1.0
334,LINF_270010000,1.0,1.0,0.0
335,LINF_270010200,1.0,1.0,1.0
336,LINF_270011100,1.0,1.0,1.0
337,LINF_270011600,1.0,1.0,0.0
338,LINF_270013800,1.0,1.0,0.0
339,LINF_270016000,1.0,1.0,0.0
340,LINF_270016900,1.0,1.0,1.0
341,LINF_270017100,1.0,1.0,1.0
342,LINF_270018900,1.0,1.0,1.0
343,LINF_270019000,1.0,1.0,1.0
344,LINF_270019200,1.0,1.0,1.0
345,LINF_270019500,1.0,1.0,0.0
346,LINF_270020400,1.0,1.0,0.0
347,LINF_270024600,1.0,1.0,0.0
348,LINF_270024800,1.0,1.0,1.0
349,LINF_270025300,1.0,1.0,1.0
350,LINF_270026500,1.0,1.0,1.0
351,LINF_270029300,1.0,1.0,0.0
352,LINF_270032300,1.0,1.0,1.0
353,LINF_270032600,1.0,1.0,1.0
354,LINF_270032900,1.0,1.0,0.0
355,LINF_280006000,1.0,1.0,1.0
356,LINF_280006600,1.0,1.0,1.0
357,LINF_280009900,1.0,1.0,0.0
358,LINF_280010200,1.0,1.0,1.0
359,LINF_280010500,1.0,1.0,1.0
360,LINF_280010900,1.0,1.0,0.0
361,LINF_280011300,0.0,0.0,0.0
362,LINF_280011900,0.0,0.0,0.0
363,LINF_280012000,1.0,1.0,0.0
364,LINF_280013200,1.0,1.0,1.0
365,LINF_280013300,1.0,1.0,1.0
366,LINF_280016800,1.0,1.0,1.0
367,LINF_280017200,1.0,1.0,1.0
368,LINF_280018200,1.0,1.0,1.0
369,LINF_280020500,1.0,1.0,0.0
370,LINF_280023100,1.0,1.0,0.0
371,LINF_280024200,0.0,0.0,0.0
372,LINF_280026400,0.0,0.0,0.0
373,LINF_280026600,1.0,1.0,1.0
374,LINF_280027100,0.0,0.0,0.0
375,LINF_280029500,1.0,1.0,1.0
376,LINF_280029600,1.0,1.0,1.0
377,LINF_280034000,1.0,1.0,1.0
378,LINF_280034800,1.0,1.0,0.0
379,LINF_280039400,1.0,1.0,1.0
380,LINF_290008700,1.0,1.0,0.0
381,LINF_290011200,1.0,1.0,1.0
382,LINF_290012400,1.0,1.0,1.0
383,LINF_290012700,1.0,1.0,0.0
384,LINF_290013400,1.0,1.0,0.0
385,LINF_290016000,0.0,0.0,0.0
386,LINF_290016900,1.0,0.0,0.0
387,LINF_290018600,1.0,1.0,0.0
388,LINF_290019200,1.0,1.0,1.0
389,LINF_290019300,1.0,1.0,0.0
390,LINF_290019800,1.0,1.0,0.0
391,LINF_290020000,1.0,1.0,0.0
392,LINF_290020100,1.0,1.0,0.0
393,LINF_290020300,0.0,0.0,0.0
394,LINF_290020900,1.0,1.0,1.0
395,LINF_290023300,1.0,1.0,1.0
396,LINF_290025700,1.0,1.0,1.0
397,LINF_290027900,1.0,1.0,0.0
398,LINF_290029100,0.0,0.0,0.0
399,LINF_290029200,0.0,0.0,0.0
400,LINF_290030100,1.0,1.0,1.0
401,LINF_290030700,1.0,1.0,1.0
402,LINF_290030900,1.0,1.0,0.0
403,LINF_290031700,1.0,1.0,1.0
404,LINF_290032100,1.0,1.0,1.0
405,LINF_290032700,1.0,1.0,1.0
406,LINF_290032800,1.0,1.0,1.0
407,LINF_290033500,1.0,1.0,0.0
408,LINF_290034500,1.0,1.0,1.0
409,LINF_290034600,1.0,1.0,1.0
410,LINF_290035000,1.0,1.0,1.0
411,LINF_290035900,1.0,1.0,1.0
412,LINF_290036100,1.0,1.0,1.0
413,LINF_300005800,1.0,1.0,0.0
414,LINF_300006600,1.0,1.0,0.0
415,LINF_300008700,1.0,1.0,0.0
416,LINF_300009200,0.0,0.0,0.0
417,LINF_300011100,1.0,1.0,0.0
418,LINF_300013000,1.0,1.0,1.0
419,LINF_300013400,1.0,1.0,0.0
420,LINF_300014700,1.0,1.0,1.0
421,LINF_300015600,1.0,1.0,1.0
422,LINF_300015700,1.0,1.0,1.0
423,LINF_300016800,1.0,1.0,0.0
424,LINF_300019600,1.0,1.0,1.0
425,LINF_300020700,1.0,1.0,0.0
426,LINF_300021200,1.0,1.0,0.0
427,LINF_300021900,1.0,1.0,1.0
428,LINF_300022000,1.0,1.0,1.0
429,LINF_300022700,1.0,1.0,1.0
430,LINF_300025500,1.0,1.0,1.0
431,LINF_300026700,1.0,1.0,1.0
432,LINF_300027200,1.0,1.0,0.0
433,LINF_300027300,1.0,1.0,0.0
434,LINF_300030500,1.0,1.0,1.0
435,LINF_300033500,1.0,1.0,1.0
436,LINF_300034400,1.0,1.0,1.0
437,LINF_300034500,1.0,1.0,1.0
438,LINF_300034800,1.0,1.0,0.0
439,LINF_300036100,1.0,1.0,1.0
440,LINF_300036400,1.0,1.0,1.0
441,LINF_300038300,1.0,1.0,1.0
442,LINF_300039300,1.0,1.0,1.0
443,LINF_300039500,1.0,1.0,1.0
444,LINF_300040500,1.0,1.0,1.0
445,LINF_300041300,1.0,1.0,1.0
446,LINF_300041600,1.0,1.0,1.0
447,LINF_310009200,1.0,1.0,0.0
448,LINF_310009300,1.0,1.0,1.0
449,LINF_310009400,1.0,1.0,0.0
450,LINF_310009600,1.0,1.0,0.0
451,LINF_310009700,1.0,1.0,1.0
452,LINF_310009900,1.0,1.0,1.0
453,LINF_310010800,1.0,1.0,1.0
454,LINF_310012500,0.0,0.0,0.0
455,LINF_310012700,1.0,1.0,0.0
456,LINF_310013500,0.0,0.0,0.0
457,LINF_310013600,0.0,0.0,0.0
458,LINF_310014400,1.0,1.0,0.0
459,LINF_310019400,1.0,1.0,1.0
460,LINF_310019500,1.0,1.0,0.0
461,LINF_310019600,1.0,1.0,0.0
462,LINF_310021100,1.0,1.0,0.0
463,LINF_310022600,1.0,1.0,0.0
464,LINF_310025700,0.0,0.0,0.0
465,LINF_310025800,0.0,0.0,0.0
466,LINF_310029700,0.0,0.0,0.0
467,LINF_310034400,1.0,1.0,1.0
468,LINF_310034500,1.0,1.0,1.0
469,LINF_310034600,1.0,1.0,1.0
470,LINF_310037300,1.0,1.0,1.0
471,LINF_310037500,1.0,1.0,0.0
472,LINF_310038400,1.0,1.0,0.0
473,LINF_310038500,1.0,1.0,1.0
474,LINF_310040300,1.0,1.0,1.0
475,LINF_310040700,1.0,1.0,0.0
476,LINF_320005500,1.0,1.0,1.0
477,LINF_320005800,1.0,1.0,1.0
478,LINF_320006200,1.0,1.0,1.0
479,LINF_320007700,1.0,1.0,0.0
480,LINF_320009700,0.0,0.0,0.0
481,LINF_320010200,1.0,1.0,1.0
482,LINF_320011900,1.0,1.0,0.0
483,LINF_320012400,1.0,1.0,1.0
484,LINF_320013300,0.0,0.0,0.0
485,LINF_320013600,1.0,1.0,0.0
486,LINF_320015200,0.0,0.0,0.0
487,LINF_320015900,0.0,0.0,0.0
488,LINF_320016600,1.0,1.0,0.0
489,LINF_320018200,1.0,1.0,1.0
490,LINF_320020300,1.0,1.0,1.0
491,LINF_320020800,1.0,1.0,1.0
492,LINF_320023900,1.0,1.0,1.0
493,LINF_320024200,1.0,1.0,0.0
494,LINF_320024300,1.0,1.0,1.0
495,LINF_320026400,1.0,1.0,1.0
496,LINF_320026700,0.0,0.0,0.0
497,LINF_320036300,1.0,1.0,1.0
498,LINF_320037900,1.0,1.0,1.0
499,LINF_320038000,1.0,1.0,1.0
500,LINF_320038400,1.0,1.0,1.0
501,LINF_320040000,1.0,1.0,1.0
502,LINF_320040200,1.0,1.0,1.0
503,LINF_320040600,1.0,1.0,1.0
504,LINF_320040700,1.0,1.0,1.0
505,LINF_320046500,1.0,1.0,1.0
506,LINF_330005600,1.0,1.0,1.0
507,LINF_330008300,1.0,1.0,0.0
508,LINF_330009000,1.0,1.0,0.0
509,LINF_330017500,1.0,1.0,0.0
510,LINF_330022100,1.0,1.0,1.0
511,LINF_330022300,1.0,1.0,0.0
512,LINF_330022400,1.0,1.0,0.0
513,LINF_330024300,1.0,1.0,1.0
514,LINF_330025600,1.0,1.0,1.0
515,LINF_330026700,1.0,1.0,1.0
516,LINF_330026900,1.0,1.0,0.0
517,LINF_330028600,1.0,1.0,0.0
518,LINF_330028900,1.0,1.0,0.0
519,LINF_330029600,0.0,0.0,0.0
520,LINF_330029800,1.0,1.0,0.0
521,LINF_330033000,1.0,1.0,1.0
522,LINF_330034100,1.0,1.0,1.0
523,LINF_330036500,1.0,1.0,1.0
524,LINF_330037000,1.0,1.0,1.0
525,LINF_330042200,1.0,1.0,1.0
526,LINF_330042800,1.0,1.0,1.0
527,LINF_340005200,1.0,1.0,0.0
528,LINF_340006400,1.0,1.0,1.0
529,LINF_340006500,1.0,1.0,0.0
530,LINF_340006600,1.0,1.0,0.0
531,LINF_340009900,0.0,0.0,0.0
532,LINF_340010000,0.0,0.0,0.0
533,LINF_340011700,0.0,0.0,0.0
534,LINF_340012300,1.0,1.0,0.0
535,LINF_340013500,1.0,1.0,0.0
536,LINF_340013600,1.0,1.0,0.0
537,LINF_340013700,1.0,1.0,1.0
538,LINF_340013800,1.0,1.0,0.0
539,LINF_340014300,1.0,1.0,1.0
540,LINF_340015200,1.0,1.0,1.0
541,LINF_340016200,1.0,1.0,0.0
542,LINF_340016900,1.0,1.0,1.0
543,LINF_340019600,1.0,1.0,0.0
544,LINF_340021500,1.0,1.0,1.0
545,LINF_340026000,1.0,1.0,1.0
546,LINF_340026600,1.0,1.0,1.0
547,LINF_340026700,1.0,1.0,1.0
548,LINF_340027100,1.0,1.0,0.0
549,LINF_340029300,1.0,1.0,0.0
550,LINF_340032700,1.0,1.0,1.0
551,LINF_340033800,1.0,1.0,0.0
552,LINF_340036900,1.0,1.0,1.0
553,LINF_340040300,1.0,1.0,0.0
554,LINF_340040500,1.0,1.0,0.0
555,LINF_340041300,1.0,0.0,0.0
556,LINF_340042100,1.0,1.0,1.0
557,LINF_340043000,1.0,1.0,0.0
558,LINF_340043300,1.0,1.0,1.0
559,LINF_340046900,0.0,0.0,0.0
560,LINF_340047100,1.0,1.0,0.0
561,LINF_340047400,1.0,1.0,0.0
562,LINF_340049700,1.0,1.0,0.0
563,LINF_340050900,0.0,0.0,0.0
564,LINF_340051500,1.0,1.0,0.0
565,LINF_340051800,1.0,1.0,1.0
566,LINF_350005200,1.0,1.0,0.0
567,LINF_350005300,1.0,1.0,0.0
568,LINF_350005500,1.0,1.0,0.0
569,LINF_350007000,1.0,1.0,1.0
570,LINF_350008400,1.0,1.0,1.0
571,LINF_350010000,0.0,0.0,0.0
572,LINF_350014700,1.0,1.0,0.0
573,LINF_350014800,1.0,1.0,1.0
574,LINF_350015200,1.0,1.0,1.0
575,LINF_350017000,1.0,1.0,0.0
576,LINF_350017100,1.0,1.0,1.0
577,LINF_350017500,1.0,1.0,1.0
578,LINF_350017900,1.0,1.0,1.0
579,LINF_350020800,1.0,1.0,1.0
580,LINF_350022200,1.0,1.0,1.0
581,LINF_350022300,1.0,1.0,1.0
582,LINF_350023500,1.0,1.0,0.0
583,LINF_350025400,1.0,1.0,1.0
584,LINF_350025900,1.0,1.0,1.0
585,LINF_350026800,1.0,0.0,0.0
586,LINF_350028500,1.0,1.0,0.0
587,LINF_350030800,1.0,1.0,1.0
588,LINF_350031400,1.0,1.0,1.0
589,LINF_350031900,1.0,1.0,0.0
590,LINF_350037100,1.0,1.0,0.0
591,LINF_350040600,1.0,1.0,0.0
592,LINF_350043800,1.0,1.0,0.0
593,LINF_350044200,0.0,0.0,0.0
594,LINF_350044300,1.0,1.0,0.0
595,LINF_350045100,1.0,1.0,0.0
596,LINF_350045500,1.0,1.0,0.0
597,LINF_350045600,1.0,1.0,0.0
598,LINF_350046100,0.0,0.0,0.0
599,LINF_350047100,1.0,1.0,0.0
600,LINF_350052500,0.0,0.0,0.0
601,LINF_350054500,1.0,1.0,1.0
602,LINF_350055600,1.0,1.0,1.0
603,LINF_350055900,1.0,1.0,1.0
604,LINF_350057500,1.0,1.0,0.0
605,LINF_350059500,1.0,1.0,0.0
606,LINF_360011000,1.0,1.0,1.0
607,LINF_360012800,1.0,1.0,1.0
608,LINF_360013400,1.0,1.0,0.0
609,LINF_360013900,1.0,1.0,1.0
610,LINF_360014300,1.0,1.0,0.0
611,LINF_360014700,1.0,1.0,0.0
612,LINF_360014800,1.0,1.0,0.0
613,LINF_360019800,1.0,1.0,0.0
614,LINF_360021400,1.0,1.0,1.0
615,LINF_360021500,1.0,1.0,0.0
616,LINF_360022900,1.0,1.0,1.0
617,LINF_360024000,1.0,1.0,1.0
618,LINF_360026500,1.0,1.0,0.0
619,LINF_360027100,1.0,1.0,1.0
620,LINF_360027200,1.0,1.0,0.0
621,LINF_360027500,1.0,1.0,0.0
622,LINF_360028900,1.0,1.0,0.0
623,LINF_360030000,1.0,1.0,0.0
624,LINF_360031600,1.0,1.0,1.0
625,LINF_360035000,1.0,1.0,1.0
626,LINF_360037800,1.0,1.0,1.0
627,LINF_360042700,1.0,1.0,1.0
628,LINF_360045600,1.0,1.0,1.0
629,LINF_360045700,0.0,0.0,0.0
630,LINF_360047200,1.0,1.0,1.0
631,LINF_360050900,1.0,1.0,0.0
632,LINF_360051600,1.0,1.0,0.0
633,LINF_360051800,1.0,1.0,1.0
634,LINF_360052900,1.0,1.0,1.0
635,LINF_360056700,1.0,1.0,0.0
636,LINF_360057700,1.0,1.0,1.0
637,LINF_360060400,1.0,1.0,1.0
638,LINF_360061300,1.0,1.0,0.0
639,LINF_360062200,1.0,1.0,1.0
640,LINF_360063000,1.0,1.0,1.0
641,LINF_360063400,1.0,1.0,0.0
642,LINF_360071000,1.0,1.0,1.0
643,LINF_360072500,1.0,1.0,1.0
644,LINF_360073200,1.0,1.0,0.0
645,LINF_360073600,1.0,1.0,0.0
646,LINF_360073800,1.0,1.0,0.0
647,LINF_360074000,1.0,1.0,0.0
648,LINF_360076200,1.0,1.0,1.0
649,LINF_360079600,1.0,1.0,0.0
650,LINF_360080800,1.0,0.0,0.0
651,LINF_360081500,1.0,1.0,1.0
652,LINF_360082200,1.0,1.0,1.0
