,index,UniProt,Metric_EvidenceIndexGDA,Metric_GeneDPI,Metric_GeneDSI,Metric_GenePLI,Metric_NumDiseasesAssociatedToGene,Metric_ScoreGDA
0,6,P02741,1.0,1.0,0.25,0.0005414,3137,0.75
1,9,P01584,1.0,0.96,0.27,0.48761,2641,0.65
2,10,P49279,0.8,0.91,0.47,2.7796e-16,324,0.65
3,12,P13500,1.0,0.96,0.31,0.098507,1691,0.6
4,14,P02452,1.0,0.91,0.4,1.0,749,0.55
5,18,P05089,1.0,0.96,0.46,0.0002335,346,0.4
6,21,P08253,1.0,0.91,0.32,6.2654e-05,1540,0.4
7,22,Q14116,1.0,0.96,0.34,0.31817,1191,0.4
8,23,P24001,,0.87,0.47,2.3673e-15,287,0.4
9,27,P05113,0.6666666666666666,0.96,0.39,0.021217,702,0.35
10,28,Q16552,1.0,0.96,0.31,0.47699,1651,0.3
11,0,A0A7R8GUN6,0.8333333333333334,1.0,0.27,0.10687,2510,0.9
12,1,P01579,0.8333333333333334,1.0,0.27,0.10687,2510,0.9
13,2,Q6FGW4,0.8823529411764706,0.96,0.27,0.48334,2592,0.9
14,3,P22301,0.8823529411764706,0.96,0.27,0.48334,2592,0.9
15,4,A0A7R8GUN6,0.9565217391304348,1.0,0.27,0.10687,2510,0.85
16,5,P01579,0.9565217391304348,1.0,0.27,0.10687,2510,0.85
17,6,Q6FGW4,0.8461538461538461,0.96,0.27,0.48334,2592,0.85
18,7,P22301,0.8461538461538461,0.96,0.27,0.48334,2592,0.85
19,8,P01375,0.8888888888888888,0.96,0.23,0.85687,4015,0.75
20,9,Q5STB3,0.8888888888888888,0.96,0.23,0.85687,4015,0.75
21,10,P01375,0.9090909090909092,0.96,0.23,0.85687,4015,0.75
22,11,Q5STB3,0.9090909090909092,0.96,0.23,0.85687,4015,0.75
23,12,D4HNR6,0.9,1.0,0.32,0.33956,1537,0.65
24,13,P05112,0.9,1.0,0.32,0.33956,1537,0.65
25,14,Q5FC01,0.9,1.0,0.32,0.33956,1537,0.65
26,15,P01579,0.8333333333333334,1.0,0.27,0.10687,2510,0.65
27,16,A0A7R8GUN6,0.8333333333333334,1.0,0.27,0.10687,2510,0.65
28,17,Q5STB3,1.0,0.96,0.23,0.85687,4015,0.65
29,18,P01375,1.0,0.96,0.23,0.85687,4015,0.65
30,19,P23510,1.0,0.87,0.49,0.59367,291,0.55
31,20,A0A024R937,1.0,0.87,0.49,0.59367,291,0.55
32,21,Q5STV3,1.0,0.91,0.41,,538,0.55
33,22,P01374,1.0,0.91,0.41,,538,0.55
34,23,P51681,1.0,0.91,0.4,0.18153,595,0.45
35,24,Q38L21,1.0,0.91,0.4,0.18153,595,0.45
36,25,B5MC21,1.0,0.96,0.23,0.19935,3805,0.4
37,26,P05231,1.0,0.96,0.23,0.19935,3805,0.4
38,27,B4DVM1,1.0,0.96,0.23,0.19935,3805,0.4
39,28,B4DNQ5,1.0,0.96,0.23,0.19935,3805,0.4
40,29,Q75MH2,1.0,0.96,0.23,0.19935,3805,0.4
41,30,A0A0R7FDM1,1.0,0.83,0.58,4.6398e-14,85,0.4
42,31,Q9Y5U5,1.0,0.83,0.58,4.6398e-14,85,0.4
43,32,C8YZ26,1.0,0.96,0.41,0.9974,553,0.4
44,33,A0A087WT64,1.0,0.96,0.41,0.9974,553,0.4
45,34,Q07820,1.0,0.96,0.41,0.9974,553,0.4
46,35,P30626,0.9166666666666666,0.91,0.45,1.0699e-10,344,0.35
47,36,B4DHQ6,0.9166666666666666,0.91,0.45,1.0699e-10,344,0.35
48,37,Q6FGW4,0.9,0.96,0.27,0.48334,2592,0.35
49,38,P22301,0.9,0.96,0.27,0.48334,2592,0.35
50,39,B4DT49,0.6666666666666666,0.96,0.31,0.0059611,1570,0.35
51,40,P01730,0.6666666666666666,0.96,0.31,0.0059611,1570,0.35
52,41,A0A4Y5UGE4,0.6666666666666666,0.96,0.31,0.0059611,1570,0.35
53,42,B0AZV7,0.6666666666666666,0.96,0.31,0.0059611,1570,0.35
54,43,D4HNR6,1.0,1.0,0.32,0.33956,1537,0.3
55,44,P05112,1.0,1.0,0.32,0.33956,1537,0.3
56,45,Q5FC01,1.0,1.0,0.32,0.33956,1537,0.3
