Node_names,load_centrality,harmonic_centrality,laplacian_centrality
5671.A0A381MFJ0,0.0,75.45277777777798,1.1719599114268639e-05
5671.A4I980,0.029993527201540738,95.1630952380956,0.00013491565494276624
5671.A0A381MP32,2.200455492606854e-05,145.97857142857129,0.01540258012786542
5671.E9AGX7,0.0014309894096419342,165.2619047619048,0.03018666826087453
5671.A4I8F2,0.014585488154156502,173.22857142857148,0.05115435762641813
5671.A4I2S6,0.00963388844433738,178.38333333333358,0.04993729389622495
5671.A4IDH4,0.0012156505709218842,158.01190476190467,0.015143805142098593
5671.A4IDH5,0.0012156505709218842,158.01190476190467,0.015143805142098593
5671.A4I800,0.0004315519181456037,156.84523809523805,0.014600716098916701
5671.A4I5W0,0.0004315519181456037,156.84523809523802,0.014600716098916701
5671.A4I4C9,0.03225484963669398,187.4333333333336,0.020749794949822282
5671.E9AHQ7,0.015821744935648613,189.51666666666702,0.02093373886274886
5671.E9AHM9,0.015821744935648613,189.51666666666702,0.02093373886274886
5671.E9AHM8,0.015821744935648613,189.51666666666702,0.02093373886274886
5671.A4I1Z4,0.0019460355085013906,159.51190476190467,0.03344498205004927
5671.A2TEF2,0.013722461762265565,161.80000000000015,0.001309674900212119
5671.E9AH25,0.11131900921120626,214.166666666667,0.009805537444701452
5671.A4I0C2,0.0028870527227317674,148.76190476190476,0.011041418338712642
5671.A4I093,0.0028870527227317674,148.76190476190476,0.011041418338712642
5671.A4I931,9.757167280802977e-05,135.1785714285713,0.0004672104584283725
5671.A4HSF7,0.010756769355638955,161.77857142857138,0.0036703254431169475
5671.E9AGN2,0.0006422907047713314,145.56190476190474,0.002148683074940819
5671.A4HYB7,0.0022297032553840086,143.7119047619047,0.0031905064180198887
5671.E9AGS6,0.0022297032553840086,143.7119047619047,0.0031905064180198887
5671.A4I3J3,0.0022297032553840086,143.7119047619047,0.0031905064180198887
5671.A4HYA8,0.0022297032553840086,143.7119047619047,0.0031905064180198887
5671.E9AGS5,0.0022297032553840086,143.7119047619047,0.0031905064180198887
5671.A4I646,0.002775039238359196,156.4500000000001,0.0008298424454753318
5671.A4IAA0,0.002775039238359196,156.4500000000001,0.0008298424454753318
5671.A4I2K5,0.002775039238359196,156.4500000000001,0.0008298424454753318
5671.A4I0X6,0.007677060960856537,147.2666666666667,0.0002903260595602606
5671.A4HZ67,0.007677060960856537,147.26666666666674,0.0002903260595602606
5671.A4I3T3,0.002640396978318185,158.8285714285714,0.0032885536078472075
5671.A4I4S3,0.00021949712872309526,129.66666666666646,0.0001706008195617124
5671.A4HRC6,0.00026194350372437655,130.16190476190476,0.002467330379890189
5671.A4HUD9,0.016666542080450323,161.49523809523816,0.010192140219890743
5671.A4HWV8,0.002101708179625399,144.47857142857137,0.002207370974490838
5671.A4I9I4,0.0014773152729369026,144.2785714285714,0.012945682339929253
5671.A4I9I5,0.0017074793277798825,144.9452380952381,0.013084524672370552
5671.A4I9I3,0.0014773152729369026,144.2785714285714,0.012945682339929253
5671.A4I9B2,0.0009771079305116092,139.76190476190473,0.007318739309547077
5671.A4I1F4,0.007832070916193997,164.1619047619048,0.005973936574773071
5671.A4HUX0,0.004160635961540075,125.12857142857142,0.005079240532836664
5671.A4HRE8,7.967424394747387e-05,126.25476190476184,0.0018676174982050848
5671.A4I769,0.004778644501897948,162.76190476190476,0.009612133096533743
5671.A4I8F6,0.004778644501897948,162.76190476190476,0.009612133096533743
5671.A4I4P1,0.004778644501897948,162.76190476190476,0.009612133096533743
5671.E9AHL8,0.004778644501897948,162.76190476190476,0.009612133096533743
5671.A4HRH0,0.00041073735943048233,122.21190476190476,0.00020592301085788897
5671.A4HRL5,0.027904864941666097,152.01666666666668,0.000605122788304197
5671.A4HRH2,0.00041073735943048233,122.21190476190478,0.00020592301085805862
5671.A4HRH3,0.00041073735943048233,122.21190476190476,0.00020592301085805862
5671.A4HRH5,0.00041073735943048233,122.21190476190476,0.00020592301085805862
5671.A4HRH6,0.0,110.1119047619049,2.2964684283760798e-05
5671.A4ICP3,0.028856243672069872,176.68333333333354,0.0020775999907786183
5671.A4HUJ5,0.0057131057764140195,163.96666666666667,0.0002717424222574998
5671.A4I9Q1,0.0057131057764140195,163.96666666666667,0.0002717424222574998
5671.A4IE36,0.0031707308906260253,144.61190476190458,0.0006173918835192996
5671.A4HYV4,0.008729948356313494,138.44523809523793,0.0005773458163765718
5671.A4IAK5,0.0031707308906260253,144.61190476190458,0.0006173918835192996
5671.A4IAG3,0.0031707308906260253,144.61190476190458,0.0006173918835192996
5671.A4HVG5,0.00041073735943048233,122.21190476190476,0.00020592301085788897
5671.A4HRT4,0.00041073735943048233,122.21190476190476,0.00020592301085788897
5671.A4HRN6,0.02761730363532673,175.93333333333348,0.004396480996084195
5671.A4I7W3,0.0,110.1119047619049,0.00014738059907352174
5671.A4HRM3,0.00011358961538314093,130.34999999999997,0.0005156082694250908
5671.A4HU06,0.0035604004077592257,165.9666666666667,0.0012207833674080328
5671.A4I825,0.0035604004077592257,165.9666666666667,0.0012207833674080328
5671.A4I6I0,0.004641258212881056,166.80000000000004,0.0009613652511072709
5671.A4HUK3,0.011494881429640601,170.05000000000007,0.0009937247146153913
5671.A4I7Z9,0.004718948673226388,167.46666666666673,0.001040958250439349
5671.A4HT72,0.008241860551961588,166.21666666666675,0.0009225185254201938
5671.A4HW20,0.004718948673226388,167.46666666666673,0.0010409582504401973
5671.E9AHE8,0.0008771451640690131,139.81666666666655,0.0006845132239010971
5671.A4I946,0.0008771451640690131,139.81666666666655,0.0006845132239010971
5671.A4HUM9,0.0008771451640690131,139.81666666666655,0.0006845132239010971
5671.A4HVF7,0.004766772008199771,146.39999999999992,0.0007023254029984251
5671.A4HXY7,0.004766772008199771,146.39999999999992,0.0007023254029984251
5671.E9AGQ4,0.0007784906255844786,135.18333333333328,0.0012669925201418874
5671.A4HRM7,0.0,105.16666666666687,3.2063265339502584e-06
5671.A4I194,0.006185469356824854,141.31190476190463,0.00012952067014578283
5671.A4HRN3,0.0029776608675508003,137.12857142857123,0.0009296030335307346
5671.A4I7R2,0.011099684694632314,174.461904761905,0.004606088577875575
5671.A4I302,1.1840484986265037e-06,103.24047619047649,7.524291513148872e-05
5671.E9AH38,0.003974792946074919,168.05000000000007,0.0011065762172404825
5671.A4HVT6,0.006416825392008923,171.46666666666684,0.001218216813998933
5671.A4HSD9,0.003974792946074919,168.0500000000001,0.0011065762172409914
5671.A4I2D8,0.003974792946074919,168.05000000000007,0.0011065762172409914
5671.A4HTW1,0.003974792946074919,168.05000000000007,0.0011065762172409914
5671.A4IDT1,0.0016132799776117017,122.445238095238,9.861944170750565e-05
5671.A4I3C6,0.005945806489216514,196.63333333333355,0.043506406734886226
5671.A4I2H1,0.004967599442497216,195.88333333333352,0.043118491585439275
5671.E9AHI7,0.005945806489216514,196.63333333333355,0.04350640673488708
5671.A4I7L2,0.00011340198861292454,152.02857142857147,0.0029477973851136647
5671.A4I000,2.7163989240272177e-05,135.595238095238,0.0010290707808266037
5671.A4IA04,2.7163989240272177e-05,135.595238095238,0.0010290707808266037
5671.A4HT95,2.7163989240272177e-05,135.595238095238,0.0010290707808266037
5671.A4IE23,2.7163989240272177e-05,135.595238095238,0.0010290707808266037
5671.A4I7L6,2.7163989240272177e-05,135.595238095238,0.0010290707808266037
5671.A4HTP2,0.0,121.57857142857132,4.675939492553975e-05
5671.A4HTR2,0.0,121.57857142857132,4.675939492553975e-05
5671.A4HVM4,0.12755331143691595,219.90000000000032,0.016948070552197412
5671.A4I4Y5,0.005416674423119403,159.06666666666678,0.006237969264572796
5671.A4I4J0,0.000778755894486804,155.5666666666667,0.005996537912688043
5671.A4I4J7,0.000778755894486804,155.5666666666667,0.005996537912688043
5671.A4I4J5,0.000778755894486804,155.56666666666672,0.005996537912688043
5671.A4I7G8,0.007206672605007489,149.0952380952381,0.0011077031878583088
5671.A4I3C9,0.003586072057094936,163.97857142857134,0.004071959342800583
5671.A4HWL4,0.007918489353958624,183.63333333333347,0.033332032063397916
5671.A4I3V9,0.007918489353958624,183.63333333333344,0.033332032063397916
5671.A4IAG7,0.010105583540174833,170.2833333333335,0.0025742706026721227
5671.A4I7S6,0.010105583540174833,170.28333333333347,0.0025742706026721227
5671.A4I1I6,0.010621159065330944,161.19523809523815,0.004060137529205119
5671.A4HRS7,0.00037046535958325764,142.79523809523798,0.0009796504519664858
5671.A4HUR8,0.008656329461720588,145.7285714285713,0.0018406813709564648
5671.Q8MQV3,0.12501776891309724,215.88333333333358,0.04252100988921081
5671.A4HZ70,0.0047243065860444605,147.6285714285712,0.007419812644906162
5671.A4HRT1,0.0028213476802003415,159.32857142857142,0.005391572922653714
5671.A4I0D8,1.1117626514550106e-05,134.84523809523796,0.0013125652571611634
5671.A4I4G0,1.1117626514550106e-05,134.845238095238,0.0013125652571611634
5671.A4HVK0,1.1117626514550106e-05,134.845238095238,0.0013125652571611634
5671.A4I345,0.00040638911094096296,150.3119047619047,0.0030400522966296997
5671.A4I067,0.0005042767093512346,151.97857142857143,0.003187712679868028
5671.A4IB16,0.00018575696883570546,149.0619047619047,0.0025717018109891127
5671.A4ID56,0.0005344157339506035,150.89523809523806,0.0027203358431233896
5671.E9AH89,0.00018575696883570546,149.0619047619047,0.002571701810988943
5671.A4IB17,0.00018575696883570546,149.0619047619047,0.002571701810988943
5671.A4IE56,0.052611535219268826,189.95000000000024,0.012762067080135952
5671.A4HRT2,0.0003180903576502905,125.70000000000005,0.00013868863767289153
5671.A4IDJ2,0.034038289561331994,151.68333333333334,0.0004993654929730848
5671.A4I140,0.013692476620212658,164.95000000000016,0.002119616857580394
5671.A4ICP8,0.01505325201015071,167.11666666666684,0.002156249930951514
5671.A4I9Y5,0.01505325201015071,167.11666666666684,0.002156249930951514
5671.A4I4U6,0.01505325201015071,167.11666666666684,0.002156249930951514
5671.A4HWP5,0.0071213210106839024,130.90000000000003,0.00012625017977676198
5671.A4HRU5,0.0018394279066631751,177.95000000000016,0.03217568112402111
5671.A4HZT9,0.006396088519568869,191.7166666666669,0.06167203791395425
5671.E9AG43,0.009799394628060367,196.0500000000002,0.057027382767602254
5671.E9AGB0,0.03770253560932148,203.83333333333366,0.0646029736400415
5671.A4IE38,0.0018168640791356866,181.9666666666669,0.05130674934641406
5671.A4ID13,0.005161248241647629,176.73333333333355,0.03282355866323218
5671.E9AGZ4,0.005161248241647629,176.73333333333355,0.03282355866323218
5671.A4I9B7,0.012556566593655248,192.16666666666697,0.013926875335260755
5671.A4HXS2,0.0034813545711795727,168.8833333333334,0.020907868899692417
5671.A4HYJ4,0.019395181552778196,179.48333333333352,0.03521108527305151
5671.A4HX90,0.004140319318682726,170.13333333333344,0.021546310251623065
5671.A4I2I8,0.024705487024980467,186.2000000000003,0.028366903554112134
5671.A4IC77,0.0024393117682822,172.41666666666677,0.02703413303062669
5671.A4HXE5,0.008055306039892624,175.41666666666677,0.027774875037788065
5671.A4I122,0.01543007519845106,199.71666666666695,0.060372850443391766
5671.A4I503,0.0010455856574277797,175.11666666666687,0.035943778822392546
5671.A4I1J3,0.0024890628907175273,175.78333333333353,0.03623845198178948
5671.A4I1W9,0.0010455856574277797,175.11666666666687,0.035943778822392546
5671.A4I8F7,0.0010455856574277797,175.11666666666687,0.035943778822392546
5671.A4I569,0.009759703537448811,173.13333333333347,0.022260316083952087
5671.E9AH79,0.023760376005453953,197.83333333333366,0.060053171667486416
5671.A4I4Y0,0.010379220256082162,174.65000000000023,0.009716088954886496
5671.A4HRW8,1.9846908167453767e-06,121.56190476190469,0.0002536187501237646
5671.E9AGU0,0.005815216696888803,163.0166666666667,0.0072274248458725
5671.A4I628,0.006209559823946686,163.51666666666674,0.007370277044970122
5671.E9AGT9,0.006209559823946686,163.51666666666674,0.007370277044970122
5671.A4HSB4,0.005202114001172845,160.37857142857138,0.008097075355425963
5671.A4HRZ6,0.0053858419374190935,91.66309523809555,7.317885408281487e-05
5671.A4HTD0,0.0522133813267658,111.3928571428574,7.200114927015578e-05
5671.A4HXD4,1.5787313315020056e-06,76.45277777777798,4.3019613250922695e-05
5671.A4HTF0,7.893656657510023e-06,76.95277777777798,4.8754069501489546e-05
5671.A4HT82,1.5787313315020056e-06,76.45277777777798,4.3019613250922695e-05
5671.A4I8W5,7.893656657510023e-06,76.95277777777798,4.875406950165918e-05
5671.A4HRZ8,2.6581059628549713e-05,100.96190476190515,6.726682814863681e-05
5671.A4IBT4,0.01462271338378635,132.0452380952379,0.00017221274939996145
5671.A4IBT9,0.0030736548281428406,117.89523809523818,0.00014642784072937444
5671.A4HXY2,0.0030736548281428406,117.89523809523818,0.00014642784072937444
5671.A4HS02,4.11842956044001e-07,126.76190476190449,0.0004199280536361158
5671.A4HS39,0.0,10.0,5.016716605898524e-05
5671.A4HVS3,0.001619778346121057,19.0,0.0005242468853119766
5671.A4HS64,0.018109985877703346,192.1833333333337,0.011631512613841575
5671.Q9GNZ8,0.0033672470843350353,184.70000000000024,0.052908301802643026
5671.A4HVN7,0.008596833170048208,181.20000000000027,0.05674661152380894
5671.A4I384,0.00031034781629185794,170.70000000000016,0.04833954650464356
5671.A4HZT4,0.0017015235350243566,177.78333333333353,0.0547665248946713
5671.A4HZI9,0.001239282034637741,172.61666666666687,0.06035081426949059
5671.A4IDD6,0.0019032021590740381,171.03333333333353,0.04131981626296275
5671.A4IBS2,0.005007895395174453,173.5333333333336,0.04435680100600497
5671.A4HSQ5,0.007470366614271848,175.2000000000002,0.0487019031840715
5671.A4I8C9,0.006014997226770092,161.70000000000013,0.0010058509333832448
5671.A4I4W3,0.045790813811739536,173.1833333333334,0.0012964366326485488
5671.A4I6V8,0.006014997226770092,161.70000000000013,0.0010058509333832448
5671.A4HZT8,0.002864092148504288,159.19523809523815,0.0028013452964225564
5671.A4HSA9,0.0,75.45277777777798,1.1719599115116846e-05
5671.A4IAQ0,0.0008857586445285362,152.84523809523805,0.01014515102890387
5671.A4IAQ1,0.0008857586445285362,152.84523809523805,0.01014515102890387
5671.A4I1W7,1.9846908167453767e-06,121.5619047619047,0.0002536187501235949
5671.A4IAQ4,0.0008857586445285362,152.84523809523805,0.01014515102890353
5671.A4HSC0,0.0033466693951239115,157.9166666666667,0.001520745939710317
5671.A4HTU3,0.004752002879565113,132.06666666666646,5.1941370712377506e-05
5671.A4HWZ4,0.01439805205948825,189.96666666666692,0.034248337888168
5671.A4I9H1,0.11055145372513417,206.70000000000044,0.008479061691888399
5671.E9AHC6,0.01453009421965254,189.05000000000024,0.03442761462817221
5671.A4I7N3,0.0020443026237432545,161.8,0.00048112654976325723
5671.A4HYS3,0.00041260765894762504,135.64523809523791,0.000487873824692598
5671.A4I2Q9,0.00151811294979885,153.34523809523802,0.0006973638971329574
5671.A4IB73,0.0029776608675508003,137.12857142857123,0.0009296030335309043
5671.A4HUX9,0.0002475784718983911,157.48333333333338,0.000274154907853362
5671.E9AG37,0.005708645645505706,169.5,0.002298006495257909
5671.A4HSE2,0.013632639288945465,143.91666666666657,0.00010574722310080668
5671.A4HZS7,0.02531033825386168,159.56666666666672,0.0010284373494769555
5671.A4I7Z6,0.001209223108453272,134.36666666666653,0.0001569585436643171
5671.A4IC37,0.0,106.45952380952404,5.254346623135488e-06
5671.A4IDC2,0.0,106.45952380952404,5.254346623135488e-06
5671.A4I435,0.0,106.45952380952404,5.254346623135488e-06
5671.A4I5D2,0.0019321768300637643,153.08333333333331,0.010643021728343537
5671.E9AHB1,1.3507546457957406e-05,119.97142857142855,0.00032753101176470015
5671.E9AGI7,1.3507546457957406e-05,119.97142857142855,0.00032753101176470015
5671.A4I4T3,1.3507546457957406e-05,119.97142857142855,0.00032753101176470015
5671.Q8I6E4,0.0,114.23809523809531,3.404264504630584e-05
5671.A4I1Z8,0.0006748438933780758,140.39523809523797,0.0016069142399728154
5671.A4ICD5,0.002802425448936554,150.36190476190478,0.007002148604734987
5671.A4HSZ7,0.0010678454211838532,144.22857142857143,0.001668913664902232
5671.A4HSG1,1.9948009188683016e-06,118.96190476190478,0.00012115325837713551
5671.A4HSH7,0.016985601918462274,197.166666666667,0.03419412802744439
5671.A4HX71,0.0007550237124480787,148.28333333333322,0.001496852371997784
5671.A4HYX6,0.010671070555227005,156.08333333333331,0.0007119839254284418
5671.A4IAB8,4.621466807330882e-05,129.19523809523798,0.0003950649405292655
5671.A4HZ08,9.44315633258235e-06,128.0285714285713,0.0003557485504898944
5671.A4IB24,0.018109985877703346,192.1833333333337,0.011631512613841915
5671.A4HTB1,0.018109985877703346,192.18333333333368,0.011631512613841915
5671.A4HU44,0.0013285645443111376,170.76666666666668,0.010392099724527582
5671.A4I5S8,0.0014747257023984682,171.7666666666667,0.010485064168686194
5671.E9AH29,0.004875308537774295,178.2666666666668,0.010840110274399396
5671.A4ICJ9,0.0013285645443111376,170.76666666666668,0.010392099724527752
5671.A4I3M5,0.0015995023587797627,177.2666666666668,0.010705631082754264
5671.A4I2M3,0.0013285645443111376,170.76666666666668,0.010392099724527922
5671.A4HWQ5,0.00011377633102269773,131.04523809523798,0.0006330202539443805
5671.A4HV47,0.0016021250256448769,175.3166666666668,0.04994080798534088
5671.A4IDU0,0.003929797181446997,159.51190476190476,0.00487795112080114
5671.A4HT46,4.736193994506019e-07,119.97857142857133,0.0003684272497230037
5671.E9AG93,0.0,117.60000000000001,2.1403488643058848e-05
5671.A4HUM8,0.00013620932605411278,129.84999999999997,0.00039300647516375545
5671.A4I5J8,0.00013620932605411278,129.84999999999997,0.00039300647516375545
5671.A4HTK1,0.06379035520125707,197.71666666666707,0.007036848556047164
5671.A4IBA6,0.0053858419374190935,91.66309523809556,7.317885408247558e-05
5671.A4HTB4,0.00013569108086963527,107.02142857142886,5.0929671170304196e-05
5671.A4HZG8,0.014437594403657156,119.36190476190482,0.00010347201826902986
5671.A4I3P6,0.016558427072363952,141.6999999999999,0.0003014055125033202
5671.A4I1T4,0.023488810399391474,144.16666666666657,0.0003265622124614035
5671.A4IAM7,0.07195317697847377,145.41666666666666,0.0015226689895401415
5671.A4HVT2,2.3680969972530073e-06,76.45277777777797,2.2530459259358363e-05
5671.A4HTG0,0.0,135.38333333333324,0.00012383918636361965
5671.E9AGF3,0.004488647550794506,158.41666666666666,0.0006505739124728567
5671.A4HXP1,0.0010213022526588587,153.09999999999997,0.0005471627006294742
5671.A4I2Z0,0.0,135.38333333333324,0.00012383918636328035
5671.A4I9Z1,0.0,135.38333333333324,0.00012383918636328035
5671.A4I3F4,0.0,135.38333333333324,0.00012383918636328035
5671.A4I317,0.0,135.38333333333324,0.00012383918636328035
5671.A4HZ69,0.0,135.38333333333324,0.00012383918636328035
5671.A4HXY4,0.0,150.73333333333332,0.00027355878105932667
5671.A4HX11,0.0,135.38333333333324,0.0001358393157340546
5671.A4I5B1,0.024109308245781384,163.10000000000008,0.0011695630937524442
5671.E9AG57,0.0004983809421848394,137.89999999999986,0.0008999153222776703
5671.A4I5H1,0.0015325061818036842,154.01666666666674,0.0005996703544911591
5671.A4HZC0,0.0006096138640932429,143.6333333333332,0.0002968204096037438
5671.A4HWX0,0.0015095288890391155,144.96666666666655,0.0009501112128443434
5671.A4IB74,0.0015095288890391155,144.96666666666655,0.0009501112128443434
5671.A4I1D4,0.0,135.38333333333324,0.00013283592598164088
5671.A4I3E2,0.0,150.73333333333332,0.0001969818550268437
5671.A4I4D6,0.010694836850405561,142.4333333333332,0.0001747196155201145
5671.A4I9V5,0.0005193346747765614,140.79999999999993,0.00040289815106486825
5671.A4HWH3,0.0,135.38333333333324,0.0002485382427279495
5671.A4HTL4,0.0,110.10000000000028,4.8143020884326904e-05
5671.A4IDV1,0.00804739941778011,136.24999999999986,0.00018242822884203646
5671.A4HTP0,0.0007591299291119321,118.3928571428572,6.664496121065688e-05
5671.A4HUG1,0.0023959693936130744,135.41666666666666,0.0002105816037323298
5671.A4HYH4,0.0012436875407129235,133.72857142857134,0.00019682517589435534
5671.A4I5X0,0.0012436875407129235,133.72857142857134,0.00019682517589435534
5671.A4I564,0.0012436875407129235,133.72857142857137,0.00019682517589435534
5671.A4I910,0.0012436875407129235,133.72857142857137,0.00019682517589435534
5671.A4HTS4,9.47238798901203e-06,2.0,4.29748477854426e-06
5671.A4HXP4,0.0,1.5,2.5784908672961972e-06
5671.A4HXP5,0.0,1.5,2.5784908672961972e-06
5671.A4HTS6,6.0177757923572424e-05,134.89523809523786,0.0021357361559550805
5671.A4I1H6,0.013202092014035374,165.86666666666682,0.00310274446715288
5671.A4HTS7,6.0177757923572424e-05,134.89523809523786,0.00213573615595525
5671.A4I3D6,0.0,100.32857142857172,1.4289882978980542e-05
5671.A4I9G2,0.01579403899946198,167.95000000000007,0.0026316103155912462
5671.A4IAK2,0.0014898317126606285,159.70000000000007,0.0018870841343334194
5671.E9AGR8,0.012736418762310502,173.93333333333348,0.020016014345737604
5671.A4I0Z7,0.00783755994918832,166.2166666666667,0.002792513442939438
5671.A4HUB8,0.001265340346638989,128.16666666666657,0.0005049712485086787
5671.A4IDR0,0.0,107.1214285714287,0.0007174061425509021
5671.A4HZL2,0.0009522425488255591,130.01190476190465,0.0010989410938937643
5671.A4I8M2,0.0009572477385173618,140.1999999999999,0.005399165145761316
5671.A4IBS6,0.004111926652051917,144.4666666666665,0.011730642754910902
5671.A4HUC8,0.00011740237857213923,123.81190476190476,0.00012848882614411623
5671.A4I7C0,0.0001630272007010533,125.04523809523806,0.0020689818923978536
5671.A4IDE7,0.0033399086900378515,159.8285714285714,0.005376036321434012
5671.Q7K8Z6,0.0007591299291119321,118.3928571428572,6.664496121048724e-05
5671.A4HUJ0,0.0,123.23333333333326,0.0005271111290736016
5671.A4ICA4,0.005400171281965383,138.06666666666658,0.00016084828965257593
5671.A4HUR6,0.00021451961345026312,141.86190476190458,0.0004684717254451837
5671.A4I7A2,0.001856031942137081,138.09523809523805,0.0032329548985271556
5671.A4I5I5,0.0,107.00476190476209,8.820363680280566e-05
5671.A4I9Y7,0.0,107.00476190476209,8.820363680280566e-05
5671.A4HX32,0.0009092240351416726,139.59523809523805,0.006207165774068912
5671.A4HUS3,0.03910228131750326,201.08333333333368,0.03450736617186552
5671.E9AH34,0.018058123934362708,149.58333333333334,0.00030307974094908815
5671.A4ICH8,0.0,94.81706349206382,0.0002954602855148214
5671.A4HV00,0.0013375867752062052,159.26666666666674,0.005123253566396601
5671.A4HV33,9.47238798901203e-06,105.83333333333356,6.278356667897744e-06
5671.A4I059,0.0020555081936156103,140.64523809523791,0.00010844993813729116
5671.A4HZM5,0.0019253364522128957,158.945238095238,0.002723249328897297
5671.A4I3C0,0.0004955081578891436,142.89999999999984,0.0031222827280266608
5671.A4HV49,0.0,91.31190476190524,1.1186143973092916e-05
5671.A4HV57,0.0018394279066631751,177.95000000000013,0.03217568112402111
5671.A4HVF3,0.0012326452672942383,121.51666666666658,5.629555841408941e-05
5671.A4IAA1,6.314925326008018e-07,107.4095238095241,4.4625574358970805e-05
5671.A4I4W4,6.314925326008018e-07,107.4095238095241,4.4625574358970805e-05
5671.A4I5W9,0.0017917553401770457,155.2452380952381,0.004461193581325572
5671.A4HVK6,0.00011740237857213923,123.81190476190476,0.00012848882614428588
5671.E9AHG7,0.001924531955002202,170.01666666666677,0.012122609925162786
5671.A4IB20,6.25896543370266e-05,153.3285714285714,0.0015171154603821002
5671.A4I060,0.0,139.97857142857123,0.00010537790800266511
5671.A4I6Q3,0.0,139.97857142857123,0.00010537790800266511
5671.A4I6S0,0.0,140.64523809523791,0.0002982917012672967
5671.A4I6Q5,0.0,140.64523809523791,0.00022751451445918744
5671.A4I5H8,0.0026212607872024203,145.1499999999999,0.00011282091288951235
5671.A4I065,4.046814646416806e-05,143.6119047619046,0.0005798832722328126
5671.A4I9N7,0.0,139.97857142857123,0.00010537790800266511
5671.A4I6Q4,0.0,140.64523809523791,0.00029829170126763593
5671.A4I828,0.0,139.97857142857123,0.00012310801707805195
5671.A4I4M8,0.00021451961345026312,141.86190476190458,0.0004684717254446748
5671.A4I9R3,0.0003517222005884946,143.3619047619046,0.000965175911438689
5671.A4I2J3,0.00026321264059639367,142.36190476190458,0.0005906083319013668
5671.A4HY76,0.0025934017502272986,161.69523809523804,0.0034497197323117325
5671.A4IC06,0.0007477755190948784,154.13333333333333,0.000585405465564424
5671.E9AGZ5,8.268235144656001e-05,140.64523809523791,0.00015728794288793425
5671.A4I4U4,0.00025363160033284093,130.09999999999982,0.0017003994557238942
5671.A4HXQ3,0.013973755683940482,155.73333333333335,0.0009675675064824105
5671.A4I2N6,0.0,10.0,5.016716605847632e-05
5671.A4I1J4,0.0,10.0,5.016716605847632e-05
5671.A4I6K6,0.0,10.0,5.016716605847632e-05
5671.A4I2N5,0.0,10.0,5.016716605847632e-05
5671.A4I6E4,0.0,10.0,5.016716605847632e-05
5671.A4I6F0,0.0,10.0,5.016716605847632e-05
5671.A4I6E6,0.0,10.0,5.016716605847632e-05
5671.A4HYW1,0.0,10.0,5.016716605847632e-05
5671.A4HYW2,0.0,10.0,5.016716605847632e-05
5671.E9AHC1,0.0,10.0,5.016716605847632e-05
5671.A4HYW4,0.0,10.0,5.016716605847632e-05
5671.A4HYW3,0.0,10.0,5.016716605847632e-05
5671.A4I6K4,0.0,10.0,5.016716605847632e-05
5671.A4I6K5,0.0,10.0,5.016716605847632e-05
5671.A4HYN0,0.0,10.0,5.016716605847632e-05
5671.A4I5N1,0.0,10.0,5.016716605847632e-05
5671.A4ICQ6,0.0,10.0,5.016716605847632e-05
5671.A4I963,0.0,10.0,5.016716605847632e-05
5671.A4HVT1,0.0,129.04523809523795,9.36116781943469e-05
5671.A4HVU2,0.00011740237857213923,123.81190476190476,0.00012848882614462516
5671.A4HVU4,0.010766407438446705,121.15000000000008,5.923553042245321e-05
5671.A4I109,0.0,93.26428571428609,5.203985474152297e-06
5671.A4I5D1,0.0004431353234729931,108.47619047619077,4.4232384345114856e-05
5671.A4I6T1,0.0004431353234729931,108.47619047619075,4.4232384345114856e-05
5671.A4HVV6,0.0012326452672942383,121.51666666666658,5.6295558414259056e-05
5671.A4HVZ9,0.0015234824608355649,151.78333333333333,0.014034006930411031
5671.A4I1N3,0.0009509388119444699,143.48333333333326,0.0008704133877104622
5671.A4I135,0.000371293194401458,147.33333333333326,0.008466341211553723
5671.A4I2Q7,0.00112715951761682,143.33333333333326,0.007284277361298478
5671.A4I186,0.0008647981536040762,149.24999999999991,0.018026437064668416
5671.A4HW76,0.00013377241229883236,136.43333333333325,0.0002380373834370561
5671.A4HWE8,0.0,117.17380952380957,4.0082998651473264e-05
5671.A4ICT0,0.009793823580949363,188.05000000000027,0.03372310840086698
5671.A4I5K5,0.0018394279066631751,177.95000000000013,0.03217568112402111
5671.A4I4S4,0.0018394279066631751,177.95000000000016,0.03217568112402111
5671.Q9GPZ9,4.11842956044001e-07,126.7619047619045,0.00041992805363662473
5671.A4HWN6,2.6581059628549713e-05,100.96190476190515,6.726682814761897e-05
5671.A4HWN7,2.6581059628549713e-05,100.96190476190515,6.726682814761897e-05
5671.A4HWW3,0.0005818245613137692,142.62857142857135,0.0020223127744965004
5671.A4I638,0.0,133.3785714285713,0.0003269277971042722
5671.A4I2Y4,7.417016367302693e-05,145.83333333333323,0.00041843437923922913
5671.A4HZ39,4.305630904096373e-07,119.66666666666671,0.00018638101952866526
5671.A4HXC3,0.00013377241229883236,136.43333333333325,0.00023803738343722576
5671.E9AG71,1.524462441981623e-06,127.09999999999995,0.00024590566025554906
5671.A4HYH7,0.00038076265461692597,139.7666666666666,0.0010580403793884884
5671.A4IAZ8,0.0,132.39523809523794,0.00032813944906261194
5671.A4IAZ7,9.260544389975674e-05,148.84999999999994,0.0004008273751968389
5671.A4HXF5,0.0008729165776573543,155.2785714285714,0.0054545471156154405
5671.E9AHV7,0.0006074176403308904,145.56666666666658,0.0008128319412726568
5671.A4HXG8,0.0,108.57857142857168,2.0724918780045212e-05
5671.A4HXM2,0.0,139.08333333333323,5.978875697872973e-05
5671.A4HXN5,0.0,127.56190476190451,0.00017684149863001375
5671.A4HXU0,0.0016401430368334128,127.42857142857119,7.065445482096226e-05
5671.A4I4X6,2.6581059628549713e-05,100.96190476190516,6.726682814795824e-05
5671.A4I4V8,2.6581059628549713e-05,100.96190476190515,6.726682814795824e-05
5671.A4HY21,0.0,75.45277777777798,1.1719599114098998e-05
5671.A4HY23,0.0,75.45277777777798,1.1719599114098998e-05
5671.A4HYI5,0.0008729165776573543,155.2785714285714,0.005454547115614762
5671.A4I7H1,0.00048171836472459174,125.63333333333323,0.00015734763017738983
5671.A4HYH2,0.0,105.72619047619071,1.3918329607437738e-05
5671.A4HYJ0,1.1840484986265037e-06,105.60476190476217,8.925823658263779e-05
5671.A4I913,1.556207085831978e-05,134.24999999999994,0.0005137408033839386
5671.A4IAC5,0.0,103.32619047619072,9.937933549652021e-06
5671.A4I4K7,0.0,103.32619047619072,3.2331858136624225e-05
5671.A4HZA2,3.60466627197544e-05,125.13333333333328,0.00012135022642948899
5671.A4HYY3,0.0,114.97857142857141,4.224554372623903e-05
5671.A4I3V8,0.0012326452672942383,121.51666666666658,5.629555841391977e-05
5671.A4ICE0,0.0012326452672942383,121.51666666666658,5.629555841391977e-05
5671.P62884,0.0013061732208279378,144.21666666666655,0.0011291469654205542
5671.A4HZ93,0.0,108.57857142857168,2.0724918779366648e-05
5671.A4HZA0,0.0,108.57857142857169,2.0724918779366648e-05
5671.A4I967,0.0016401430368334128,127.42857142857119,7.065445482130153e-05
5671.A4IBU4,0.00013569108086963527,107.02142857142884,5.0929671170304196e-05
5671.A4HZY8,0.00013569108086963527,107.02142857142886,5.0929671170304196e-05
5671.A4HZV1,0.0016401430368334128,127.42857142857119,7.06544548219801e-05
5671.A4I4Q9,0.00013569108086963527,107.02142857142884,5.0929671170304196e-05
5671.A4IAU7,0.00013569108086963527,107.02142857142884,5.0929671170304196e-05
5671.A4ICP4,0.0016401430368334128,127.42857142857119,7.065445482147118e-05
5671.A4I2J0,0.0,91.31190476190524,1.1186143973092916e-05
5671.A4IDH0,0.0,91.31190476190524,1.1186143973092916e-05
5671.A4I2S5,3.385944988673036e-05,119.36190476190471,0.00013698083512797107
5671.A4I349,0.0,113.89523809523817,1.4618163066914907e-05
5671.E9AGR6,0.0051215843326168934,146.58333333333317,0.00010802802361625625
5671.A4IB02,0.0006120158049571513,140.84999999999985,8.761720919203876e-05
5671.A4IAJ0,3.199486921780185e-05,125.34999999999987,0.0001339778184207284
5671.E9AH78,0.0006329735548575591,137.91190476190465,0.0004760050073557082
5671.A4I0H7,0.0,106.89285714285738,3.066732887633006e-05
5671.A4I0Q5,0.00011740237857213923,123.81190476190476,0.00012848882614428588
5671.A4I0Y4,1.9948009188683016e-06,118.96190476190478,0.00012115325837645695
5671.A4I945,0.00011740237857213923,123.81190476190476,0.00012848882614377696
5671.E9AGR7,0.00013377241229883236,136.43333333333325,0.00023803738343756504
5671.A4I588,0.00013377241229883236,136.43333333333325,0.00023803738343756504
5671.A4I1P7,1.9948009188683016e-06,118.96190476190478,0.00011307756823064285
5671.A4ICR2,0.00011740237857213923,123.81190476190476,0.00012848882614428588
5671.A4I150,2.1285363283806402e-05,129.72857142857129,0.0020766144044251514
5671.A4I792,0.0,130.14523809523794,0.001268245580157811
5671.A4I6Z4,4.736193994506019e-07,131.2285714285713,0.0013982922445332057
5671.A4I7L0,0.0,130.14523809523794,0.001268245580157811
5671.A4I250,0.0,130.14523809523794,0.001268245580157811
5671.A4I342,0.0,130.14523809523794,0.001268245580157811
5671.A4IC57,0.00015727618080800624,135.89523809523786,0.002678825199137652
5671.A4IBV3,0.00015727618080800624,135.89523809523786,0.002678825199137652
5671.E9AH64,2.1285363283806402e-05,129.72857142857129,0.0020766144044263393
5671.A4I5E3,0.0,114.97857142857141,4.2245543725899746e-05
5671.A4IC25,9.1578305786037e-05,149.08333333333323,0.0010172717230089662
5671.E9AHB6,1.1840484986265037e-06,105.60476190476217,8.925823658263779e-05
5671.A4I5J7,2.200455492606854e-05,145.97857142857129,0.015402580127866779
5671.A4I4I4,2.200455492606854e-05,145.97857142857129,0.015402580127866779
5671.A4I2H8,0.0,108.25000000000018,3.6931509815853286e-06
5671.A4IDK3,0.0,125.93333333333331,0.0001423914878389328
5671.E9AHR7,0.0,142.2785714285713,0.0007225985636128773
5671.A4I3S8,0.0,121.03333333333336,9.714106217739055e-05
5671.A4I4G8,0.0,139.08333333333323,6.266866865297582e-05
5671.A4I6H3,0.0,120.1666666666667,0.00010428712280409037
5671.A4I5C2,4.736193994506019e-07,119.97857142857133,0.0001975436616310452
5671.A4I5J0,0.0,75.45277777777798,4.3013644520891433e-05
5671.A4I610,0.0,139.08333333333323,6.266866865382403e-05
5671.A4I6V7,0.0,110.10000000000028,4.814302088415727e-05
5671.A4I8L1,4.736193994506019e-07,119.97857142857133,0.0003684272497231734
5671.A4I9L8,0.0,139.08333333333323,5.978875697839045e-05
5671.A4IAC2,0.0,139.08333333333323,6.266866865314546e-05
5671.E9AGG9,0.0,108.57857142857168,2.0724918780384497e-05
5671.A4IDU8,0.0,138.4785714285713,0.0005302738092772455
5671.E9AGN4,0.0,138.4785714285713,0.0005302738092772455
