"Target Name","ChEMBL-ID","UniProt ID","PDB Visualization","TTD ID","Probability","Model accuracy"
"Signal transducer and activator of transcription 1-alpha/beta","CHEMBL6101","P42224","1YVL","T64205","94.51%","72.62%"
"Casein kinase II alpha/beta","CHEMBL3038477","P67870","6TLS","T51565","91.3%","99.23%"
"Casein kinase I delta","CHEMBL2828","P48730","6PXN","Not Available","89.93%","93.08%"
"Tyrosine-protein kinase ABL","CHEMBL1862","P00519","5MO4","Not Available","88.98%","98.55%"
"Nuclear factor NF-kappa-B p105 subunit","CHEMBL3251","P19838","1SVC","Not Available","88.14%","96.09%"
"DNA-(apurinic or apyrimidinic site) lyase","CHEMBL5619","P27695","6BOW","T13348","87.97%","91.11%"
"Niemann-Pick C1 protein","CHEMBL1293277","O15118","6W5S","Not Available","87.38%","81.11%"
"Sodium/glucose cotransporter 1","CHEMBL4979","P13866","Not Available","Not Available","86.7%","98.24%"
"Anandamide amidohydrolase","CHEMBL2243","O00519","Not Available","T11754","86.63%","97.53%"
"Dual specificty protein kinase CLK1","CHEMBL4224","P49759","6KHD","Not Available","86.25%","85.3%"
"Cyclin-dependent kinase 5","CHEMBL4036","Q00535","4AU8","T20973","85.49%","79.09%"
"Transmembrane protease serine 6","CHEMBL1795139","Q8IU80","Not Available","Not Available","85.3%","98.33%"
"Adaptor-associated kinase","CHEMBL3830","Q2M2I8","5TE0","T98271","85.19%","83.1%"
"Ras-related protein Rab-9A","CHEMBL1293294","P51151","1WMS","T66350","84.74%","87.67%"
"Receptor-interacting serine/threonine-protein kinase 3","CHEMBL1795199","Q9Y572","7DA4","Not Available","84.01%","79.73%"
"Monoamine oxidase A","CHEMBL1951","P21397","2Z5Y","Not Available","83.53%","91.49%"
"Adenosine A2b receptor","CHEMBL255","P29275","Not Available","T86679","83.2%","98.59%"
"Cystinyl aminopeptidase","CHEMBL2693","Q9UIQ6","5MJ6","Not Available","82.4%","97.64%"
"Transcription intermediary factor 1-alpha","CHEMBL3108638","O15164","4YBM","Not Available","82.34%","95.56%"
"Activin receptor type-1B","CHEMBL5310","P36896","Not Available","Not Available","81.89%","70%"
"Breakpoint cluster region protein","CHEMBL5146","P11274","5N7E","Not Available","81.38%","75.18%"
"Glycogen synthase kinase-3 beta","CHEMBL262","P49841","1J1B","Not Available","80.59%","95.72%"
"Cyclooxygenase-1","CHEMBL221","P23219","6Y3C","Not Available","79.92%","90.17%"
"Nuclear receptor ROR-beta","CHEMBL3091268","Q92753","Not Available","Not Available","79.21%","95.5%"
"Glucose transporter","CHEMBL2535","P11166","6THA","Not Available","79.2%","98.75%"
"ADAM10","CHEMBL5028","O14672","6BE6","T31902","78.87%","97.5%"
"Lipoxin A4 receptor","CHEMBL4227","P25090","6OMM","Not Available","78.66%","100%"
"Cathepsin D","CHEMBL2581","P07339","4OD9","T67102","78.28%","98.95%"
"C5a anaphylatoxin chemotactic receptor","CHEMBL2373","P21730","6C1R","T15439","77.96%","92.62%"
"Serotonin 2a (5-HT2a) receptor","CHEMBL224","P28223","6WHA","T32060","77.79%","91.43%"
"Serine/threonine-protein kinase ULK1","CHEMBL6006","O75385","4WNO","Not Available","76.75%","76%"
"Muscarinic acetylcholine receptor M5","CHEMBL2035","P08912","6OL9","T79961","76.36%","94.62%"
"Kruppel-like factor 5","CHEMBL1293249","Q13887","Not Available","Not Available","75.86%","86.33%"
"Serine/threonine-protein kinase TAO1","CHEMBL5261","Q7L7X3","Not Available","Not Available","74.78%","89.33%"
"Glycine receptor subunit alpha-1","CHEMBL5845","P23415","4X5T","T50269","73.83%","90.71%"
"Vascular endothelial growth factor receptor 1","CHEMBL1868","P17948","5T89","Not Available","73.57%","96.47%"
"Glutathione S-transferase Pi","CHEMBL3902","P09211","5J41","T21669","73.37%","93.81%"
"Cytochrome P450 3A4","CHEMBL340","P08684","5VCC","T37848","73.32%","91.19%"
"Cyclin-dependent kinase 5/CDK5 activator 1","CHEMBL1907600","Q00535","1UNL","T20973","73.13%","93.03%"
"Protein kinase N1","CHEMBL3384","Q16512","4OTH","Not Available","73.11%","80.71%"
"Cyclin-dependent kinase 7","CHEMBL3055","P50613","7B5O","T58449","72.92%","81.88%"
"Dual specificity phosphatase Cdc25C","CHEMBL2378","P30307","3OP3","Not Available","72.68%","96.67%"
"Calpain 1","CHEMBL3891","P07384","1ZCM","Not Available","72.63%","93.04%"
"Glycine transporter 2","CHEMBL3060","Q9Y345","Not Available","Not Available","72.43%","99.17%"
"Dual-specificity tyrosine-phosphorylation regulated kinase 1A","CHEMBL2292","Q13627","6S14","T92803","71.77%","93.24%"
"Nuclear factor erythroid 2-related factor 2","CHEMBL1075094","Q16236","2FLU","Not Available","71.47%","96%"
"Cyclin-dependent kinase 4/cyclin D1","CHEMBL1907601","P11802","2W96","T12355","70.82%","98.99%"
"DNA topoisomerase II alpha","CHEMBL1806","P11388","6ZY5","T17048","70.41%","89%"
"Pregnane X receptor","CHEMBL3401","O75469","6TFI","T82702","70.15%","94.73%"
"Cyclin-dependent kinase 1","CHEMBL308","P06493","6GU2","T49898","69.64%","91.73%"
"Proteasome component C5","CHEMBL4208","P20618","6KWY","Not Available","69.61%","90%"
"Tyrosine-protein kinase TEC","CHEMBL4246","P42680","Not Available","Not Available","68.41%","82.05%"
"GABA-A receptor; alpha-1/beta-2/gamma-2","CHEMBL2095172","P14867","6X3T","T51487","67.77%","92.67%"
"Signal transducer and activator of transcription 3","CHEMBL4026","P40763","6QHD","T29130","67.76%","82.69%"
"Glutamate NMDA receptor; GRIN1/GRIN2B","CHEMBL1907603","Q05586","5EWM","Not Available","67.73%","95.89%"
"Serine/threonine-protein kinase TAO3","CHEMBL5701","Q9H2K8","6BDN","Not Available","66.61%","96.67%"
"Mitogen-activated protein kinase 7","CHEMBL5332","Q13164","4IC7","Not Available","66.21%","92.64%"
"Aurora kinase B/Inner centromere protein","CHEMBL3430907","Q96GD4","6YIH","T46781","66.16%","97.5%"
"NT-3 growth factor receptor","CHEMBL5608","Q16288","6KZD","Not Available","66.08%","95.89%"
"DCN1-like protein 1","CHEMBL4105838","Q96GG9","6BG3","Not Available","65.9%","95%"
"Tyrosine-protein kinase FYN","CHEMBL1841","P06241","2DQ7","T17980","65.37%","81.29%"
"G-protein coupled bile acid receptor 1","CHEMBL5409","Q8TDU6","7CFM","T86273","64.46%","93.65%"
"Tyrosine-protein kinase ITK/TSK","CHEMBL2959","Q08881","4HCU","T91761","64.35%","95%"
"Galectin-3","CHEMBL4531","P17931","6FOF","T72038","64.15%","96.9%"
"Coagulation factor XIII","CHEMBL4530","P00488","4KTY","Not Available","63.93%","96%"
"Photoreceptor-specific nuclear receptor","CHEMBL4374","Q9Y5X4","4LOG","Not Available","63.57%","85%"
"Neuronal acetylcholine receptor protein alpha-7 subunit","CHEMBL2492","P36544","7EKP","T34429","63.3%","88.42%"
"Lysosomal Pro-X carboxypeptidase","CHEMBL2335","P42785","3N2Z","Not Available","63.04%","100%"
"Fatty acid synthase","CHEMBL4158","P49327","3HHD","T16514","62.97%","82.5%"
"Sodium channel protein type III alpha subunit","CHEMBL5163","Q9NY46","Not Available","T76937","62.73%","96.9%"
"Formyl peptide receptor 1","CHEMBL3359","P21462","Not Available","T87831","62.42%","93.56%"
"Acetyl-CoA carboxylase 1","CHEMBL3351","Q13085","6G2H","Not Available","61.46%","93.04%"
"Dual specificity protein phosphatase 3","CHEMBL2635","P51452","3F81","Not Available","60.8%","94%"
"Acetyl-CoA carboxylase 2","CHEMBL4829","O00763","3TDC","T08922","59.9%","98%"
"DNA topoisomerase I","CHEMBL1781","P11387","1K4T","T09826","59.5%","97%"
"Leukotriene A4 hydrolase","CHEMBL4618","P09960","3U9W","T03691","59.36%","97.86%"
"Neurokinin 2 receptor","CHEMBL2327","P21452","Not Available","T52790","59.13%","98.89%"
"FML2_HUMAN","CHEMBL5646","Q6L5J4","Not Available","Not Available","58.88%","100%"
"Platelet-derived growth factor receptor alpha","CHEMBL2007","P16234","7LBF","T53524","57.92%","91.07%"
"Matriptase","CHEMBL3018","Q9Y5Y6","3NCL","Not Available","57.84%","98.33%"
"Adenosine A3 receptor","CHEMBL256","P0DMS8","Not Available","T36059","57.81%","95.93%"
"Histamine H3 receptor","CHEMBL264","Q9Y5N1","Not Available","Not Available","57.81%","91.43%"
"cAMP-dependent protein kinase alpha-catalytic subunit","CHEMBL4101","P17612","4WB8","Not Available","57.76%","82.86%"
"Toll-like receptor 8","CHEMBL5805","Q9NR97","3WN4","T48703","57.59%","96.25%"
"LSD1/CoREST complex","CHEMBL3137262","O60341","5L3D","Not Available","57.54%","97.09%"
"Proteasome subunit beta type-9","CHEMBL1944495","P28065","6E5B","Not Available","57.45%","97.5%"
"Muscarinic acetylcholine receptor M1","CHEMBL216","P11229","6OIJ","T28893","57.32%","94.23%"
"Fructose-1,6-bisphosphatase","CHEMBL3975","P09467","7C9Q","Not Available","57.31%","92.95%"
"BMP-2-inducible protein kinase","CHEMBL4522","Q9NSY1","4W9W","Not Available","57.27%","78.11%"
"T-cell protein-tyrosine phosphatase","CHEMBL3807","P17706","1L8K","Not Available","57%","93%"
"Excitatory amino acid transporter 1","CHEMBL3085","P43003","5LM4","Not Available","56.88%","94.67%"
"Nitric-oxide synthase, endothelial","CHEMBL4803","P29474","4D1P","T06046","56.53%","86%"
"Acyl coenzyme A:cholesterol acyltransferase 1","CHEMBL2782","P35610","6P2J","Not Available","56.49%","91.65%"
"Histone deacetylase 9","CHEMBL4145","Q9UKV0","Not Available","Not Available","56.36%","85.49%"
"Hypoxia-inducible factor 1 alpha","CHEMBL4261","Q16665","4H6J","Not Available","56.22%","85.14%"
"Muscarinic acetylcholine receptor M2","CHEMBL211","P08172","5ZKC","T46185","56%","94.97%"
"Tissue factor pathway inhibitor","CHEMBL3713062","P10646","5NMV","T78890","55.93%","97.33%"
"NADPH oxidase 1","CHEMBL1287628","Q9Y5S8","Not Available","Not Available","55.79%","95.48%"
"Caspase-6","CHEMBL3308","P55212","2WDP","Not Available","55.13%","97.56%"
"Neuronal acetylcholine receptor; alpha4/beta4","CHEMBL1907591","P30926","6UR8","T70967","55.05%","100%"
"Matrix metalloproteinase 7","CHEMBL4073","P09237","2Y6D","Not Available","54.99%","97.56%"
"Cystic fibrosis transmembrane conductance regulator","CHEMBL4051","P13569","6MSM","T55654","54.85%","95.71%"
"Plasminogen activator inhibitor-1","CHEMBL3475","P05121","3CVM","T15556","54.16%","83%"
"AMP-activated protein kinase, alpha-1 subunit","CHEMBL4045","Q13131","6C9H","Not Available","54.14%","73.5%"
"C-C chemokine receptor type 2","CHEMBL4015","P41597","5T1A","T89988","53.83%","98.57%"
"Histone deacetylase 5","CHEMBL2563","Q9UQL6","5UWI","Not Available","53.64%","89.67%"
"Dual specificity protein kinase CLK2","CHEMBL4225","P49760","6KHE","Not Available","53.56%","80.96%"
"Bcr/Abl fusion protein","CHEMBL2096618","P00519","5N7E","Not Available","53.26%","85.83%"
"Integrin alpha-5/beta-1","CHEMBL2095226","P05556","7NWL","T01851","52.92%","96.39%"
"Kallikrein 7","CHEMBL2443","P49862","2QXI","Not Available","52.92%","94%"
"Mitogen-activated protein kinase kinase kinase 5","CHEMBL5285","Q99683","5ULM","T97589","52.36%","92.26%"
"Tyrosine-protein kinase ZAP-70","CHEMBL2803","P43403","2OZO","Not Available","52.26%","82.5%"
"PI3-kinase p110-gamma subunit","CHEMBL3267","P48736","1E8Y","T95913","52.16%","95.71%"
"Mineralocorticoid receptor","CHEMBL1994","P08235","4PF3","Not Available","52.03%","100%"
"Serotonin 3a (5-HT3a) receptor","CHEMBL1899","P46098","Not Available","T64591","51.8%","100%"
"Proteasome Macropain subunit MB1","CHEMBL4662","P28074","6KWY","Not Available","51.69%","93.85%"
"CaM-kinase kinase beta","CHEMBL5284","Q96RR4","6CMJ","Not Available","50.92%","89.23%"
"TGF-beta receptor type II","CHEMBL4267","P37173","5QIN","T49989","50.66%","88.18%"
"Interleukin-1 receptor-associated kinase 1","CHEMBL3357","P51617","6BFN","Not Available","50.25%","78.21%"
"Dipeptidyl peptidase VIII","CHEMBL4657","Q6V1X1","6EOP","Not Available","50.15%","97.21%"