#node1	node2	node1_string_internal_id	node2_string_internal_id	node1_external_id	node2_external_id	neighborhood_on_chromosome	gene_fusion	phylogenetic_cooccurrence	homology	coexpression	experimentally_determined_interaction	database_annotated	automated_textmining	prediction	combined_score
VR1	TRPV1	1863439	1858755	9606.ENSP00000459962	9606.ENSP00000382659	0	0	0	0.991	0	0.576	0	0.800	0	0.579
CSNK1D	T5669647	1850645	-591403	9606.ENSP00000324464	-1.CID000591403	0	0	0	0	0	0.386	0	0	0	0.386
CSNK1D	CHEMBL3235574	1850645	-90655336	9606.ENSP00000324464	-1.CID090655336	0	0	0	0	0	0.338	0	0	0	0.338
CSNK1D	CHEMBL3235183	1850645	-77106663	9606.ENSP00000324464	-1.CID077106663	0	0	0	0	0	0.304	0	0	0	0.304
NR3C1	AC1LBZIK	1843294	-591698	9606.ENSP00000231509	-1.CID000591698	0	0	0	0	0	0	0	0	0.262	0.262
CASR	benzothiazole .	1861464	-182088	9606.ENSP00000420194	-1.CID000182088	0	0	0	0	0	0	0	0.254	0	0.254
CLN3	N-cyclohex.-be.	1853937	-591790	9606.ENSP00000353073	-1.CID000591790	0	0	0	0	0	0	0	0.234	0	0.234
VR1	N-(1,3-Benzo-t.	1863439	-350459	9606.ENSP00000459962	-1.CID000350459	0	0	0	0	0	0	0	0.218	0	0.218
TRPV1	N-(1,3-Benzo-t.	1858755	-350459	9606.ENSP00000382659	-1.CID000350459	0	0	0	0	0	0	0	0.218	0	0.218
CASR	TRPV1	1861464	1858755	9606.ENSP00000420194	9606.ENSP00000382659	0	0	0	0	0	0	0	0.214	0	0.214
VR1	CASR	1863439	1861464	9606.ENSP00000459962	9606.ENSP00000420194	0	0	0	0	0	0	0	0.191	0	0.191
CD9	N-(benzothiazo.	1842159	-4530340	9606.ENSP00000009180	-1.CID004530340	0	0	0	0	0	0	0	0.178	0	0.178
NR3C1	CD9	1843294	1842159	9606.ENSP00000231509	9606.ENSP00000009180	0	0	0	0	0	0	0	0.174	0	0.173
CSNK1D	DA-07126	1850645	-830481	9606.ENSP00000324464	-1.CID000830481	0	0	0	0	0	0.163	0	0	0	0.163
VR1	CD9	1863439	1842159	9606.ENSP00000459962	9606.ENSP00000009180	0	0	0	0	0	0	0	0.154	0	0.154