"Target","Common name","Uniprot ID","ChEMBL ID","Target Class","Probability*","Known actives (3D/2D)"
"Casein kinase I delta","CSNK1D","P48730","CHEMBL2828","Kinase","0.090533089146","25 /  50     "
"Inhibitor of apoptosis protein 3","XIAP","P98170","CHEMBL4198","Other cytosolic protein","0.090533089146","0 /  1     "
"Cyclin-dependent kinase 2/cyclin E1","CCNE1 CDK2","P24864 P24941","CHEMBL1907605","Kinase","0.0524239602665","77 /  95     "
"Cathepsin K","CTSK","P43235","CHEMBL268","Protease","0.0428942118511","223 /  9     "
"Tyrosine-protein kinase ITK/TSK","ITK","Q08881","CHEMBL2959","Kinase","0.0428942118511","19 /  20     "
"Dopamine D2 receptor","DRD2","P14416","CHEMBL217","Family A G protein-coupled receptor","0.0428942118511","102 /  23     "
"Serotonin 2c (5-HT2c) receptor","HTR2C","P28335","CHEMBL225","Family A G protein-coupled receptor","0.0428942118511","112 /  2     "
"Histone deacetylase 1","HDAC1","Q13547","CHEMBL325","Eraser","0.0428942118511","57 /  13     "
"GABA-A receptor; alpha-3/beta-3/gamma-2","GABRB3 GABRA3 GABRG2","P28472 P34903 P18507","CHEMBL2094120","Ligand-gated ion channel","0.0428942118511","176 /  0     "
"GABA-A receptor; alpha-1/beta-3/gamma-2","GABRB3 GABRG2 GABRA1","P28472 P18507 P14867","CHEMBL2094121","Ligand-gated ion channel","0.0428942118511","161 /  0     "
"GABA-A receptor; alpha-5/beta-3/gamma-2","GABRB3 GABRG2 GABRA5","P28472 P18507 P31644","CHEMBL2094122","Ligand-gated ion channel","0.0428942118511","202 /  0     "
"GABA-A receptor; alpha-2/beta-3/gamma-2","GABRA2 GABRB3 GABRG2","P47869 P28472 P18507","CHEMBL2094130","Ligand-gated ion channel","0.0428942118511","158 /  0     "
"Phosphodiesterase 7A","PDE7A","Q13946","CHEMBL3012","Phosphodiesterase","0.0428942118511","73 /  0     "
"Adenosine A3 receptor","ADORA3","P0DMS8","CHEMBL256","Family A G protein-coupled receptor","0.0428942118511","320 /  10     "
"CDC7/DBF4 (Cell division cycle 7-related protein kinase/Activator of S phase kinase)","CDC7","O00311","CHEMBL5443","Kinase","0.0428942118511","57 /  0     "
"Caspase-3","CASP3","P42574","CHEMBL2334","Protease","0.0428942118511","89 /  0     "
"Adenosine A1 receptor","ADORA1","P30542","CHEMBL226","Family A G protein-coupled receptor","0.0428942118511","548 /  73     "
"Adenosine A2a receptor","ADORA2A","P29274","CHEMBL251","Family A G protein-coupled receptor","0.0428942118511","408 /  95     "
"Heat shock protein HSP 90-alpha","HSP90AA1","P07900","CHEMBL3880","Other cytosolic protein","0.0428942118511","46 /  3     "
"PI3-kinase p110-gamma subunit","PIK3CG","P48736","CHEMBL3267","Enzyme","0.0428942118511","59 /  29     "
"Metabotropic glutamate receptor 4","GRM4","Q14833","CHEMBL2736","Family C G protein-coupled receptor","0.0428942118511","88 /  0     "
"Epidermal growth factor receptor erbB1","EGFR","P00533","CHEMBL203","Kinase","0.0428942118511","613 /  0     "
"Serine/threonine protein phosphatase PP1-alpha catalytic subunit","PPP1CA","P62136","CHEMBL2164","Phosphatase","0.0428942118511","15 /  0     "
"Alkaline phosphatase, tissue-nonspecific isozyme","ALPL","P05186","CHEMBL5979","Enzyme","0.0428942118511","40 /  0     "
"Serine/threonine-protein kinase Aurora-A","AURKA","O14965","CHEMBL4722","Kinase","0.0428942118511","58 /  47     "
"Protein kinase C alpha","PRKCA","P17252","CHEMBL299","Kinase","0.0428942118511","27 /  0     "
"Bromodomain-containing protein 4","BRD4","O60885","CHEMBL1163125","Reader","0.0428942118511","62 /  0     "
"Bromodomain-containing protein 2","BRD2","P25440","CHEMBL1293289","Reader","0.0428942118511","19 /  0     "
"Bromodomain testis-specific protein","BRDT","Q58F21","CHEMBL1795185","Reader","0.0428942118511","3 /  0     "
"Bromodomain-containing protein 3","BRD3","Q15059","CHEMBL1795186","Reader","0.0428942118511","23 /  0     "
"Caspase-7","CASP7","P55210","CHEMBL3468","Protease","0.0428942118511","43 /  0     "
"Cyclin-dependent kinase 2/cyclin A","CDK2 CCNA1 CCNA2","P24941 P78396 P20248","CHEMBL2094128","Other cytosolic protein","0.0428942118511","63 /  0     "
"Dual-specificity tyrosine-phosphorylation regulated kinase 1A","DYRK1A","Q13627","CHEMBL2292","Kinase","0.0428942118511","86 /  0     "
"Small conductance calcium-activated potassium channel protein 1","KCNN1","Q92952","CHEMBL2369","Voltage-gated ion channel","0.0428942118511","3 /  0     "
"Small conductance calcium-activated potassium channel protein 3","KCNN3","Q9UGI6","CHEMBL3381","Voltage-gated ion channel","0.0428942118511","7 /  0     "
"Methyl-CpG-binding domain protein 2","MBD2","Q9UBB5","CHEMBL3707462","Reader","0.0428942118511","2 /  0     "
"Small conductance calcium-activated potassium channel protein 2","KCNN2","Q9H2S1","CHEMBL4469","Voltage-gated ion channel","0.0428942118511","3 /  0     "
"Butyrylcholinesterase","BCHE","P06276","CHEMBL1914","Hydrolase","0.0428942118511","57 /  0     "
"Glutaminyl-peptide cyclotransferase","QPCT","Q16769","CHEMBL4508","Enzyme","0.0428942118511","52 /  4     "
"Tyrosine-protein kinase LCK","LCK","P06239","CHEMBL258","Kinase","0.0428942118511","94 /  59     "
"Phosphodiesterase 4B","PDE4B","Q07343","CHEMBL275","Phosphodiesterase","0.0428942118511","91 /  0     "
"Cytochrome P450 11B1","CYP11B1","P15538","CHEMBL1908","Cytochrome P450","0.0428942118511","206 /  0     "
"Cytochrome P450 11B2","CYP11B2","P19099","CHEMBL2722","Cytochrome P450","0.0428942118511","244 /  0     "
"Monoamine oxidase B","MAOB","P27338","CHEMBL2039","Oxidoreductase","0.0428942118511","420 /  19     "
"Sonic hedgehog protein   (by homology)","SHH","Q15465","CHEMBL5602","Unclassified protein","0.0428942118511","12 /  0     "
"Tyrosyl-DNA phosphodiesterase 2","TDP2","O95551","CHEMBL2169736","Enzyme","0.0428942118511","13 /  0     "
"PI3-kinase p110-alpha subunit","PIK3CA","P42336","CHEMBL4005","Enzyme","0.0428942118511","143 /  69     "
"GABA receptor alpha-5 subunit","GABRA5","P31644","CHEMBL5112","Ligand-gated ion channel","0.0428942118511","25 /  0     "
"Dopamine D3 receptor","DRD3","P35462","CHEMBL234","Family A G protein-coupled receptor","0.0428942118511","23 /  5     "
"Adenosine A2b receptor","ADORA2B","P29275","CHEMBL255","Family A G protein-coupled receptor","0.0428942118511","114 /  45     "
"Cytochrome P450 19A1","CYP19A1","P11511","CHEMBL1978","Cytochrome P450","0.0428942118511","351 /  0     "
"Peregrin","BRPF1","P55201","CHEMBL3132741","Reader","0.0428942118511","30 /  0     "
"Tyrosine-protein kinase ABL","ABL1","P00519","CHEMBL1862","Kinase","0.0428942118511","129 /  0     "
"Beta amyloid A4 protein","APP","P05067","CHEMBL2487","Membrane receptor","0.0428942118511","29 /  0     "
"Cathepsin S","CTSS","P25774","CHEMBL2954","Protease","0.0428942118511","150 /  3     "
"Leukocyte elastase","ELANE","P08246","CHEMBL248","Protease","0.0428942118511","171 /  0     "
"Heat shock protein HSP 90-beta","HSP90AB1","P08238","CHEMBL4303","Other cytosolic protein","0.0428942118511","10 /  0     "
"Thrombin","F2","P00734","CHEMBL204","Protease","0.0428942118511","52 /  0     "
"Dual specificity protein phosphatase 3","DUSP3","P51452","CHEMBL2635","Phosphatase","0.0428942118511","12 /  0     "
"Urokinase-type plasminogen activator","PLAU","P00749","CHEMBL3286","Protease","0.0428942118511","12 /  0     "
"Tyrosine-protein kinase TYK2","TYK2","P29597","CHEMBL3553","Kinase","0.0428942118511","81 /  0     "
"Epoxide hydratase","EPHX2","P34913","CHEMBL2409","Protease","0.0428942118511","121 /  2     "
"Runt-related transcription factor 1/Core-binding factor subunit beta","CBFB","Q13951","CHEMBL1615386","Unclassified protein","0.0428942118511","3 /  0     "
"Myeloperoxidase","MPO","P05164","CHEMBL2439","Enzyme","0.0428942118511","15 /  0     "
"Focal adhesion kinase 1","PTK2","Q05397","CHEMBL2695","Kinase","0.0428942118511","49 /  0     "
"Regulator of G-protein signaling 4","RGS4","P49798","CHEMBL1795091","Unclassified protein","0.0428942118511","33 /  0     "
"Regulator of G-protein signaling 8","RGS8","P57771","CHEMBL2034803","Enzyme","0.0428942118511","11 /  0     "
"Interleukin-1 receptor-associated kinase 4","IRAK4","Q9NWZ3","CHEMBL3778","Kinase","0.0428942118511","18 /  0     "
"Serine/threonine-protein kinase PIM1","PIM1","P11309","CHEMBL2147","Kinase","0.0428942118511","149 /  0     "
"Interleukin-8 receptor B","CXCR2","P25025","CHEMBL2434","Family A G protein-coupled receptor","0.0428942118511","43 /  0     "
"Serine/threonine-protein kinase PIM2","PIM2","Q9P1W9","CHEMBL4523","Kinase","0.0428942118511","103 /  0     "
"P2X purinoceptor 7   (by homology)","P2RX7","Q99572","CHEMBL4805","Ligand-gated ion channel","0.0428942118511","287 /  0     "
"Phosphodiesterase 2A","PDE2A","O00408","CHEMBL2652","Phosphodiesterase","0.0428942118511","140 /  0     "
"Ubiquitin carboxyl-terminal hydrolase 10","USP10","Q14694","CHEMBL3407323","Enzyme","0.0428942118511","1 /  0     "
"Ubiquitin carboxyl-terminal hydrolase 13","USP13","Q92995","CHEMBL3407324","Enzyme","0.0428942118511","1 /  0     "
"Serine/threonine-protein kinase GAK","GAK","O14976","CHEMBL4355","Kinase","0.0428942118511","3 /  0     "
"Tankyrase-2","TNKS2","Q9H2K2","CHEMBL6154","Enzyme","0.0428942118511","70 /  0     "
"Tankyrase-1","TNKS","O95271","CHEMBL6164","Enzyme","0.0428942118511","45 /  0     "
"Tyrosine-protein kinase JAK1","JAK1","P23458","CHEMBL2835","Kinase","0.0428942118511","133 /  0     "
"Tyrosine-protein kinase JAK2","JAK2","O60674","CHEMBL2971","Kinase","0.0428942118511","280 /  0     "
"Polyadenylate-binding protein 1","PABPC1","P11940","CHEMBL1293286","Unclassified protein","0.0428942118511","14 /  0     "
"Trypsin I","PRSS1","P07477","CHEMBL209","Protease","0.0428942118511","12 /  0     "
"Cyclooxygenase-2","PTGS2","P35354","CHEMBL230","Oxidoreductase","0.0428942118511","327 /  0     "
"Death-associated protein kinase 3","DAPK3","O43293","CHEMBL2468","Kinase","0.0428942118511","11 /  0     "
"Methionine aminopeptidase 2","METAP2","P50579","CHEMBL3922","Protease","0.0428942118511","25 /  0     "
"Complement C1r","C1R","P00736","CHEMBL4611","Protease","0.0428942118511","33 /  0     "
"CDK3/Cyclin E","CCNE1 CDK3","P24864 Q00526","CHEMBL3038471","Kinase","0.0428942118511","0 /  76     "
"Sodium channel protein type V alpha subunit","SCN5A","Q14524","CHEMBL1980","Voltage-gated ion channel","0.0428942118511","21 /  0     "
"Cyclin-dependent kinase 4/cyclin D","CCND3 CCND1 CDK4 CCND2","P30281 P24385 P11802 P30279","CHEMBL2095942","Other cytosolic protein","0.0428942118511","27 /  0     "
"Tyrosine-protein kinase JAK3","JAK3","P52333","CHEMBL2148","Kinase","0.0428942118511","244 /  0     "
"Phosphoglycerate kinase 1","PGK1","P00558","CHEMBL2886","Enzyme","0.0428942118511","6 /  0     "
"Sodium channel protein type IX alpha subunit","SCN9A","Q15858","CHEMBL4296","Voltage-gated ion channel","0.0428942118511","35 /  0     "
"Lysine-specific demethylase 4C","KDM4C","Q9H3R0","CHEMBL6175","Eraser","0.0428942118511","16 /  0     "
"Endoplasmin","HSP90B1","P14625","CHEMBL1075323","Other membrane protein","0.0428942118511","34 /  0     "
"Isocitrate dehydrogenase [NADP] cytoplasmic","IDH1","O75874","CHEMBL2007625","Enzyme","0.0428942118511","214 /  0     "
"Cyclin-dependent kinase 2/cyclin E","CCNE2 CDK2 CCNE1","O96020 P24941 P24864","CHEMBL2094126","Other cytosolic protein","0.0428942118511","65 /  0     "
"ALK tyrosine kinase receptor","ALK","Q9UM73","CHEMBL4247","Kinase","0.0428942118511","55 /  0     "
"Poly [ADP-ribose] polymerase 2","PARP2","Q9UGN5","CHEMBL5366","Enzyme","0.0428942118511","21 /  0     "
"HERG","KCNH2","Q12809","CHEMBL240","Voltage-gated ion channel","0.0428942118511","88 /  3     "
"Cyclooxygenase-1","PTGS1","P23219","CHEMBL221","Oxidoreductase","0.0428942118511","97 /  0     "