,node_1,node_2,id1,id2,neighborhood_on_chromosome
0,H1A-1,LINJ_33_2210,5671.A0A381MFJ0,5671.A4I980,0.093
2,LINJ_02_0680,LINJ_21_1330,5671.A0A381MP32,5671.E9AGX7,0.066
3,LINJ_02_0680,LINJ_32_3470,5671.A0A381MP32,5671.A4I8F2,0.066
4,LINJ_02_0680,LINJ_27_1150,5671.A0A381MP32,5671.A4I2S6,0.066
6,LINJ_02_0680,LINJ_36_2130,5671.A0A381MP32,5671.A4IDH4,0.066
7,LINJ_02_0680,LINJ_36_2140,5671.A0A381MP32,5671.A4IDH5,0.066
8,LINJ_02_0680,LINJ_32_1940,5671.A0A381MP32,5671.A4I800,0.066
9,LINJ_02_0680,LINJ_30_2830,5671.A0A381MP32,5671.A4I5W0,0.066
10,LINJ_02_0680,LPG3,5671.A0A381MP32,5671.A4I4C9,0.095
11,LINJ_02_0680,LINJ_33_2520,5671.A0A381MP32,5671.E9AHQ7,0.095
12,LINJ_02_0680,HSP83-2,5671.A0A381MP32,5671.E9AHM9,0.095
13,LINJ_02_0680,HSP83,5671.A0A381MP32,5671.E9AHM8,0.095
14,LINJ_02_0680,LINJ_26_0590,5671.A0A381MP32,5671.A4I1Z4,0.127
18,CYP51,LINJ_33_1690,5671.A2TEF2,5671.A4I931,0.06
21,CYP51,LINJ_19_0970,5671.A2TEF2,5671.A4HYB7,0.05
22,CYP51,LINJ_19_0960,5671.A2TEF2,5671.E9AGS6,0.05
23,CYP51,LINJ_28_1250,5671.A2TEF2,5671.A4I3J3,0.05
24,CYP51,LINJ_19_0950,5671.A2TEF2,5671.A4HYA8,0.05
25,CYP51,LINJ_19_0940,5671.A2TEF2,5671.E9AGS5,0.05
34,CYP51,LINJ_28_2190,5671.A2TEF2,5671.A4I3T3,0.098
36,LINJ_01_0050,LINJ_10_0310,5671.A4HRC6,5671.A4HUD9,0.065
38,LINJ_01_0050,LINJ_34_0160,5671.A4HRC6,5671.A4I9I4,0.057
39,LINJ_01_0050,mMDH,5671.A4HRC6,5671.A4I9I5,0.057
40,LINJ_01_0050,LINJ_34_0150,5671.A4HRC6,5671.A4I9I3,0.057
43,LINJ_01_0050,LINJ_31_3080,5671.A4HRC6,5671.A4I7A2,0.138
44,LINJ_01_0050,LINJ_33_2860,5671.A4HRC6,5671.A4I9B2,0.155
45,LINJ_01_0050,LINJ_16_1430,5671.A4HRC6,5671.A4HX32,0.155
47,LINJ_01_0050,LINJ_23_0880,5671.A4HRC6,5671.A4I0C2,0.141
48,LINJ_01_0050,LINJ_23_0580,5671.A4HRC6,5671.A4I093,0.141
49,LINJ_01_0050,LINJ_11_0600,5671.A4HRC6,5671.A4HUX0,0.126
50,LINJ_01_0270,LINJ_31_2710,5671.A4HRE8,5671.A4I769,0.049
51,LINJ_01_0270,GCVL-2,5671.A4HRE8,5671.A4I8F6,0.049
52,LINJ_01_0270,GCVL-1,5671.A4HRE8,5671.A4I4P1,0.049
53,LINJ_01_0270,LINJ_31_2720,5671.A4HRE8,5671.E9AHL8,0.049
54,LINJ_01_0270,LINJ_26_0590,5671.A4HRE8,5671.A4I1Z4,0.078
58,LINJ_01_0270,TRYR,5671.A4HRE8,5671.A4HSF7,0.049
59,LINJ_01_0490,LINJ_28_1250,5671.A4HRH0,5671.A4I3J3,0.08
60,LINJ_01_0490,LINJ_19_0970,5671.A4HRH0,5671.A4HYB7,0.08
61,LINJ_01_0490,LINJ_19_0950,5671.A4HRH0,5671.A4HYA8,0.08
62,LINJ_01_0490,LINJ_19_0960,5671.A4HRH0,5671.E9AGS6,0.08
63,LINJ_01_0490,LINJ_19_0940,5671.A4HRH0,5671.E9AGS5,0.08
72,LINJ_01_0510,LINJ_28_1250,5671.A4HRH2,5671.A4I3J3,0.08
73,LINJ_01_0510,LINJ_19_0970,5671.A4HRH2,5671.A4HYB7,0.08
74,LINJ_01_0510,LINJ_19_0960,5671.A4HRH2,5671.E9AGS6,0.08
75,LINJ_01_0510,LINJ_19_0950,5671.A4HRH2,5671.A4HYA8,0.08
76,LINJ_01_0510,LINJ_19_0940,5671.A4HRH2,5671.E9AGS5,0.08
84,LINJ_01_0520,LINJ_19_0960,5671.A4HRH3,5671.E9AGS6,0.08
85,LINJ_01_0520,LINJ_19_0970,5671.A4HRH3,5671.A4HYB7,0.08
86,LINJ_01_0520,LINJ_19_0950,5671.A4HRH3,5671.A4HYA8,0.08
87,LINJ_01_0520,LINJ_19_0940,5671.A4HRH3,5671.E9AGS5,0.08
90,LINJ_01_0520,LINJ_28_1250,5671.A4HRH3,5671.A4I3J3,0.08
95,LINJ_01_0540,LINJ_28_1250,5671.A4HRH5,5671.A4I3J3,0.08
96,LINJ_01_0540,LINJ_19_0970,5671.A4HRH5,5671.A4HYB7,0.08
97,LINJ_01_0540,LINJ_19_0950,5671.A4HRH5,5671.A4HYA8,0.08
98,LINJ_01_0540,LINJ_19_0960,5671.A4HRH5,5671.E9AGS6,0.08
99,LINJ_01_0540,LINJ_19_0940,5671.A4HRH5,5671.E9AGS5,0.08
180,LINJ_02_0270,LINJ_25_0540,5671.A4HRM7,5671.A4I194,0.044
241,LINJ_03_0150,LINJ_11_0060,5671.A4HRS7,5671.A4HUR8,0.069
242,LINJ_03_0150,DHFR-TS,5671.A4HRS7,5671.Q8MQV3,0.259
248,LINJ_03_0190,LINJ_27_2390,5671.A4HRT1,5671.A4I345,0.068
249,LINJ_03_0190,PTR1,5671.A4HRT1,5671.A4I067,0.068
250,LINJ_03_0190,LINJ_35_1230,5671.A4HRT1,5671.A4IB16,0.068
251,LINJ_03_0190,LINJ_36_3570,5671.A4HRT1,5671.A4ID56,0.068
252,LINJ_03_0190,LINJ_24_1890,5671.A4HRT1,5671.E9AH89,0.068
253,LINJ_03_0190,LINJ_35_1240,5671.A4HRT1,5671.A4IB17,0.068
254,LINJ_03_0190,LINJ_19_0960,5671.A4HRT1,5671.E9AGS6,0.088
255,LINJ_03_0190,LINJ_19_0950,5671.A4HRT1,5671.A4HYA8,0.088
256,LINJ_03_0190,LINJ_28_1250,5671.A4HRT1,5671.A4I3J3,0.088
257,LINJ_03_0190,LINJ_19_0970,5671.A4HRT1,5671.A4HYB7,0.088
258,LINJ_03_0190,LINJ_19_0940,5671.A4HRT1,5671.E9AGS5,0.088
259,LINJ_03_0190,LINJ_16_1430,5671.A4HRT1,5671.A4HX32,0.112
260,LINJ_03_0190,DHFR-TS,5671.A4HRT1,5671.Q8MQV3,0.147
261,LINJ_03_0190,LINJ_23_0580,5671.A4HRT1,5671.A4I093,0.072
262,LINJ_03_0190,LINJ_23_0880,5671.A4HRT1,5671.A4I0C2,0.072
263,LINJ_03_0190,LINJ_36_4380,5671.A4HRT1,5671.A4IE56,0.111
265,LINJ_03_0190,GCVL-1,5671.A4HRT1,5671.A4I4P1,0.047
266,LINJ_03_0190,LINJ_31_2720,5671.A4HRT1,5671.E9AHL8,0.047
267,LINJ_03_0190,GCVL-2,5671.A4HRT1,5671.A4I8F6,0.047
268,LINJ_03_0190,LINJ_31_2710,5671.A4HRT1,5671.A4I769,0.047
292,LINJ_03_0220,LINJ_28_1250,5671.A4HRT4,5671.A4I3J3,0.08
293,LINJ_03_0220,LINJ_19_0970,5671.A4HRT4,5671.A4HYB7,0.08
294,LINJ_03_0220,LINJ_19_0960,5671.A4HRT4,5671.E9AGS6,0.08
295,LINJ_03_0220,LINJ_19_0950,5671.A4HRT4,5671.A4HYA8,0.08
296,LINJ_03_0220,LINJ_19_0940,5671.A4HRT4,5671.E9AGS5,0.08
333,LINJ_03_0790,PGKB,5671.A4HRW8,5671.E9AGU0,0.045
334,LINJ_03_0790,LINJ_30_3430,5671.A4HRW8,5671.A4I628,0.045
335,LINJ_03_0790,PGKC,5671.A4HRW8,5671.E9AGT9,0.045
339,LINJ_04_0010,LINJ_33_2210,5671.A4HRZ6,5671.A4I980,0.093
364,LINJ_04_0680,LINJ_22_0490,5671.A4HS64,5671.A4HZT9,0.066
365,LINJ_04_0680,LINJ_03_0520,5671.A4HS64,5671.E9AG43,0.066
373,LINJ_04_0680,LINJ.12.0190,5671.A4HS64,5671.E9AGB0,0.066
404,LINJ_04_1120,LINJ_33_2210,5671.A4HSA9,5671.A4I980,0.093
405,LINJ_04_1170,KATNAL2,5671.A4HSB4,5671.A4HVM4,0.156
406,LINJ_04_1170,LinJ_35_5440,5671.A4HSB4,5671.A4IAQ0,0.111
407,LINJ_04_1170,LinJ_35_5450,5671.A4HSB4,5671.A4IAQ1,0.111
408,LINJ_04_1170,LINJ_36_4380,5671.A4HSB4,5671.A4IE56,0.095
410,LINJ_04_1170,LINJ_36_3570,5671.A4HSB4,5671.A4ID56,0.067
414,LINJ_04_1170,PGKB,5671.A4HSB4,5671.E9AGU0,0.128
415,LINJ_04_1170,PGKC,5671.A4HSB4,5671.E9AGT9,0.128
416,LINJ_04_1170,LINJ_30_3430,5671.A4HSB4,5671.A4I628,0.128
418,LINJ_04_1170,LINJ_35_0030,5671.A4HSB4,5671.A4IAQ4,0.111
478,LINJ_05_0100,DHFR-TS,5671.A4HSD9,5671.Q8MQV3,0.132
479,LINJ_05_0100,KATNAL2,5671.A4HSD9,5671.A4HVM4,0.045
480,LINJ_05_0100,LINJ_24_0130,5671.A4HSD9,5671.E9AH25,0.044
506,TRYR,LINJ_34_0150,5671.A4HSF7,5671.A4I9I3,0.09
507,TRYR,mMDH,5671.A4HSF7,5671.A4I9I5,0.09
508,TRYR,LINJ_34_0160,5671.A4HSF7,5671.A4I9I4,0.09
509,TRYR,DHODH,5671.A4HSF7,5671.E9AGN2,0.07
510,TRYR,LINJ_26_0290,5671.A4HSF7,5671.E9AHB1,0.046
511,TRYR,LINJ.12.0830,5671.A4HSF7,5671.E9AGI7,0.046
512,TRYR,LINJ_29_2350,5671.A4HSF7,5671.A4I4T3,0.046
513,TRYR,ALDH2,5671.A4HSF7,5671.A4I1F4,0.047
514,TRYR,SIR2RP1,5671.A4HSF7,5671.Q8I6E4,0.061
515,TRYR,LINJ_36_4380,5671.A4HSF7,5671.A4IE56,0.068
516,TRYR,LINJ_26_0630,5671.A4HSF7,5671.A4I1Z8,0.049
517,TRYR,PDI-2,5671.A4HSF7,5671.A4ICD5,0.049
518,TRYR,PDI-1,5671.A4HSF7,5671.A4HSZ7,0.049
519,TRYR,LinJ_35_5450,5671.A4HSF7,5671.A4IAQ1,0.07
520,TRYR,LinJ_35_5440,5671.A4HSF7,5671.A4IAQ0,0.07
521,TRYR,LINJ_35_0030,5671.A4HSF7,5671.A4IAQ4,0.07
522,TRYR,PTR1,5671.A4HSF7,5671.A4I067,0.061
524,TRYR,DHFR-TS,5671.A4HSF7,5671.Q8MQV3,0.186
570,LINJ_05_0640,KATNAL2,5671.A4HSI6,5671.A4HVM4,0.055
594,LINJ_06_0140,DHFR-TS,5671.A4HSQ5,5671.Q8MQV3,0.066
600,LINJ_06_0140,LINJ_22_0490,5671.A4HSQ5,5671.A4HZT9,0.088
609,LINJ_06_0140,LINJ_03_0520,5671.A4HSQ5,5671.E9AG43,0.088
610,LINJ_06_0140,LINJ.12.0190,5671.A4HSQ5,5671.E9AGB0,0.088
613,PDI-1,GCVL-2,5671.A4HSZ7,5671.A4I8F6,0.049
614,PDI-1,LINJ_31_2720,5671.A4HSZ7,5671.E9AHL8,0.049
615,PDI-1,GCVL-1,5671.A4HSZ7,5671.A4I4P1,0.049
616,PDI-1,LINJ_31_2710,5671.A4HSZ7,5671.A4I769,0.049
645,LINJ_07_0610,LINJ_24_0130,5671.A4HT72,5671.E9AH25,0.098
653,LINJ_07_0510,LINJ_33_2210,5671.A4HT82,5671.A4I980,0.093
678,LINJ_07_1000,LINJ_22_0490,5671.A4HTB1,5671.A4HZT9,0.066
679,LINJ_07_1000,LINJ_03_0520,5671.A4HTB1,5671.E9AG43,0.066
689,LINJ_07_1000,LINJ.12.0190,5671.A4HTB1,5671.E9AGB0,0.066
728,LINJ_07_1210,LINJ_34_1900,5671.A4HTD0,5671.A4IAM7,0.043
730,LINJ_07_1210,LINJ_33_2210,5671.A4HTD0,5671.A4I980,0.093
732,LINJ_07_0700,LINJ_33_2210,5671.A4HTF0,5671.A4I980,0.093
788,LINJ_08_0540,LINJ_24_0130,5671.A4HTK1,5671.E9AH25,0.069
818,LINJ_08_0670,LINJ_24_0130,5671.A4HTL4,5671.E9AH25,0.043
823,LINJ_08_0670,KATNAL2,5671.A4HTL4,5671.A4HVM4,0.07
843,LINJ_08_1000,LINJ_27_0370,5671.A4HTP2,5671.A4I2M3,0.051
844,LINJ_08_1000,LINJ_28_1580,5671.A4HTP2,5671.A4I3M5,0.051
845,LINJ_08_1000,LINJ_36_1420,5671.A4HTP2,5671.A4ICJ9,0.051
846,LINJ_08_1000,LINJ_09_1280,5671.A4HTP2,5671.A4HU44,0.051
847,LINJ_08_1000,LINJ_24_0170,5671.A4HTP2,5671.E9AH29,0.051
848,LINJ_08_1000,LINJ_30_2520,5671.A4HTP2,5671.A4I5S8,0.051
850,LINJ_08_1000,LINJ_24_0130,5671.A4HTP2,5671.E9AH25,0.067
863,LINJ_08_1300,LINJ_28_1580,5671.A4HTR2,5671.A4I3M5,0.051
864,LINJ_08_1300,LINJ_36_1420,5671.A4HTR2,5671.A4ICJ9,0.051
865,LINJ_08_1300,LINJ_30_2520,5671.A4HTR2,5671.A4I5S8,0.051
866,LINJ_08_1300,LINJ_24_0170,5671.A4HTR2,5671.E9AH29,0.051
867,LINJ_08_1300,LINJ_09_1280,5671.A4HTR2,5671.A4HU44,0.051
868,LINJ_08_1300,LINJ_27_0370,5671.A4HTR2,5671.A4I2M3,0.051
870,LINJ_08_1300,LINJ_24_0130,5671.A4HTR2,5671.E9AH25,0.067
947,LINJ_09_0520,DHFR-TS,5671.A4HTW1,5671.Q8MQV3,0.132
948,LINJ_09_0520,KATNAL2,5671.A4HTW1,5671.A4HVM4,0.045
949,LINJ_09_0520,LINJ_24_0130,5671.A4HTW1,5671.E9AH25,0.044
965,LINJ_09_0900,LINJ_24_0130,5671.A4HU06,5671.E9AH25,0.098
973,LINJ_09_1280,LINJ_19_0150,5671.A4HU44,5671.E9AGR8,0.045
976,LINJ_09_1280,LINJ_24_0130,5671.A4HU44,5671.E9AH25,0.053
981,LINJ_09_1280,LINJ_03_0520,5671.A4HU44,5671.E9AG43,0.045
987,LINJ_09_1280,LINJ.12.0190,5671.A4HU44,5671.E9AGB0,0.045
989,LINJ_09_1280,LINJ_22_0490,5671.A4HU44,5671.A4HZT9,0.045
1028,LINJ_10_0310,TOP2,5671.A4HUD9,5671.A4HWL4,0.053
1029,LINJ_10_0310,LINJ_28_2450,5671.A4HUD9,5671.A4I3V9,0.053
1030,LINJ_10_0310,LINJ_11_0600,5671.A4HUD9,5671.A4HUX0,0.099
1032,LINJ_10_0310,ALDH2,5671.A4HUD9,5671.A4I1F4,0.045
1034,LINJ_10_0310,LINJ_31_3260,5671.A4HUD9,5671.A4I7C0,0.065
1041,LINJ_10_0310,mMDH,5671.A4HUD9,5671.A4I9I5,0.126
1042,LINJ_10_0310,LINJ_34_0160,5671.A4HUD9,5671.A4I9I4,0.126
1043,LINJ_10_0310,LINJ_34_0150,5671.A4HUD9,5671.A4I9I3,0.126
1044,LINJ_10_0310,LINJ_36_1840,5671.A4HUD9,5671.A4IDE7,0.045
1066,LINJ_10_0880,LINJ_24_0130,5671.A4HUJ5,5671.E9AH25,0.043
1070,LINJ_10_0880,KATNAL2,5671.A4HUJ5,5671.A4HVM4,0.07
1090,Rab11,LINJ_24_0130,5671.A4HUK3,5671.E9AH25,0.098
1117,LINJ_11_0040,KATNAL2,5671.A4HUR6,5671.A4HVM4,0.07
1118,LINJ_11_0060,LINJ_30_3430,5671.A4HUR8,5671.A4I628,0.092
1119,LINJ_11_0060,PGKC,5671.A4HUR8,5671.E9AGT9,0.092
1120,LINJ_11_0060,PGKB,5671.A4HUR8,5671.E9AGU0,0.092
1124,LINJ_11_0060,LINJ_16_1430,5671.A4HUR8,5671.A4HX32,0.151
1125,LINJ_11_0060,DHFR-TS,5671.A4HUR8,5671.Q8MQV3,0.263
1169,LINJ_11_0600,LINJ_36_2850,5671.A4HUX0,5671.A4ICH8,0.082
1170,LINJ_11_0600,LINJ_23_0580,5671.A4HUX0,5671.A4I093,0.126
1171,LINJ_11_0600,LINJ_23_0880,5671.A4HUX0,5671.A4I0C2,0.126
1172,LINJ_11_0600,GMPR,5671.A4HUX0,5671.A4HXF5,0.043
1173,LINJ_11_0600,LINJ_19_1590,5671.A4HUX0,5671.A4HYI5,0.043
1174,LINJ_11_0600,LINJ_16_1430,5671.A4HUX0,5671.A4HX32,0.041
1175,LINJ_11_0600,LINJ_34_0160,5671.A4HUX0,5671.A4I9I4,0.068
1176,LINJ_11_0600,mMDH,5671.A4HUX0,5671.A4I9I5,0.068
1177,LINJ_11_0600,LINJ_34_0150,5671.A4HUX0,5671.A4I9I3,0.068
1178,LINJ_11_0600,LINJ_31_3080,5671.A4HUX0,5671.A4I7A2,0.126
1179,LINJ_11_0600,LINJ_31_3260,5671.A4HUX0,5671.A4I7C0,0.126
1184,LINJ_11_0700,KATNAL2,5671.A4HUX9,5671.A4HVM4,0.055
1196,LINJ_11_0910,TOP2,5671.A4HV00,5671.A4HWL4,0.08
1197,LINJ_11_0910,LINJ_28_2450,5671.A4HV00,5671.A4I3V9,0.08
1199,LINJ_11_0910,LINJ_24_0130,5671.A4HV00,5671.E9AH25,0.045
1205,LINJ_11_1260,LINJ_25_0540,5671.A4HV33,5671.A4I194,0.044
1206,LINJ_11_1260,LINJ_23_0230,5671.A4HV33,5671.A4I059,0.044
1281,LINJ_13_0300,LINJ_28_1250,5671.A4HVG5,5671.A4I3J3,0.08
1282,LINJ_13_0300,LINJ_19_0970,5671.A4HVG5,5671.A4HYB7,0.08
1283,LINJ_13_0300,LINJ_19_0960,5671.A4HVG5,5671.E9AGS6,0.08
1284,LINJ_13_0300,LINJ_19_0950,5671.A4HVG5,5671.A4HYA8,0.08
1285,LINJ_13_0300,LINJ_19_0940,5671.A4HVG5,5671.E9AGS5,0.08
1292,LINJ_13_0610,LINJ_36_4380,5671.A4HVK0,5671.A4IE56,0.158
1308,KATNAL2,PGKC,5671.A4HVM4,5671.E9AGT9,0.068
1309,KATNAL2,LINJ_30_3430,5671.A4HVM4,5671.A4I628,0.068
1310,KATNAL2,PGKB,5671.A4HVM4,5671.E9AGU0,0.068
1311,KATNAL2,DHFR-TS,5671.A4HVM4,5671.Q8MQV3,0.222
1312,KATNAL2,LINJ_33_2620,5671.A4HVM4,5671.E9AHR7,0.115
1313,KATNAL2,DMC1,5671.A4HVM4,5671.A4IC25,0.115
1315,KATNAL2,LINJ_21_0960,5671.A4HVM4,5671.A4HZM5,0.092
1316,KATNAL2,LINJ_19_0150,5671.A4HVM4,5671.E9AGR8,0.092
1317,KATNAL2,LINJ_36_4380,5671.A4HVM4,5671.A4IE56,0.143
1318,KATNAL2,LINJ_28_2450,5671.A4HVM4,5671.A4I3V9,0.092
1319,KATNAL2,TOP2,5671.A4HVM4,5671.A4HWL4,0.092
1320,KATNAL2,RAD51,5671.A4HVM4,5671.A4I3C9,0.115
1324,KATNAL2,LINJ_29_2600,5671.A4HVM4,5671.A4I4W3,0.07
1325,KATNAL2,LINJ_28_1800,5671.A4HVM4,5671.A4I3P6,0.07
1326,KATNAL2,LINJ_31_1880,5671.A4HVM4,5671.A4I6V8,0.07
1327,KATNAL2,LINJ_32_3240,5671.A4HVM4,5671.A4I8C9,0.07
1328,KATNAL2,GSK3,5671.A4HVM4,5671.A4HXQ3,0.07
1329,KATNAL2,LINJ_25_2450,5671.A4HVM4,5671.A4I1T4,0.07
1330,KATNAL2,LINJ_36_0970,5671.A4HVM4,5671.A4ICP3,0.07
1331,KATNAL2,LINJ_31_1870,5671.A4HVM4,5671.A4I6V7,0.07
1332,KATNAL2,LINJ_22_0370,5671.A4HVM4,5671.A4HZS7,0.07
1336,KATNAL2,LINJ_34_0990,5671.A4HVM4,5671.A4I9Q1,0.07
1339,KATNAL2,LINJ_35_2710,5671.A4HVM4,5671.A4IBD4,0.055
1340,KATNAL2,LINJ_28_0720,5671.A4HVM4,5671.A4I3E2,0.055
1341,KATNAL2,LINJ_25_0960,5671.A4HVM4,5671.A4I1D4,0.055
1342,KATNAL2,LINJ_34_3340,5671.A4HVM4,5671.A4IAC2,0.055
1343,KATNAL2,LINJ_18_1110,5671.A4HVM4,5671.A4HXY4,0.055
1344,KATNAL2,LINJ_29_1190,5671.A4HVM4,5671.A4I4G8,0.055
1345,KATNAL2,LINJ_35_2030,5671.A4HVM4,5671.A4IBA2,0.055
1346,KATNAL2,LINJ_30_3310,5671.A4HVM4,5671.A4I610,0.055
1354,KATNAL2,LINJ_03_0460,5671.A4HVM4,5671.E9AG37,0.055
1355,KATNAL2,LINJ_23_0240,5671.A4HVM4,5671.A4I060,0.07
1356,KATNAL2,ABCC4,5671.A4HVM4,5671.A4I6Q3,0.07
1357,KATNAL2,PRP1,5671.A4HVM4,5671.A4I6S0,0.07
1358,KATNAL2,LINJ_23_0230,5671.A4HVM4,5671.A4I059,0.07
1359,KATNAL2,LINJ_31_1310,5671.A4HVM4,5671.A4I6Q5,0.07
1360,KATNAL2,LINJ_24_1510,5671.A4HVM4,5671.A4I5H8,0.07
1361,KATNAL2,MRPA,5671.A4HVM4,5671.A4I065,0.07
1362,KATNAL2,LINJ_34_0690,5671.A4HVM4,5671.A4I9N7,0.07
1363,KATNAL2,ABCC5,5671.A4HVM4,5671.A4I6Q4,0.07
1364,KATNAL2,LINJ_25_0540,5671.A4HVM4,5671.A4I194,0.07
1365,KATNAL2,LINJ_32_2190,5671.A4HVM4,5671.A4I828,0.07
1366,KATNAL2,ABCH2,5671.A4HVM4,5671.A4I4M8,0.07
1367,KATNAL2,MDR1,5671.A4HVM4,5671.A4I9R3,0.07
1368,KATNAL2,LINJ_26_2700,5671.A4HVM4,5671.A4I2J3,0.07
1371,KATNAL2,LINJ_19_0540,5671.A4HVM4,5671.A4HY76,0.092
1374,KATNAL2,LINJ_26_2100,5671.A4HVM4,5671.A4I2D8,0.045
1375,KATNAL2,LINJ_24_0260,5671.A4HVM4,5671.E9AH38,0.045
1376,KATNAL2,LINJ_13_1630,5671.A4HVM4,5671.A4HVT6,0.045
1383,KATNAL2,LINJ_03_0520,5671.A4HVM4,5671.E9AG43,0.077
1384,KATNAL2,LINJ.12.0190,5671.A4HVM4,5671.E9AGB0,0.077
1385,KATNAL2,LINJ_22_0490,5671.A4HVM4,5671.A4HZT9,0.077
1386,KATNAL2,LINJ_24_0130,5671.A4HVM4,5671.E9AH25,0.1
1395,LINJ_13_0990,LINJ_29_2410,5671.A4HVN7,5671.A4I4U4,0.041
1404,LINJ_13_0990,LINJ_24_0130,5671.A4HVN7,5671.E9AH25,0.045
1450,LINJ_13_1590,LINJ_33_2210,5671.A4HVT2,5671.A4I980,0.093
1478,LINJ_13_1630,DHFR-TS,5671.A4HVT6,5671.Q8MQV3,0.132
1479,LINJ_13_1630,LINJ_24_0130,5671.A4HVT6,5671.E9AH25,0.044
1544,LINJ_14_0820,LINJ_24_0130,5671.A4HW20,5671.E9AH25,0.098
1574,TOP2,LINJ_26_0590,5671.A4HWL4,5671.A4I1Z4,0.098
1580,TOP2,DHFR-TS,5671.A4HWL4,5671.Q8MQV3,0.261
1608,LINJ_16_0590,DHFR-TS,5671.A4HWV8,5671.Q8MQV3,0.148
1610,LINJ_16_0590,LINJ_31_3080,5671.A4HWV8,5671.A4I7A2,0.126
1612,LINJ_16_0590,DHODH,5671.A4HWV8,5671.E9AGN2,0.147
1664,LINJ_16_1430,DHODH,5671.A4HX32,5671.E9AGN2,0.113
1665,LINJ_16_1430,LINJ_24_1890,5671.A4HX32,5671.E9AH89,0.058
1666,LINJ_16_1430,LINJ_35_1240,5671.A4HX32,5671.A4IB17,0.058
1667,LINJ_16_1430,LINJ_36_3570,5671.A4HX32,5671.A4ID56,0.058
1668,LINJ_16_1430,LINJ_35_1230,5671.A4HX32,5671.A4IB16,0.058
1669,LINJ_16_1430,PTR1,5671.A4HX32,5671.A4I067,0.058
1670,LINJ_16_1430,LINJ_27_2390,5671.A4HX32,5671.A4I345,0.058
1671,LINJ_16_1430,LINJ_36_4380,5671.A4HX32,5671.A4IE56,0.06
1672,LINJ_16_1430,LINJ_30_2920,5671.A4HX32,5671.A4I5W9,0.112
1673,LINJ_16_1430,LINJ_36_5410,5671.A4HX32,5671.A4IDU0,0.112
1674,LINJ_16_1430,ALDH2,5671.A4HX32,5671.A4I1F4,0.112
1675,LINJ_16_1430,LINJ_36_1840,5671.A4HX32,5671.A4IDE7,0.112
1676,LINJ_16_1430,LINJ_31_3080,5671.A4HX32,5671.A4I7A2,0.096
1677,LINJ_16_1430,LINJ_31_3260,5671.A4HX32,5671.A4I7C0,0.155
1715,LINJ_17_0660,LINJ_33_2210,5671.A4HXD4,5671.A4I980,0.093
1755,GMPR,LinJ_35_5450,5671.A4HXF5,5671.A4IAQ1,0.058
1756,GMPR,LinJ_35_5440,5671.A4HXF5,5671.A4IAQ0,0.058
1757,GMPR,LINJ_35_0030,5671.A4HXF5,5671.A4IAQ4,0.058
1758,GMPR,LINJ_32_3470,5671.A4HXF5,5671.A4I8F2,0.093
1759,GMPR,LINJ_19_0540,5671.A4HXF5,5671.A4HY76,0.069
1760,GMPR,LINJ_27_1150,5671.A4HXF5,5671.A4I2S6,0.093
1761,GMPR,LINJ_36_4380,5671.A4HXF5,5671.A4IE56,0.157
1762,GMPR,LINJ_19_0150,5671.A4HXF5,5671.E9AGR8,0.069
1763,GMPR,AAH,5671.A4HXF5,5671.E9AHV7,0.096
1764,GMPR,DHODH,5671.A4HXF5,5671.E9AGN2,0.155
1765,GMPR,DHFR-TS,5671.A4HXF5,5671.Q8MQV3,0.064
1766,GMPR,LINJ_21_0960,5671.A4HXF5,5671.A4HZM5,0.069
1783,GSK3,LINJ_24_0130,5671.A4HXQ3,5671.E9AH25,0.043
1879,H1A-1-2,LINJ_33_2210,5671.A4HY21,5671.A4I980,0.093
1880,H1A-2,LINJ_33_2210,5671.A4HY23,5671.A4I980,0.093
1882,LINJ_19_0540,LINJ_19_1590,5671.A4HY76,5671.A4HYI5,0.069
1883,LINJ_19_0540,LINJ_32_3470,5671.A4HY76,5671.A4I8F2,0.068
1884,LINJ_19_0540,LINJ_21_0770,5671.A4HY76,5671.A4HZ70,0.067
1886,LINJ_19_0540,DHFR-TS,5671.A4HY76,5671.Q8MQV3,0.099
1888,LINJ_19_0950,LINJ_33_1690,5671.A4HYA8,5671.A4I931,0.104
1889,LINJ_19_0950,LINJ_36_4380,5671.A4HYA8,5671.A4IE56,0.142
1890,LINJ_19_0950,LINJ_36_5410,5671.A4HYA8,5671.A4IDU0,0.088
1891,LINJ_19_0950,LINJ_30_2920,5671.A4HYA8,5671.A4I5W9,0.088
1892,LINJ_19_0950,LINJ_36_1840,5671.A4HYA8,5671.A4IDE7,0.088
1893,LINJ_19_0950,LINJ_30_3610,5671.A4HYA8,5671.A4I646,0.05
1894,LINJ_19_0950,LINJ_34_3110,5671.A4HYA8,5671.A4IAA0,0.05
1895,LINJ_19_0950,LINJ_27_0090,5671.A4HYA8,5671.A4I2K5,0.05
1896,LINJ_19_0950,ALDH2,5671.A4HYA8,5671.A4I1F4,0.088
1897,LINJ_19_0950,LINJ_23_0580,5671.A4HYA8,5671.A4I093,0.099
1898,LINJ_19_0950,LINJ_23_0880,5671.A4HYA8,5671.A4I0C2,0.099
1899,LINJ_19_0950,LINJ_28_2190,5671.A4HYA8,5671.A4I3T3,0.126
1900,LINJ_19_0970,LINJ_33_1690,5671.A4HYB7,5671.A4I931,0.104
1901,LINJ_19_0970,LINJ_36_4380,5671.A4HYB7,5671.A4IE56,0.142
1902,LINJ_19_0970,LINJ_36_5410,5671.A4HYB7,5671.A4IDU0,0.088
1903,LINJ_19_0970,LINJ_36_1840,5671.A4HYB7,5671.A4IDE7,0.088
1904,LINJ_19_0970,LINJ_30_2920,5671.A4HYB7,5671.A4I5W9,0.088
1905,LINJ_19_0970,LINJ_30_3610,5671.A4HYB7,5671.A4I646,0.05
1906,LINJ_19_0970,LINJ_27_0090,5671.A4HYB7,5671.A4I2K5,0.05
1907,LINJ_19_0970,LINJ_34_3110,5671.A4HYB7,5671.A4IAA0,0.05
1908,LINJ_19_0970,ALDH2,5671.A4HYB7,5671.A4I1F4,0.088
1909,LINJ_19_0970,LINJ_23_0580,5671.A4HYB7,5671.A4I093,0.099
1910,LINJ_19_0970,LINJ_23_0880,5671.A4HYB7,5671.A4I0C2,0.099
1911,LINJ_19_0970,LINJ_28_2190,5671.A4HYB7,5671.A4I3T3,0.126
1949,LINJ_19_1590,LINJ_35_0030,5671.A4HYI5,5671.A4IAQ4,0.058
1950,LINJ_19_1590,LinJ_35_5450,5671.A4HYI5,5671.A4IAQ1,0.058
1951,LINJ_19_1590,LinJ_35_5440,5671.A4HYI5,5671.A4IAQ0,0.058
1952,LINJ_19_1590,LINJ_27_1150,5671.A4HYI5,5671.A4I2S6,0.093
1953,LINJ_19_1590,LINJ_32_3470,5671.A4HYI5,5671.A4I8F2,0.093
1954,LINJ_19_1590,LINJ_36_4380,5671.A4HYI5,5671.A4IE56,0.157
1955,LINJ_19_1590,LINJ_19_0150,5671.A4HYI5,5671.E9AGR8,0.069
1956,LINJ_19_1590,AAH,5671.A4HYI5,5671.E9AHV7,0.096
1957,LINJ_19_1590,DHODH,5671.A4HYI5,5671.E9AGN2,0.155
1958,LINJ_19_1590,DHFR-TS,5671.A4HYI5,5671.Q8MQV3,0.064
1959,LINJ_19_1590,LINJ_21_0960,5671.A4HYI5,5671.A4HZM5,0.069
1987,LINJ_20_0020,LINJ_27_0920,5671.A4HYJ4,5671.A4I2Q7,0.055
1994,LINJ_20_0020,LINJ_19_0150,5671.A4HYJ4,5671.E9AGR8,0.069
2001,LINJ_20_0820,LINJ_24_0130,5671.A4HYS3,5671.E9AH25,0.053
2083,LINJ_21_0740,LINJ_24_0130,5671.A4HZ67,5671.E9AH25,0.067
2093,LINJ_21_0770,LINJ_21_0960,5671.A4HZ70,5671.A4HZM5,0.067
2094,LINJ_21_0770,LINJ_19_0150,5671.A4HZ70,5671.E9AGR8,0.067
2165,LINJ_21_2200,LINJ.12.0190,5671.A4HZI9,5671.E9AGB0,0.088
2166,LINJ_21_2200,LINJ_03_0520,5671.A4HZI9,5671.E9AG43,0.088
2170,LINJ_21_2200,LINJ_22_0490,5671.A4HZI9,5671.A4HZT9,0.088
2184,LINJ_21_0960,DHFR-TS,5671.A4HZM5,5671.Q8MQV3,0.099
2185,LINJ_22_0370,LINJ_24_0130,5671.A4HZS7,5671.E9AH25,0.043
2239,LINJ_22_0440,LINJ_24_0130,5671.A4HZT4,5671.E9AH25,0.045
2278,LINJ_22_0490,LINJ_35_1310,5671.A4HZT9,5671.A4IB24,0.066
2279,LINJ_22_0490,LinJ_35_5450,5671.A4HZT9,5671.A4IAQ1,0.043
2280,LINJ_22_0490,LinJ_35_5440,5671.A4HZT9,5671.A4IAQ0,0.043
2281,LINJ_22_0490,LINJ_35_0030,5671.A4HZT9,5671.A4IAQ4,0.043
2290,LINJ_22_0490,LINJ_24_0130,5671.A4HZT9,5671.E9AH25,0.041
2292,LINJ_22_0490,LINJ_36_1420,5671.A4HZT9,5671.A4ICJ9,0.045
2293,LINJ_22_0490,LINJ_24_2220,5671.A4HZT9,5671.A4I122,0.066
2294,LINJ_22_0490,LINJ_30_2520,5671.A4HZT9,5671.A4I5S8,0.045
2295,LINJ_22_0490,LINJ_27_0370,5671.A4HZT9,5671.A4I2M3,0.045
2296,LINJ_22_0490,LINJ_33_2910,5671.A4HZT9,5671.A4I9B7,0.066
2297,LINJ_22_0490,LINJ_28_1580,5671.A4HZT9,5671.A4I3M5,0.045
2298,LINJ_22_0490,LINJ_24_0170,5671.A4HZT9,5671.E9AH29,0.045
2299,LINJ_22_0490,LINJ_36_1730,5671.A4HZT9,5671.A4IDD6,0.088
2300,LINJ_22_0490,LINJ_28_0110,5671.A4HZT9,5671.A4I384,0.088
2303,LINJ_22_0490,LINJ_35_3880,5671.A4HZT9,5671.A4IBS2,0.088
2342,PTR1,LINJ_36_5410,5671.A4I067,5671.A4IDU0,0.068
2343,PTR1,ALDH2,5671.A4I067,5671.A4I1F4,0.068
2344,PTR1,LINJ_30_2920,5671.A4I067,5671.A4I5W9,0.068
2345,PTR1,LINJ_36_1840,5671.A4I067,5671.A4IDE7,0.068
2346,PTR1,LINJ_23_0580,5671.A4I067,5671.A4I093,0.082
2347,PTR1,LINJ_23_0880,5671.A4I067,5671.A4I0C2,0.082
2348,PTR1,PRP1,5671.A4I067,5671.A4I6S0,0.058
2349,PTR1,LINJ_28_2190,5671.A4I067,5671.A4I3T3,0.07
2350,PTR1,LINJ_33_2860,5671.A4I067,5671.A4I9B2,0.096
2351,PTR1,DHFR-TS,5671.A4I067,5671.Q8MQV3,0.043
2352,LINJ_23_0580,LINJ_36_4380,5671.A4I093,5671.A4IE56,0.112
2353,LINJ_23_0580,LINJ_34_1900,5671.A4I093,5671.A4IAM7,0.045
2354,LINJ_23_0580,LINJ_23_1450,5671.A4I093,5671.A4I0H7,0.045
2357,LINJ_23_0580,LINJ_27_2390,5671.A4I093,5671.A4I345,0.082
2358,LINJ_23_0580,LINJ_33_2860,5671.A4I093,5671.A4I9B2,0.155
2359,LINJ_23_0580,LINJ_34_0160,5671.A4I093,5671.A4I9I4,0.066
2360,LINJ_23_0580,mMDH,5671.A4I093,5671.A4I9I5,0.066
2361,LINJ_23_0580,LINJ_34_0150,5671.A4I093,5671.A4I9I3,0.066
2362,LINJ_23_0580,SIR2RP1,5671.A4I093,5671.Q8I6E4,0.045
2363,LINJ_23_0580,LINJ_19_0940,5671.A4I093,5671.E9AGS5,0.099
2364,LINJ_23_0580,LINJ_19_0960,5671.A4I093,5671.E9AGS6,0.099
2365,LINJ_23_0580,LINJ_28_1250,5671.A4I093,5671.A4I3J3,0.099
2366,LINJ_23_0580,LINJ_30_2920,5671.A4I093,5671.A4I5W9,0.072
2367,LINJ_23_0580,LINJ_36_5410,5671.A4I093,5671.A4IDU0,0.072
2368,LINJ_23_0580,LINJ_36_1840,5671.A4I093,5671.A4IDE7,0.072
2370,LINJ_23_0580,LINJ_31_3080,5671.A4I093,5671.A4I7A2,0.099
2371,LINJ_23_0580,ALDH2,5671.A4I093,5671.A4I1F4,0.072
2372,LINJ_23_0880,LINJ_36_4380,5671.A4I0C2,5671.A4IE56,0.112
2373,LINJ_23_0880,LINJ_34_1900,5671.A4I0C2,5671.A4IAM7,0.045
2374,LINJ_23_0880,LINJ_23_1450,5671.A4I0C2,5671.A4I0H7,0.045
2377,LINJ_23_0880,LINJ_27_2390,5671.A4I0C2,5671.A4I345,0.082
2378,LINJ_23_0880,LINJ_33_2860,5671.A4I0C2,5671.A4I9B2,0.155
2379,LINJ_23_0880,mMDH,5671.A4I0C2,5671.A4I9I5,0.066
2380,LINJ_23_0880,LINJ_34_0160,5671.A4I0C2,5671.A4I9I4,0.066
2381,LINJ_23_0880,LINJ_34_0150,5671.A4I0C2,5671.A4I9I3,0.066
2382,LINJ_23_0880,SIR2RP1,5671.A4I0C2,5671.Q8I6E4,0.045
2383,LINJ_23_0880,LINJ_19_0940,5671.A4I0C2,5671.E9AGS5,0.099
2384,LINJ_23_0880,LINJ_19_0960,5671.A4I0C2,5671.E9AGS6,0.099
2385,LINJ_23_0880,LINJ_28_1250,5671.A4I0C2,5671.A4I3J3,0.099
2386,LINJ_23_0880,LINJ_30_2920,5671.A4I0C2,5671.A4I5W9,0.072
2387,LINJ_23_0880,LINJ_36_5410,5671.A4I0C2,5671.A4IDU0,0.072
2388,LINJ_23_0880,LINJ_36_1840,5671.A4I0C2,5671.A4IDE7,0.072
2389,LINJ_23_0880,LINJ_31_3080,5671.A4I0C2,5671.A4I7A2,0.099
2390,LINJ_23_0880,ALDH2,5671.A4I0C2,5671.A4I1F4,0.072
2395,LINJ_23_1050,LINJ_36_4380,5671.A4I0D8,5671.A4IE56,0.158
2397,LINJ_23_1450,DHFR-TS,5671.A4I0H7,5671.Q8MQV3,0.128
2414,LINJ_24_1410,LINJ_24_0130,5671.A4I0X6,5671.E9AH25,0.067
2470,LINJ_24_2220,LINJ_03_0520,5671.A4I122,5671.E9AG43,0.066
2478,LINJ_24_2220,LINJ.12.0190,5671.A4I122,5671.E9AGB0,0.066
2535,ALDH2,LINJ_27_2390,5671.A4I1F4,5671.A4I345,0.068
2540,ALDH2,LINJ_35_1240,5671.A4I1F4,5671.A4IB17,0.068
2541,ALDH2,LINJ_24_1890,5671.A4I1F4,5671.E9AH89,0.068
2542,ALDH2,LINJ_35_1230,5671.A4I1F4,5671.A4IB16,0.068
2544,ALDH2,LINJ_36_3570,5671.A4I1F4,5671.A4ID56,0.068
2545,ALDH2,LINJ_19_0940,5671.A4I1F4,5671.E9AGS5,0.088
2546,ALDH2,LINJ_19_0960,5671.A4I1F4,5671.E9AGS6,0.088
2547,ALDH2,LINJ_28_1250,5671.A4I1F4,5671.A4I3J3,0.088
2548,ALDH2,DHFR-TS,5671.A4I1F4,5671.Q8MQV3,0.147
2549,ALDH2,LINJ_36_4380,5671.A4I1F4,5671.A4IE56,0.111
2620,LINJ_25_2450,LINJ_24_0130,5671.A4I1T4,5671.E9AH25,0.043
2673,LINJ_26_0300,LINJ_30_3430,5671.A4I1W7,5671.A4I628,0.045
2674,LINJ_26_0300,PGKC,5671.A4I1W7,5671.E9AGT9,0.045
2675,LINJ_26_0300,PGKB,5671.A4I1W7,5671.E9AGU0,0.045
2697,LINJ_26_0590,LINJ_28_2450,5671.A4I1Z4,5671.A4I3V9,0.098
2698,LINJ_26_0590,LINJ_30_1700,5671.A4I1Z4,5671.A4I5J7,0.127
2699,LINJ_26_0590,LINJ_29_1360,5671.A4I1Z4,5671.A4I4I4,0.127
2700,LINJ_26_0590,DHFR-TS,5671.A4I1Z4,5671.Q8MQV3,0.064
2705,LINJ_26_0590,LINJ_27_1150,5671.A4I1Z4,5671.A4I2S6,0.112
2706,LINJ_26_0590,LINJ_21_1330,5671.A4I1Z4,5671.E9AGX7,0.112
2707,LINJ_26_0590,LINJ_32_3470,5671.A4I1Z4,5671.A4I8F2,0.112
2708,LINJ_26_0590,LINJ_30_2830,5671.A4I1Z4,5671.A4I5W0,0.112
2709,LINJ_26_0590,LINJ_32_1940,5671.A4I1Z4,5671.A4I800,0.112
2710,LINJ_26_0590,LINJ_36_2140,5671.A4I1Z4,5671.A4IDH5,0.112
2711,LINJ_26_0590,LINJ_36_2130,5671.A4I1Z4,5671.A4IDH4,0.112
2712,LINJ_26_0630,GCVL-2,5671.A4I1Z8,5671.A4I8F6,0.049
2713,LINJ_26_0630,LINJ_31_2720,5671.A4I1Z8,5671.E9AHL8,0.049
2714,LINJ_26_0630,GCVL-1,5671.A4I1Z8,5671.A4I4P1,0.049
2715,LINJ_26_0630,LINJ_31_2710,5671.A4I1Z8,5671.A4I769,0.049
2721,LINJ_26_1190,LINJ_36_4380,5671.A4I250,5671.A4IE56,0.084
2741,LINJ_26_2100,DHFR-TS,5671.A4I2D8,5671.Q8MQV3,0.132
2742,LINJ_26_2100,LINJ_24_0130,5671.A4I2D8,5671.E9AH25,0.044
2806,LINJ_27_0090,LINJ_36_4380,5671.A4I2K5,5671.A4IE56,0.041
2807,LINJ_27_0090,LINJ_33_1690,5671.A4I2K5,5671.A4I931,0.06
2808,LINJ_27_0090,LINJ_28_1250,5671.A4I2K5,5671.A4I3J3,0.05
2809,LINJ_27_0090,LINJ_19_0960,5671.A4I2K5,5671.E9AGS6,0.05
2810,LINJ_27_0090,LINJ_19_0940,5671.A4I2K5,5671.E9AGS5,0.05
2811,LINJ_27_0090,LINJ_28_2190,5671.A4I2K5,5671.A4I3T3,0.098
2814,LINJ_27_0370,LINJ_19_0150,5671.A4I2M3,5671.E9AGR8,0.045
2816,LINJ_27_0370,LINJ_24_0130,5671.A4I2M3,5671.E9AH25,0.053
2823,LINJ_27_0370,LINJ_03_0520,5671.A4I2M3,5671.E9AG43,0.045
2825,LINJ_27_0370,LINJ.12.0190,5671.A4I2M3,5671.E9AGB0,0.045
2829,LINJ_27_0920,LINJ_19_0150,5671.A4I2Q7,5671.E9AGR8,0.045
2835,LINJ_27_0940,LINJ_24_0130,5671.A4I2Q9,5671.E9AH25,0.053
2846,LINJ_27_1150,LINJ_29_1360,5671.A4I2S6,5671.A4I4I4,0.066
2847,LINJ_27_1150,LINJ_30_1700,5671.A4I2S6,5671.A4I5J7,0.066
2853,LINJ_27_1150,DHFR-TS,5671.A4I2S6,5671.Q8MQV3,0.06
2860,LINJ_27_1150,LINJ_19_0150,5671.A4I2S6,5671.E9AGR8,0.068
2876,AKR,LINJ_36_4380,5671.A4I342,5671.A4IE56,0.084
2877,LINJ_27_2390,LINJ_36_5410,5671.A4I345,5671.A4IDU0,0.068
2878,LINJ_27_2390,LINJ_36_1840,5671.A4I345,5671.A4IDE7,0.068
2879,LINJ_27_2390,LINJ_30_2920,5671.A4I345,5671.A4I5W9,0.068
2880,LINJ_27_2390,LINJ_28_2190,5671.A4I345,5671.A4I3T3,0.07
2881,LINJ_27_2390,DHFR-TS,5671.A4I345,5671.Q8MQV3,0.043
2882,LINJ_27_2390,LINJ_33_2860,5671.A4I345,5671.A4I9B2,0.096
2897,LINJ_28_0110,LINJ_03_0520,5671.A4I384,5671.E9AG43,0.088
2898,LINJ_28_0110,LINJ.12.0190,5671.A4I384,5671.E9AGB0,0.088
2907,KATNA1,LINJ_24_0130,5671.A4I3C0,5671.E9AH25,0.045
2935,RAD51,LINJ_28_1910,5671.A4I3C9,5671.E9AHG7,0.05
2938,RAD51,DHFR-TS,5671.A4I3C9,5671.Q8MQV3,0.121
2960,LINJ_28_1250,LINJ_33_1690,5671.A4I3J3,5671.A4I931,0.104
2961,LINJ_28_1250,LINJ_36_4380,5671.A4I3J3,5671.A4IE56,0.142
2962,LINJ_28_1250,LINJ_30_2920,5671.A4I3J3,5671.A4I5W9,0.088
2963,LINJ_28_1250,LINJ_36_1840,5671.A4I3J3,5671.A4IDE7,0.088
2964,LINJ_28_1250,LINJ_36_5410,5671.A4I3J3,5671.A4IDU0,0.088
2965,LINJ_28_1250,LINJ_34_3110,5671.A4I3J3,5671.A4IAA0,0.05
2966,LINJ_28_1250,LINJ_30_3610,5671.A4I3J3,5671.A4I646,0.05
2967,LINJ_28_1250,LINJ_28_2190,5671.A4I3J3,5671.A4I3T3,0.126
2976,LINJ_28_1580,LINJ_19_0150,5671.A4I3M5,5671.E9AGR8,0.045
2978,LINJ_28_1580,LINJ_24_0130,5671.A4I3M5,5671.E9AH25,0.053
2984,LINJ_28_1580,LINJ_03_0520,5671.A4I3M5,5671.E9AG43,0.045
2987,LINJ_28_1580,LINJ.12.0190,5671.A4I3M5,5671.E9AGB0,0.045
2988,LINJ_28_1800,LINJ_24_0130,5671.A4I3P6,5671.E9AH25,0.043
3016,LINJ_28_2190,LINJ_33_2860,5671.A4I3T3,5671.A4I9B2,0.041
3017,LINJ_28_2190,LINJ_36_3570,5671.A4I3T3,5671.A4ID56,0.07
3018,LINJ_28_2190,LINJ_35_1230,5671.A4I3T3,5671.A4IB16,0.07
3019,LINJ_28_2190,LINJ_24_1890,5671.A4I3T3,5671.E9AH89,0.07
3020,LINJ_28_2190,LINJ_35_1240,5671.A4I3T3,5671.A4IB17,0.07
3021,LINJ_28_2190,LINJ_33_1690,5671.A4I3T3,5671.A4I931,0.127
3023,LINJ_28_2190,LINJ_36_4380,5671.A4I3T3,5671.A4IE56,0.087
3024,LINJ_28_2190,LINJ_19_0960,5671.A4I3T3,5671.E9AGS6,0.126
3025,LINJ_28_2190,LINJ_19_0940,5671.A4I3T3,5671.E9AGS5,0.126
3026,LINJ_28_2190,LINJ_30_3610,5671.A4I3T3,5671.A4I646,0.098
3027,LINJ_28_2190,LINJ_34_3110,5671.A4I3T3,5671.A4IAA0,0.098
3037,LINJ_28_2450,DHFR-TS,5671.A4I3V9,5671.Q8MQV3,0.261
3055,LPG3,LINJ_30_1700,5671.A4I4C9,5671.A4I5J7,0.095
3056,LPG3,LINJ_29_1360,5671.A4I4C9,5671.A4I4I4,0.095
3065,LPG3,LINJ_24_0130,5671.A4I4C9,5671.E9AH25,0.074
3069,LINJ_29_0860,DHFR-TS,5671.A4I4D6,5671.Q8MQV3,0.066
3076,LINJ_29_1100,LINJ_36_4380,5671.A4I4G0,5671.A4IE56,0.158
3083,LINJ_29_1360,LINJ_21_1330,5671.A4I4I4,5671.E9AGX7,0.066
3084,LINJ_29_1360,LINJ_32_3470,5671.A4I4I4,5671.A4I8F2,0.066
3085,LINJ_29_1360,LINJ_36_2130,5671.A4I4I4,5671.A4IDH4,0.066
3086,LINJ_29_1360,LINJ_36_2140,5671.A4I4I4,5671.A4IDH5,0.066
3087,LINJ_29_1360,LINJ_30_2830,5671.A4I4I4,5671.A4I5W0,0.066
3088,LINJ_29_1360,LINJ_32_1940,5671.A4I4I4,5671.A4I800,0.066
3089,LINJ_29_1360,HSP83,5671.A4I4I4,5671.E9AHM8,0.095
3090,LINJ_29_1360,HSP83-2,5671.A4I4I4,5671.E9AHM9,0.095
3091,LINJ_29_1360,LINJ_33_2520,5671.A4I4I4,5671.E9AHQ7,0.095
3107,GCVL-1,LINJ.12.0830,5671.A4I4P1,5671.E9AGI7,0.046
3108,GCVL-1,LINJ_29_2350,5671.A4I4P1,5671.A4I4T3,0.046
3109,GCVL-1,LINJ_26_0290,5671.A4I4P1,5671.E9AHB1,0.046
3111,GCVL-1,LINJ_36_4380,5671.A4I4P1,5671.A4IE56,0.068
3112,GCVL-1,LINJ_32_3470,5671.A4I4P1,5671.A4I8F2,0.046
3113,GCVL-1,LINJ_34_0160,5671.A4I4P1,5671.A4I9I4,0.09
3114,GCVL-1,mMDH,5671.A4I4P1,5671.A4I9I5,0.09
3115,GCVL-1,LINJ_34_0150,5671.A4I4P1,5671.A4I9I3,0.09
3116,GCVL-1,LINJ_35_0030,5671.A4I4P1,5671.A4IAQ4,0.07
3117,GCVL-1,LinJ_35_5450,5671.A4I4P1,5671.A4IAQ1,0.07
3118,GCVL-1,LinJ_35_5440,5671.A4I4P1,5671.A4IAQ0,0.07
3119,GCVL-1,PDI-2,5671.A4I4P1,5671.A4ICD5,0.049
3121,GCVL-1,DHFR-TS,5671.A4I4P1,5671.Q8MQV3,0.186
3147,LINJ_29_2350,LINJ_31_2710,5671.A4I4T3,5671.A4I769,0.046
3148,LINJ_29_2350,LINJ_31_2720,5671.A4I4T3,5671.E9AHL8,0.046
3149,LINJ_29_2350,GCVL-2,5671.A4I4T3,5671.A4I8F6,0.046
3176,LINJ_29_2600,LINJ_24_0130,5671.A4I4W3,5671.E9AH25,0.043
3292,LINJ_30_1700,LINJ_32_3470,5671.A4I5J7,5671.A4I8F2,0.066
3293,LINJ_30_1700,LINJ_21_1330,5671.A4I5J7,5671.E9AGX7,0.066
3294,LINJ_30_1700,LINJ_36_2140,5671.A4I5J7,5671.A4IDH5,0.066
3295,LINJ_30_1700,LINJ_30_2830,5671.A4I5J7,5671.A4I5W0,0.066
3296,LINJ_30_1700,LINJ_32_1940,5671.A4I5J7,5671.A4I800,0.066
3297,LINJ_30_1700,LINJ_36_2130,5671.A4I5J7,5671.A4IDH4,0.066
3298,LINJ_30_1700,HSP83,5671.A4I5J7,5671.E9AHM8,0.095
3299,LINJ_30_1700,HSP83-2,5671.A4I5J7,5671.E9AHM9,0.095
3300,LINJ_30_1700,LINJ_33_2520,5671.A4I5J7,5671.E9AHQ7,0.095
3323,LINJ_30_2520,LINJ_19_0150,5671.A4I5S8,5671.E9AGR8,0.045
3325,LINJ_30_2520,LINJ_24_0130,5671.A4I5S8,5671.E9AH25,0.053
3331,LINJ_30_2520,LINJ_03_0520,5671.A4I5S8,5671.E9AG43,0.045
3334,LINJ_30_2520,LINJ.12.0190,5671.A4I5S8,5671.E9AGB0,0.045
3336,LINJ_30_2830,DHFR-TS,5671.A4I5W0,5671.Q8MQV3,0.06
3340,LINJ_30_2920,LINJ_24_1890,5671.A4I5W9,5671.E9AH89,0.068
3341,LINJ_30_2920,LINJ_35_1240,5671.A4I5W9,5671.A4IB17,0.068
3342,LINJ_30_2920,LINJ_35_1230,5671.A4I5W9,5671.A4IB16,0.068
3343,LINJ_30_2920,LINJ_36_3570,5671.A4I5W9,5671.A4ID56,0.068
3344,LINJ_30_2920,LINJ_19_0960,5671.A4I5W9,5671.E9AGS6,0.088
3345,LINJ_30_2920,LINJ_19_0940,5671.A4I5W9,5671.E9AGS5,0.088
3346,LINJ_30_2920,DHFR-TS,5671.A4I5W9,5671.Q8MQV3,0.147
3347,LINJ_30_2920,LINJ_36_4380,5671.A4I5W9,5671.A4IE56,0.111
3365,LINJ_30_3430,mMDH,5671.A4I628,5671.A4I9I5,0.075
3366,LINJ_30_3430,LINJ_34_0160,5671.A4I628,5671.A4I9I4,0.075
3367,LINJ_30_3430,LINJ_34_0150,5671.A4I628,5671.A4I9I3,0.075
3368,LINJ_30_3430,LinJ_35_5440,5671.A4I628,5671.A4IAQ0,0.112
3369,LINJ_30_3430,LinJ_35_5450,5671.A4I628,5671.A4IAQ1,0.112
3370,LINJ_30_3430,LINJ_35_0030,5671.A4I628,5671.A4IAQ4,0.112
3377,LINJ_30_3610,LINJ_36_4380,5671.A4I646,5671.A4IE56,0.041
3378,LINJ_30_3610,LINJ_33_1690,5671.A4I646,5671.A4I931,0.06
3379,LINJ_30_3610,LINJ_19_0940,5671.A4I646,5671.E9AGS5,0.05
3380,LINJ_30_3610,LINJ_19_0960,5671.A4I646,5671.E9AGS6,0.05
3389,LINJ_31_0890,LINJ_24_0130,5671.A4I6I0,5671.E9AH25,0.098
3399,LINJ_31_1870,LINJ_24_0130,5671.A4I6V7,5671.E9AH25,0.043
3410,LINJ_31_1880,LINJ_24_0130,5671.A4I6V8,5671.E9AH25,0.043
3418,PGFS,LINJ_36_4380,5671.A4I6Z4,5671.A4IE56,0.084
3420,LINJ_31_2710,LINJ_26_0290,5671.A4I769,5671.E9AHB1,0.046
3421,LINJ_31_2710,LINJ.12.0830,5671.A4I769,5671.E9AGI7,0.046
3423,LINJ_31_2710,LINJ_36_4380,5671.A4I769,5671.A4IE56,0.068
3424,LINJ_31_2710,LINJ_32_3470,5671.A4I769,5671.A4I8F2,0.046
3425,LINJ_31_2710,LINJ_34_0150,5671.A4I769,5671.A4I9I3,0.09
3426,LINJ_31_2710,LINJ_34_0160,5671.A4I769,5671.A4I9I4,0.09
3427,LINJ_31_2710,mMDH,5671.A4I769,5671.A4I9I5,0.09
3428,LINJ_31_2710,LinJ_35_5450,5671.A4I769,5671.A4IAQ1,0.07
3429,LINJ_31_2710,LinJ_35_5440,5671.A4I769,5671.A4IAQ0,0.07
3430,LINJ_31_2710,LINJ_35_0030,5671.A4I769,5671.A4IAQ4,0.07
3431,LINJ_31_2710,PDI-2,5671.A4I769,5671.A4ICD5,0.049
3433,LINJ_31_2710,DHFR-TS,5671.A4I769,5671.Q8MQV3,0.186
3437,LINJ_31_2980,LINJ_36_4380,5671.A4I792,5671.A4IE56,0.084
3438,LINJ_31_3080,LINJ_36_4380,5671.A4I7A2,5671.A4IE56,0.098
3440,LINJ_31_3080,mMDH,5671.A4I7A2,5671.A4I9I5,0.041
3441,LINJ_31_3080,LINJ_34_0160,5671.A4I7A2,5671.A4I9I4,0.041
3442,LINJ_31_3080,LINJ_34_0150,5671.A4I7A2,5671.A4I9I3,0.041
3443,LINJ_31_3080,LINJ_31_3260,5671.A4I7A2,5671.A4I7C0,0.138
3444,LINJ_31_3080,LINJ_33_2860,5671.A4I7A2,5671.A4I9B2,0.137
3445,LINJ_31_3260,LINJ_34_0150,5671.A4I7C0,5671.A4I9I3,0.057
3446,LINJ_31_3260,mMDH,5671.A4I7C0,5671.A4I9I5,0.057
3447,LINJ_31_3260,LINJ_34_0160,5671.A4I7C0,5671.A4I9I4,0.057
3449,LINJ_31_3260,LINJ_33_2860,5671.A4I7C0,5671.A4I9B2,0.155
3463,LINJ_32_0470,LINJ_36_4380,5671.A4I7L0,5671.A4IE56,0.084
3483,LINJ_32_0520,LINJ_24_0130,5671.A4I7N3,5671.E9AH25,0.098
3517,LINJ_32_1930,LINJ_24_0130,5671.A4I7Z9,5671.E9AH25,0.098
3521,LINJ_32_1940,DHFR-TS,5671.A4I800,5671.Q8MQV3,0.06
3536,LINJ_32_2160,LINJ_24_0130,5671.A4I825,5671.E9AH25,0.098
3544,LINJ_32_3240,LINJ_24_0130,5671.A4I8C9,5671.E9AH25,0.043
3556,LINJ_32_3470,DHFR-TS,5671.A4I8F2,5671.Q8MQV3,0.06
3557,LINJ_32_3470,LINJ_31_2720,5671.A4I8F2,5671.E9AHL8,0.046
3558,LINJ_32_3470,GCVL-2,5671.A4I8F2,5671.A4I8F6,0.046
3559,LINJ_32_3470,PDI-2,5671.A4I8F2,5671.A4ICD5,0.052
3564,GCVL-2,LINJ.12.0830,5671.A4I8F6,5671.E9AGI7,0.046
3565,GCVL-2,LINJ_26_0290,5671.A4I8F6,5671.E9AHB1,0.046
3566,GCVL-2,LINJ_36_4380,5671.A4I8F6,5671.A4IE56,0.068
3567,GCVL-2,LINJ_34_0160,5671.A4I8F6,5671.A4I9I4,0.09
3568,GCVL-2,mMDH,5671.A4I8F6,5671.A4I9I5,0.09
3569,GCVL-2,LINJ_34_0150,5671.A4I8F6,5671.A4I9I3,0.09
3570,GCVL-2,LINJ_35_0030,5671.A4I8F6,5671.A4IAQ4,0.07
3571,GCVL-2,LinJ_35_5450,5671.A4I8F6,5671.A4IAQ1,0.07
3572,GCVL-2,LinJ_35_5440,5671.A4I8F6,5671.A4IAQ0,0.07
3573,GCVL-2,PDI-2,5671.A4I8F6,5671.A4ICD5,0.049
3575,GCVL-2,DHFR-TS,5671.A4I8F6,5671.Q8MQV3,0.186
3593,LINJ_33_1060,LINJ_33_2210,5671.A4I8W5,5671.A4I980,0.093
3610,LINJ_33_1690,LINJ_36_1840,5671.A4I931,5671.A4IDE7,0.111
3611,LINJ_33_1690,LINJ_19_0960,5671.A4I931,5671.E9AGS6,0.104
3612,LINJ_33_1690,LINJ_19_0940,5671.A4I931,5671.E9AGS5,0.104
3613,LINJ_33_1690,LINJ_34_3110,5671.A4I931,5671.A4IAA0,0.06
3614,LINJ_33_1690,LINJ_36_3570,5671.A4I931,5671.A4ID56,0.067
3615,LINJ_33_1690,LINJ_36_4380,5671.A4I931,5671.A4IE56,0.097
3627,LINJ_33_2210,LINJ_35_2080,5671.A4I980,5671.A4IBA6,0.093
3628,LINJ_33_2210,DHFR-TS,5671.A4I980,5671.Q8MQV3,0.175
3629,LINJ_33_2860,LinJ_35_5450,5671.A4I9B2,5671.A4IAQ1,0.147
3630,LINJ_33_2860,LinJ_35_5440,5671.A4I9B2,5671.A4IAQ0,0.147
3631,LINJ_33_2860,LINJ_35_0030,5671.A4I9B2,5671.A4IAQ4,0.147
3633,LINJ_33_2860,LINJ_24_1890,5671.A4I9B2,5671.E9AH89,0.096
3634,LINJ_33_2860,LINJ_35_1240,5671.A4I9B2,5671.A4IB17,0.096
3635,LINJ_33_2860,LINJ_35_1230,5671.A4I9B2,5671.A4IB16,0.096
3636,LINJ_33_2860,LINJ_36_3570,5671.A4I9B2,5671.A4ID56,0.096
3637,LINJ_33_2860,LINJ_36_4380,5671.A4I9B2,5671.A4IE56,0.099
3647,LINJ_33_2910,LINJ_03_0520,5671.A4I9B7,5671.E9AG43,0.066
3648,LINJ_33_2910,LINJ.12.0190,5671.A4I9B7,5671.E9AGB0,0.066
3682,LINJ_34_0030,LINJ_24_0130,5671.A4I9H1,5671.E9AH25,0.069
3693,LINJ_34_0150,DHFR-TS,5671.A4I9I3,5671.Q8MQV3,0.149
3694,LINJ_34_0150,LINJ_31_2720,5671.A4I9I3,5671.E9AHL8,0.09
3697,LINJ_34_0150,PGKB,5671.A4I9I3,5671.E9AGU0,0.075
3698,LINJ_34_0150,PGKC,5671.A4I9I3,5671.E9AGT9,0.075
3699,LINJ_34_0150,LinJ_35_5440,5671.A4I9I3,5671.A4IAQ0,0.095
3700,LINJ_34_0150,LINJ_35_0030,5671.A4I9I3,5671.A4IAQ4,0.095
3701,LINJ_34_0150,LinJ_35_5450,5671.A4I9I3,5671.A4IAQ1,0.095
3702,LINJ_34_0150,LINJ_36_1840,5671.A4I9I3,5671.A4IDE7,0.055
3703,LINJ_34_0160,DHFR-TS,5671.A4I9I4,5671.Q8MQV3,0.149
3704,LINJ_34_0160,LINJ_31_2720,5671.A4I9I4,5671.E9AHL8,0.09
3706,LINJ_34_0160,PGKB,5671.A4I9I4,5671.E9AGU0,0.075
3707,LINJ_34_0160,PGKC,5671.A4I9I4,5671.E9AGT9,0.075
3708,LINJ_34_0160,LinJ_35_5440,5671.A4I9I4,5671.A4IAQ0,0.095
3709,LINJ_34_0160,LINJ_35_0030,5671.A4I9I4,5671.A4IAQ4,0.095
3710,LINJ_34_0160,LinJ_35_5450,5671.A4I9I4,5671.A4IAQ1,0.095
3711,LINJ_34_0160,LINJ_36_1840,5671.A4I9I4,5671.A4IDE7,0.055
3712,mMDH,DHFR-TS,5671.A4I9I5,5671.Q8MQV3,0.149
3713,mMDH,LINJ_31_2720,5671.A4I9I5,5671.E9AHL8,0.09
3714,mMDH,LINJ_36_5410,5671.A4I9I5,5671.A4IDU0,0.055
3715,mMDH,PGKB,5671.A4I9I5,5671.E9AGU0,0.075
3716,mMDH,PGKC,5671.A4I9I5,5671.E9AGT9,0.075
3717,mMDH,LinJ_35_5440,5671.A4I9I5,5671.A4IAQ0,0.095
3718,mMDH,LINJ_35_0030,5671.A4I9I5,5671.A4IAQ4,0.095
3719,mMDH,LinJ_35_5450,5671.A4I9I5,5671.A4IAQ1,0.095
3720,mMDH,LINJ_36_1840,5671.A4I9I5,5671.A4IDE7,0.055
3723,LINJ_34_0990,LINJ_24_0130,5671.A4I9Q1,5671.E9AH25,0.043
3748,LINJ_34_3110,LINJ_36_4380,5671.A4IAA0,5671.A4IE56,0.041
3749,LINJ_34_3110,LINJ_19_0960,5671.A4IAA0,5671.E9AGS6,0.05
3750,LINJ_34_3110,LINJ_19_0940,5671.A4IAA0,5671.E9AGS5,0.05
3770,LINJ_34_4020,LINJ_24_0130,5671.A4IAJ0,5671.E9AH25,0.044
3778,LINJ_34_1900,HSP83,5671.A4IAM7,5671.E9AHM8,0.048
3781,LINJ_34_1900,DHFR-TS,5671.A4IAM7,5671.Q8MQV3,0.128
3783,LinJ_35_5440,LINJ.12.0190,5671.A4IAQ0,5671.E9AGB0,0.043
3784,LinJ_35_5440,LINJ_03_0520,5671.A4IAQ0,5671.E9AG43,0.043
3785,LinJ_35_5440,LINJ_31_2720,5671.A4IAQ0,5671.E9AHL8,0.07
3786,LinJ_35_5440,DHFR-TS,5671.A4IAQ0,5671.Q8MQV3,0.156
3787,LinJ_35_5440,PGKC,5671.A4IAQ0,5671.E9AGT9,0.112
3788,LinJ_35_5440,PGKB,5671.A4IAQ0,5671.E9AGU0,0.112
3789,LinJ_35_5450,LINJ_03_0520,5671.A4IAQ1,5671.E9AG43,0.043
3790,LinJ_35_5450,LINJ.12.0190,5671.A4IAQ1,5671.E9AGB0,0.043
3791,LinJ_35_5450,LINJ_31_2720,5671.A4IAQ1,5671.E9AHL8,0.07
3792,LinJ_35_5450,DHFR-TS,5671.A4IAQ1,5671.Q8MQV3,0.156
3793,LinJ_35_5450,PGKC,5671.A4IAQ1,5671.E9AGT9,0.112
3794,LinJ_35_5450,PGKB,5671.A4IAQ1,5671.E9AGU0,0.112
3795,LINJ_35_0030,LINJ_03_0520,5671.A4IAQ4,5671.E9AG43,0.043
3796,LINJ_35_0030,LINJ.12.0190,5671.A4IAQ4,5671.E9AGB0,0.043
3797,LINJ_35_0030,LINJ_31_2720,5671.A4IAQ4,5671.E9AHL8,0.07
3798,LINJ_35_0030,DHFR-TS,5671.A4IAQ4,5671.Q8MQV3,0.156
3799,LINJ_35_0030,PGKB,5671.A4IAQ4,5671.E9AGU0,0.112
3800,LINJ_35_0030,PGKC,5671.A4IAQ4,5671.E9AGT9,0.112
3814,LINJ_35_1230,LINJ_36_1840,5671.A4IB16,5671.A4IDE7,0.068
3815,LINJ_35_1230,LINJ_36_5410,5671.A4IB16,5671.A4IDU0,0.068
3816,LINJ_35_1230,DHFR-TS,5671.A4IB16,5671.Q8MQV3,0.043
3817,LINJ_35_1240,LINJ_36_1840,5671.A4IB17,5671.A4IDE7,0.068
3818,LINJ_35_1240,LINJ_36_5410,5671.A4IB17,5671.A4IDU0,0.068
3819,LINJ_35_1240,DHFR-TS,5671.A4IB17,5671.Q8MQV3,0.043
3821,LINJ_35_1270,LINJ_03_0520,5671.A4IB20,5671.E9AG43,0.045
3824,LINJ_35_1310,LINJ_03_0520,5671.A4IB24,5671.E9AG43,0.066
3827,LINJ_35_1310,LINJ.12.0190,5671.A4IB24,5671.E9AGB0,0.066
3850,LINJ_35_3880,LINJ.12.0190,5671.A4IBS2,5671.E9AGB0,0.088
3851,LINJ_35_3880,LINJ_03_0520,5671.A4IBS2,5671.E9AG43,0.088
3864,DMC1,LINJ_28_1910,5671.A4IC25,5671.E9AHG7,0.05
3865,DMC1,DHFR-TS,5671.A4IC25,5671.Q8MQV3,0.121
3882,PDI-2,LINJ_31_2720,5671.A4ICD5,5671.E9AHL8,0.049
3883,LINJ_36_2850,DHFR-TS,5671.A4ICH8,5671.Q8MQV3,0.069
3884,LINJ_36_1420,LINJ_19_0150,5671.A4ICJ9,5671.E9AGR8,0.045
3885,LINJ_36_1420,LINJ_24_0130,5671.A4ICJ9,5671.E9AH25,0.053
3890,LINJ_36_1420,LINJ_03_0520,5671.A4ICJ9,5671.E9AG43,0.045
3893,LINJ_36_1420,LINJ.12.0190,5671.A4ICJ9,5671.E9AGB0,0.045
3898,LINJ_36_0970,LINJ_24_0130,5671.A4ICP3,5671.E9AH25,0.043
3929,LINJ_36_3570,LINJ_36_5410,5671.A4ID56,5671.A4IDU0,0.068
3930,LINJ_36_3570,LINJ_36_1840,5671.A4ID56,5671.A4IDE7,0.068
3931,LINJ_36_3570,DHFR-TS,5671.A4ID56,5671.Q8MQV3,0.043
3935,LINJ_36_1730,LINJ_03_0520,5671.A4IDD6,5671.E9AG43,0.088
3936,LINJ_36_1730,LINJ.12.0190,5671.A4IDD6,5671.E9AGB0,0.088
3939,LINJ_36_1840,LINJ_24_1890,5671.A4IDE7,5671.E9AH89,0.068
3940,LINJ_36_1840,LINJ_19_0960,5671.A4IDE7,5671.E9AGS6,0.088
3941,LINJ_36_1840,LINJ_19_0940,5671.A4IDE7,5671.E9AGS5,0.088
3942,LINJ_36_1840,DHFR-TS,5671.A4IDE7,5671.Q8MQV3,0.147
3943,LINJ_36_1840,LINJ_36_4380,5671.A4IDE7,5671.A4IE56,0.111
3944,LINJ_36_2130,DHFR-TS,5671.A4IDH4,5671.Q8MQV3,0.06
3949,LINJ_36_2140,DHFR-TS,5671.A4IDH5,5671.Q8MQV3,0.06
3960,LINJ_36_5410,LINJ_24_1890,5671.A4IDU0,5671.E9AH89,0.068
3961,LINJ_36_5410,LINJ_19_0960,5671.A4IDU0,5671.E9AGS6,0.088
3962,LINJ_36_5410,LINJ_19_0940,5671.A4IDU0,5671.E9AGS5,0.088
3963,LINJ_36_5410,DHFR-TS,5671.A4IDU0,5671.Q8MQV3,0.147
3964,LINJ_36_5410,LINJ_36_4380,5671.A4IDU0,5671.A4IE56,0.111
3965,LINJ_36_5500,DHFR-TS,5671.A4IDU8,5671.Q8MQV3,0.257
3974,RPT6,LINJ_24_0130,5671.A4IE38,5671.E9AH25,0.045
3980,LINJ_36_4380,LINJ_24_0130,5671.A4IE56,5671.E9AH25,0.044
3981,LINJ_36_4380,LINJ_19_0960,5671.A4IE56,5671.E9AGS6,0.142
3982,LINJ_36_4380,LINJ_19_0940,5671.A4IE56,5671.E9AGS5,0.142
3984,LINJ_36_4380,LINJ_31_2720,5671.A4IE56,5671.E9AHL8,0.068
3985,LINJ_36_4380,DHFR-TS,5671.A4IE56,5671.Q8MQV3,0.045
3992,LINJ_03_0520,LINJ_24_0130,5671.E9AG43,5671.E9AH25,0.041
3995,LINJ_03_0520,LINJ_24_0170,5671.E9AG43,5671.E9AH29,0.045
4007,LINJ.12.0190,LINJ_24_0130,5671.E9AGB0,5671.E9AH25,0.041
4008,LINJ.12.0190,LINJ_24_0170,5671.E9AGB0,5671.E9AH29,0.045
4015,LINJ.12.0830,LINJ_31_2720,5671.E9AGI7,5671.E9AHL8,0.046
4016,DHODH,DHFR-TS,5671.E9AGN2,5671.Q8MQV3,0.051
4017,LINJ_16_0680,DHFR-TS,5671.E9AGN4,5671.Q8MQV3,0.257
4019,LINJ_19_0150,LINJ_21_1330,5671.E9AGR8,5671.E9AGX7,0.068
4020,LINJ_19_0150,LINJ_24_0170,5671.E9AGR8,5671.E9AH29,0.045
4022,LINJ_19_0150,DHFR-TS,5671.E9AGR8,5671.Q8MQV3,0.099
4026,LINJ_21_1330,DHFR-TS,5671.E9AGX7,5671.Q8MQV3,0.06
4034,LINJ_24_0130,LINJ_24_0170,5671.E9AH25,5671.E9AH29,0.053
4036,LINJ_24_0130,LINJ_24_0260,5671.E9AH25,5671.E9AH38,0.044
4038,LINJ_24_0130,DHFR-TS,5671.E9AH25,5671.Q8MQV3,0.145
4041,LINJ_24_0130,LINJ_33_2520,5671.E9AH25,5671.E9AHQ7,0.074
4042,LINJ_24_0130,HSP83,5671.E9AH25,5671.E9AHM8,0.074
4043,LINJ_24_0130,HSP83-2,5671.E9AH25,5671.E9AHM9,0.074
4048,LINJ_24_0260,DHFR-TS,5671.E9AH38,5671.Q8MQV3,0.132
4051,LINJ_24_1790,LINJ_28_1910,5671.E9AH79,5671.E9AHG7,0.055
4054,LINJ_24_1890,DHFR-TS,5671.E9AH89,5671.Q8MQV3,0.043
4055,LINJ_26_0290,LINJ_31_2720,5671.E9AHB1,5671.E9AHL8,0.046
4059,LINJ_28_1910,LINJ_33_2620,5671.E9AHG7,5671.E9AHR7,0.05
4063,LINJ_31_2720,DHFR-TS,5671.E9AHL8,5671.Q8MQV3,0.186
4065,LINJ_33_2620,DHFR-TS,5671.E9AHR7,5671.Q8MQV3,0.121
4066,AAH,DHFR-TS,5671.E9AHV7,5671.Q8MQV3,0.193
4067,cpb,DHFR-TS,5671.Q7K8Z6,5671.Q8MQV3,0.066
4068,SIR2RP1,DHFR-TS,5671.Q8I6E4,5671.Q8MQV3,0.128
