Node_names,degree,eigenvector,closeness,current_flow_closeness,betweeness,cf_betweenness,comm_betweenness,load_centrality,harmonic_centrality,laplacian_centrality,percolation_centrality,second_order_centrality,local_reaching_centrality,participation_coeff
511145.b1262,0.3125,0.1083855442164899,0.5925925925925926,0.1357689297014267,0.0020833333333333333,0.0790899547803618,0.13549652703084974,0.0020833333333333333,10.5,0.08810572687224633,0.0020833333333333333,41.438569458412665,0.65625,0.0
511145.b1264,0.25,0.09806553199771992,0.5714285714285714,0.12310408378712052,0.0,0.05730377906976744,0.10468921441254865,0.0,10.0,0.07488986784140933,0.0,46.14511992641537,0.625,0.0
511145.b1263,0.3125,0.1083855442164899,0.5925925925925926,0.1357689297014267,0.0020833333333333333,0.07908995478036175,0.13549652703084986,0.0020833333333333333,10.5,0.088105726872247,0.0020833333333333333,41.438569458412644,0.65625,0.0
511145.b2551,0.5625,0.2942678017809217,0.6956521739130435,0.17447905659579865,0.0,0.07572916666666665,0.48898215563594005,0.0,12.5,0.2041116005873716,0.0,28.778464170278436,0.78125,0.0
511145.b3708,0.125,0.07498947214350551,0.5333333333333333,0.0856065664881814,0.0,0.011197916666666667,0.04926957467559946,0.0,9.0,0.04992657856093978,0.0,63.75735251718029,0.5625,0.0
511145.b3117,0.5625,0.2942678017809217,0.6956521739130435,0.17447905659579868,0.0,0.07572916666666665,0.48898215563594033,0.0,12.5,0.2041116005873721,0.0,28.778464170278436,0.78125,0.0
511145.b3772,0.5625,0.2942678017809217,0.6956521739130435,0.1744790565957987,0.0,0.07572916666666668,0.48898215563594033,0.0,12.5,0.2041116005873721,0.0,28.778464170278436,0.78125,0.0
511145.b4388,0.5625,0.2942678017809217,0.6956521739130435,0.17447905659579865,0.0,0.07572916666666667,0.48898215563594033,0.0,12.5,0.2041116005873721,0.0,28.778464170278436,0.78125,0.0
511145.b4471,0.5625,0.2942678017809217,0.6956521739130435,0.1744790565957987,0.0,0.07572916666666663,0.48898215563594033,0.0,12.5,0.2041116005873721,0.0,28.778464170278436,0.78125,0.0
511145.b2797,0.5625,0.2942678017809217,0.6956521739130435,0.1744790565957987,0.0,0.07572916666666667,0.48898215563594033,0.0,12.5,0.2041116005873721,0.0,28.778464170278436,0.78125,0.0
511145.b2021,0.0625,0.0376877348011176,0.5161290322580645,0.050890334288348986,0.0,0.0,0.012650156081735522,0.0,8.5,0.024963289280470057,0.0,91.65151389911671,0.53125,0.0
511145.b1814,0.5625,0.2942678017809217,0.6956521739130435,0.17447905659579863,0.0,0.07572916666666668,0.48898215563594044,0.0,12.5,0.2041116005873716,0.0,28.778464170278436,0.78125,0.0
511145.b2585,0.5625,0.2942678017809217,0.6956521739130435,0.17447905659579863,0.0,0.07572916666666667,0.48898215563594033,0.0,12.5,0.2041116005873716,0.0,28.778464170278436,0.78125,0.0
511145.b1261,0.9375,0.35040691009885655,0.9411764705882353,0.20941983400637193,0.23263888888888887,0.3376905684754521,0.7514839320611467,0.23263888888888887,15.5,0.34067547723935376,0.23263888888888887,17.549928774784245,0.96875,0.12444444444444447
511145.b1260,1.0,0.35403288259483523,1.0,0.21504928212715418,0.35763888888888884,0.4272012273901808,0.7950223110273779,0.35763888888888884,16.0,0.3641703377386196,0.35763888888888884,15.491933384829668,1.0,0.2265625
511145.b1812,0.3125,0.10726395144572785,0.5925925925925926,0.13637895376727027,0.005555555555555555,0.09399022932816538,0.1340036272467117,0.005555555555555554,10.5,0.08663729809104305,0.005555555555555555,41.221748606039675,0.65625,0.0
511145.b1015,0.1875,0.08640809889124644,0.5517241379310345,0.10741999448327552,0.0,0.040358527131782944,0.07508501848831622,0.0,9.5,0.0616740088105735,0.0,52.674295394896696,0.59375,0.0
