,UniProt,Metric_score,Metric_simiscore
1,Q6GTV1,1.0,1.924
2,O75469,0.072,1.896
6,P03372,0.01,1.827
7,Q92731,0.009,1.827
9,Q96KP2,0.224,1.82
10,Q96QA4,0.385,1.817
11,A0AVH1,0.037,1.795
12,Q13285,0.01,1.794
13,P51843,0.075,1.794
14,Q9BRU5,0.052,1.785
15,O14672,0.035,1.781
16,P21728,0.019,1.775
17,B2Z3B1,0.087,1.773
18,B3KPJ9,0.055,1.768
19,Q6PGR0,0.052,1.766
20,Q00535,0.117,1.764
21,Q1HVG2,0.103,1.759
22,A8K7S9,0.069,1.759
23,B4DGL9,0.035,1.757
25,B2RE69,0.189,1.734
26,Q6LAE7,0.134,1.732
27,P30083,0.176,1.728
28,P48999,0.241,1.728
30,P48736,0.005,1.719
31,P42336,0.006,1.719
32,O00329,0.002,1.719
33,P42338,0.002,1.719
34,Q8NEB9,0.002,1.719
38,Q9XUB2,0.251,1.703
39,Q13547,0.034,1.703
40,P10520,0.37,1.703
41,Q9U1F8,0.087,1.7
42,O96935,0.035,1.7
43,D6W1J2,0.034,1.7
44,P41145,0.087,1.699
45,D3DKU9,0.083,1.696
46,O00576,0.506,1.696
47,P35398,0.289,1.694
48,Q13414,0.087,1.693
49,Q13255,0.018,1.691
50,P42574,0.006,1.689
51,Q96LD8,0.012,1.689
52,Q01158,0.018,1.688
53,Q14178,0.12,1.687
54,P06935,0.018,1.684
55,A6NG28,0.151,1.682
56,Q9UJN0,0.051,1.681
61,Q9HC29,0.036,1.676
63,Q5T5I0,0.018,1.674
64,Q5TF77,0.101,1.673
65,Q6LEF3,0.067,1.673
66,P18031,0.051,1.672
68,P37136,0.018,1.668
70,Q3MIS5,0.102,1.667
71,A5U4E7,0.034,1.665
72,Q53YK2,0.252,1.662
73,Q86YG6,0.018,1.662
74,Q27757,0.118,1.659
75,P49285,0.066,1.658
76,Q7Z5I2,0.068,1.656
77,Q9NYN8,0.086,1.655
78,P49146,0.018,1.652
79,P0AE18,0.035,1.652
80,P09467,0.018,1.652
81,Q16770,0.068,1.65
82,P06213,0.101,1.647
83,B2R5V1,0.119,1.645
84,Q5JQ14,0.084,1.645
85,B4E0U4,0.05,1.643
86,Q6IAV1,0.034,1.641
88,Q4VAZ3,0.034,1.639
89,Q5RD73,0.1,1.639
90,Q8IUZ9,0.017,1.639
92,P37059,0.135,1.637
93,Q9BQV9,0.017,1.636
95,P28223,0.017,1.633
96,Q9QYN6,0.017,1.63
97,Q9H3N8,0.025,1.629
98,P04642,0.034,1.629
99,P46098,0.059,1.629
100,P28562,0.017,1.624
101,P52333,0.017,1.622
102,Q13297,0.034,1.621
103,P24941,0.009,1.617
104,P06493,0.009,1.617
105,Q5SZ84,0.381,1.617
106,P30679,0.015,1.614
107,P24666,0.049,1.614
108,Q96RJ0,0.068,1.614
109,P78368,0.034,1.614
110,Q5TDF8,0.034,1.613
111,P47989,0.067,1.613
112,Q6B0D9,0.214,1.61
113,P16111,0.017,1.608
114,O89115,0.034,1.608
115,Q05397,0.017,1.607
116,Q86U52,0.033,1.605
117,Q658S6,0.083,1.605
118,Q9Y2R2,0.003,1.605
120,A6NGP4,0.082,1.603
121,Q8N580,0.017,1.602
122,Q6MZQ9,0.083,1.601
123,P19327,0.017,1.601
124,Q5VUD3,0.017,1.6
126,P34969,0.01,1.599
127,P28221,0.007,1.599
129,O95064,0.034,1.598
130,Q64346,0.017,1.598
131,P53582,0.009,1.598
132,P50579,0.009,1.598
133,O60674,0.026,1.597
134,Q5S007,0.077,1.597
136,P12527,0.1,1.596
137,Q9UHP8,0.099,1.596
138,C4ZPT0,0.017,1.594
139,P29274,0.082,1.594
140,A8K684,0.033,1.592
141,Q99555,0.017,1.591
143,Q02127,0.034,1.591
144,Q6T851,0.017,1.59
146,O43793,0.066,1.59
147,P35414,0.033,1.589
148,P09923,0.017,1.589
149,P80457,0.017,1.589
150,P08659,0.017,1.589
151,Q9BRD5,0.034,1.589
152,A8K7P8,0.034,1.588
153,Q7D5I3,0.05,1.588
154,Q9H3N6,0.033,1.587
155,O60865,0.033,1.587
156,O09798,0.017,1.584
157,P05187,0.025,1.583
158,P34972,0.07,1.583
159,P21554,0.029,1.583
160,P09923,0.025,1.583
161,P06582,0.012,1.582
162,P34707,0.038,1.582
163,A0AVC5,0.017,1.582
164,P25099,0.017,1.579
165,B2R6R3,0.099,1.578
166,Q17339,0.017,1.578
167,Q9NP28,0.05,1.578
168,P00736,0.066,1.577
169,P00748,0.05,1.576
170,P07943,0.017,1.575
171,P04993,0.017,1.574
172,B2R954,0.017,1.573
174,F8WFD1,0.05,1.573
175,A8K7C4,0.033,1.571
176,P00915,0.083,1.57
178,A8K684,0.017,1.57
180,Q92534,0.017,1.57
182,Q16781,0.114,1.568
183,Q5TDH8,0.017,1.567
184,A2A3P4,0.05,1.566
185,Q13547,0.017,1.564
187,Q7Z7P3,0.033,1.563
188,O35380,0.065,1.563
189,P11086,0.017,1.563
190,P51050,0.033,1.562
192,Q5TDH8,0.066,1.562
193,P31424,0.081,1.562
195,Q80BV7,0.033,1.561
196,Q69127,0.05,1.56
197,Q05397,0.017,1.56
198,P55245,0.033,1.559
199,Q5BKA3,0.017,1.559
200,Q60492,0.017,1.558
201,Q63817,0.033,1.556
202,P07099,0.049,1.555
203,Q2XNE0,0.017,1.554
204,Q14CW1,0.017,1.553
205,P48145,0.017,1.552
206,A8K7C6,0.033,1.551
207,O75100,0.017,1.551
210,O14757,0.082,1.55
211,A2RRR5,0.033,1.55
213,Q9UER8,0.017,1.549
214,P11712,0.009,1.548
215,P08684,0.008,1.548
216,P10635,0.01,1.548
217,P20813,0.006,1.548
218,P33261,0.025,1.548
219,Q2PP02,0.049,1.548
220,Q4VBM8,0.017,1.547
221,Q9NZR3,0.017,1.547
222,O94760,0.017,1.547
223,P16083,0.017,1.547
224,P35563,0.033,1.547
225,Q6FI12,0.016,1.546
226,Q4QRI7,0.033,1.545
227,O60723,0.065,1.545
228,O43297,0.016,1.545
229,O14965,0.016,1.544
231,Q86UN8,0.016,1.544
232,P00533,0.033,1.544
233,O42713,0.033,1.543
234,P10938,0.016,1.542
235,Q05941,0.016,1.542
236,Q91YW9,0.016,1.541
237,P56658,0.016,1.541
238,Q9UCV5,0.016,1.54
239,A8K3M7,0.016,1.54
241,P11229,0.016,1.538
242,O09184,0.016,1.538
243,Q53TF2,0.016,1.537
244,Q9NTG7,0.005,1.537
245,Q96EB6,0.005,1.537
246,Q8IXJ6,0.005,1.537
247,P29275,0.081,1.537
248,O42275,0.033,1.535
249,Q9BZZ9,0.016,1.535
250,Q6GTR7,0.016,1.535
251,A4D0Q6,0.033,1.535
252,Q32MN8,0.016,1.534
253,P16885,0.016,1.534
254,O75583,0.016,1.533
255,Q9BV08,0.016,1.532
256,A6NDY6,0.016,1.532
257,P05177,0.047,1.53
259,Q16014,0.049,1.53
260,P17612,0.016,1.529
261,D3DTE4,0.032,1.529
262,P28593,0.016,1.528
263,A8K1L3,0.016,1.528
264,Q16876,0.016,1.527
265,P34914,0.016,1.527
266,P00766,0.016,1.527
267,Q8IWF5,0.032,1.527
268,P35355,0.016,1.527
269,P00766,0.033,1.526
270,Q8HZN8,0.016,1.525
271,P14416,0.029,1.525
272,Q9ULY6,0.016,1.525
273,Q6I9S0,0.146,1.525
274,Q12809,0.003,1.525
275,Q16539,0.003,1.524
276,P45983,0.004,1.524
277,P53779,0.009,1.524
278,Q13757,0.032,1.524
279,D6VYP2,0.016,1.523
280,P20288,0.016,1.523
281,P42338,0.016,1.523
283,P00811,0.016,1.523
284,Q923Y8,0.016,1.522
285,P05181,0.003,1.522
286,P46598,0.016,1.522
287,Q9QZC0,0.016,1.522
288,Q9UD95,0.032,1.521
289,P09917,0.016,1.52
290,P34913,0.0,1.52
291,Q9R1J7,0.032,1.519
292,Q540B4,0.016,1.519
293,O75116,0.011,1.518
294,P00176,0.013,1.518
295,P00185,0.004,1.518
296,Q13464,0.006,1.518
297,P29476,0.016,1.517
299,Q06609,0.049,1.517
300,Q80VZ2,0.016,1.517
301,P27338,0.005,1.516
302,P21397,0.011,1.516
303,Q99720,0.016,1.515
304,B1AQK5,0.016,1.514
305,Q14DC2,0.016,1.514
306,P21917,0.016,1.513
307,Q9HD69,0.016,1.513
308,P45452,0.016,1.513
309,Q9BTA5,0.016,1.513
310,P04578,0.016,1.512
311,P23385,0.016,1.512
314,P07817,0.016,1.511
315,P43235,0.016,1.511
317,P18901,0.032,1.511
318,P0AEK4,0.016,1.51
319,O60674,0.016,1.51
320,P16184,0.016,1.509
321,O35430,0.016,1.509
322,Q4KTA8,0.016,1.509
323,P00915,0.016,1.509
