,Gene,UniProt,Metric
0,CSNK1D,P48730,0.090533089146
1,XIAP,P98170,0.090533089146
2,CCNE1,P24864,0.0524239602665
3,CDK2,P24941,0.0524239602665
4,CTSK,P43235,0.0428942118511
5,ITK,Q08881,0.0428942118511
6,DRD2,P14416,0.0428942118511
7,HTR2C,P28335,0.0428942118511
8,HDAC1,Q13547,0.0428942118511
9,GABRB3,P28472,0.0428942118511
10,GABRA3,P34903,0.0428942118511
11,GABRG2,P18507,0.0428942118511
12,GABRB3,P28472,0.0428942118511
13,GABRG2,P18507,0.0428942118511
14,GABRA1,P14867,0.0428942118511
15,GABRB3,P28472,0.0428942118511
16,GABRG2,P18507,0.0428942118511
17,GABRA5,P31644,0.0428942118511
18,GABRA2,P47869,0.0428942118511
19,GABRB3,P28472,0.0428942118511
20,GABRG2,P18507,0.0428942118511
21,PDE7A,Q13946,0.0428942118511
22,ADORA3,P0DMS8,0.0428942118511
23,CDC7,O00311,0.0428942118511
24,CASP3,P42574,0.0428942118511
25,ADORA1,P30542,0.0428942118511
26,ADORA2A,P29274,0.0428942118511
27,HSP90AA1,P07900,0.0428942118511
28,PIK3CG,P48736,0.0428942118511
29,GRM4,Q14833,0.0428942118511
30,EGFR,P00533,0.0428942118511
31,PPP1CA,P62136,0.0428942118511
32,ALPL,P05186,0.0428942118511
33,AURKA,O14965,0.0428942118511
34,PRKCA,P17252,0.0428942118511
35,BRD4,O60885,0.0428942118511
36,BRD2,P25440,0.0428942118511
37,BRDT,Q58F21,0.0428942118511
38,BRD3,Q15059,0.0428942118511
39,CASP7,P55210,0.0428942118511
40,CDK2,P24941,0.0428942118511
41,CCNA1,P78396,0.0428942118511
42,CCNA2,P20248,0.0428942118511
43,DYRK1A,Q13627,0.0428942118511
44,KCNN1,Q92952,0.0428942118511
45,KCNN3,Q9UGI6,0.0428942118511
46,MBD2,Q9UBB5,0.0428942118511
47,KCNN2,Q9H2S1,0.0428942118511
48,BCHE,P06276,0.0428942118511
49,QPCT,Q16769,0.0428942118511
50,LCK,P06239,0.0428942118511
51,PDE4B,Q07343,0.0428942118511
52,CYP11B1,P15538,0.0428942118511
53,CYP11B2,P19099,0.0428942118511
54,MAOB,P27338,0.0428942118511
55,SHH,Q15465,0.0428942118511
56,TDP2,O95551,0.0428942118511
57,PIK3CA,P42336,0.0428942118511
58,GABRA5,P31644,0.0428942118511
59,DRD3,P35462,0.0428942118511
60,ADORA2B,P29275,0.0428942118511
61,CYP19A1,P11511,0.0428942118511
62,BRPF1,P55201,0.0428942118511
63,ABL1,P00519,0.0428942118511
64,APP,P05067,0.0428942118511
65,CTSS,P25774,0.0428942118511
66,ELANE,P08246,0.0428942118511
67,HSP90AB1,P08238,0.0428942118511
68,F2,P00734,0.0428942118511
69,DUSP3,P51452,0.0428942118511
70,PLAU,P00749,0.0428942118511
71,TYK2,P29597,0.0428942118511
72,EPHX2,P34913,0.0428942118511
73,CBFB,Q13951,0.0428942118511
74,MPO,P05164,0.0428942118511
75,PTK2,Q05397,0.0428942118511
76,RGS4,P49798,0.0428942118511
77,RGS8,P57771,0.0428942118511
78,IRAK4,Q9NWZ3,0.0428942118511
79,PIM1,P11309,0.0428942118511
80,CXCR2,P25025,0.0428942118511
81,PIM2,Q9P1W9,0.0428942118511
82,P2RX7,Q99572,0.0428942118511
83,PDE2A,O00408,0.0428942118511
84,USP10,Q14694,0.0428942118511
85,USP13,Q92995,0.0428942118511
86,GAK,O14976,0.0428942118511
87,TNKS2,Q9H2K2,0.0428942118511
88,TNKS,O95271,0.0428942118511
89,JAK1,P23458,0.0428942118511
90,JAK2,O60674,0.0428942118511
91,PABPC1,P11940,0.0428942118511
92,PRSS1,P07477,0.0428942118511
93,PTGS2,P35354,0.0428942118511
94,DAPK3,O43293,0.0428942118511
95,METAP2,P50579,0.0428942118511
96,C1R,P00736,0.0428942118511
97,CCNE1,P24864,0.0428942118511
98,CDK3,Q00526,0.0428942118511
99,SCN5A,Q14524,0.0428942118511
100,CCND3,P30281,0.0428942118511
101,CCND1,P24385,0.0428942118511
102,CDK4,P11802,0.0428942118511
103,CCND2,P30279,0.0428942118511
104,JAK3,P52333,0.0428942118511
105,PGK1,P00558,0.0428942118511
106,SCN9A,Q15858,0.0428942118511
107,KDM4C,Q9H3R0,0.0428942118511
108,HSP90B1,P14625,0.0428942118511
109,IDH1,O75874,0.0428942118511
110,CCNE2,O96020,0.0428942118511
111,CDK2,P24941,0.0428942118511
112,CCNE1,P24864,0.0428942118511
113,ALK,Q9UM73,0.0428942118511
114,PARP2,Q9UGN5,0.0428942118511
115,KCNH2,Q12809,0.0428942118511
116,PTGS1,P23219,0.0428942118511
