,UniProt,Metric
0,P31749,0.001
1,P34998,0.0
2,P31213,0.0
3,P34995,0.0
4,Q9BY41,0.0
5,P08575,0.179
6,P03372,0.001
7,P08473,0.0
8,P20272,0.0
9,Q14524,0.005
10,P18031,0.001
11,P08183,0.0
12,P18130,0.002
13,P79208,0.0
14,O43614,0.0
15,Q05397,0.0
16,P00766,0.0
17,O35433,0.007
18,P00760,0.002
19,Q9Y2R2,0.001
20,P05177,0.698
21,P51677,0.0
22,P07858,0.0
23,Q9Y5Y4,0.0
24,Q9H244,0.0
25,P30291,0.0
26,P29089,0.0
27,P33765,0.003
28,Q07422,0.0
29,P25104,0.0
30,P25105,0.0
31,P63001,0.004
32,P14600,0.0
33,P25100,0.0
34,P05622,0.0
35,Q14416,0.0
36,P08842,0.0
37,P16116,0.0
38,P10827,0.0
39,P10826,0.0
40,Q13085,0.975
41,P10828,0.0
42,P10275,0.0
43,P10276,0.0
44,P15121,0.068
45,P56658,0.0
46,P19320,0.006
47,Q96EB6,0.039
48,Q07912,0.0
49,P19327,0.0
50,O00767,0.0
51,O43193,0.0
52,O00763,0.003
53,O00408,0.0
54,Q9UM73,0.0
55,Q6B856,0.0
56,Q01727,0.0
57,Q01726,0.0
58,P18084,0.0
59,P08253,0.0
60,P80365,0.0
61,P25929,0.032
62,P18089,0.021
63,P35368,0.0
64,P35367,0.001
65,Q15722,0.0
66,P09917,0.0
67,P21451,0.0
68,P21452,0.0
69,P21453,0.095
70,Q07820,0.007
71,Q494W8,0.076
72,Q02156,0.0
73,Q8TDS4,0.0
74,P36544,0.331
75,Q04631,0.0
76,P12268,0.0
77,P50052,0.0
78,P19099,0.0
79,P43140,0.0
80,P49286,0.0
81,P13497,0.0
82,P04035,0.0
83,P46098,0.0
84,P06401,0.0
85,P51452,0.999
86,P35563,0.0
87,O14672,0.0
88,Q9P1W9,0.0
89,P23795,0.0
90,Q92847,0.0
91,P50579,0.0
92,P37268,0.0
93,P09960,0.042
94,P30542,0.075
95,P30543,0.0
96,P23944,0.0
97,Q9R0C9,0.0
98,P31639,0.0
99,P25774,0.0
100,P25779,0.0
101,Q5S007,0.0
102,P30729,0.28
103,P34972,0.002
104,P37288,0.0
105,Q04759,0.0
106,P23458,0.985
107,P25025,0.0
108,P25024,0.0
109,P41968,0.0
110,P25021,0.001
111,P12822,0.0
112,P12821,0.0
113,P04049,0.526
114,P00750,0.016
115,P43119,0.0
116,Q02750,0.0
117,P32240,0.0
118,P52333,0.0
119,Q04206,1.0
120,P49759,0.034
121,P55245,0.0
122,P04626,0.0
123,P11802,0.0
124,P04629,0.0
125,P54760,0.0
126,P05106,0.0
127,Q13946,0.0
128,P17706,0.017
129,P51679,0.0
130,P56817,0.0
131,Q12809,0.002
132,Q00535,0.001
133,P13631,0.0
134,O43497,0.0
135,P25099,0.0
136,P51639,0.0
137,P11362,0.0
138,P41144,0.0
139,P41145,0.0
140,P41146,0.0
141,Q15761,1.0
142,P41143,0.0
143,P09619,0.002
144,Q8IXJ6,0.0
145,P33032,0.0
146,P21918,0.0
147,P21917,0.0
148,P78396,0.0
149,P42866,0.0
150,P43088,0.0
151,P48147,0.001
152,P48145,0.0
153,P14740,0.0
154,P21980,0.0
155,P35610,0.0
156,P42345,0.289
157,Q9Y243,0.0
158,Q00788,0.0
159,P10980,0.0
160,P11511,0.0
161,P08069,0.0
162,P23385,0.029
163,P35354,0.0
164,P35353,0.0
165,P35218,0.101
166,O60725,0.0
167,P22460,0.0
168,Q29463,0.0
169,P05362,0.0
170,P62993,0.0
171,P05364,0.001
172,P48736,0.008
173,Q02127,1.0
174,P00374,0.0
175,P00375,0.0
176,P16234,0.003
177,P28702,0.0
178,P43405,0.0
179,P08588,0.0
180,P43403,0.0
181,Q00960,0.0
182,Q92731,0.0
183,P08581,0.0
184,Q920D2,0.0
185,P80457,0.0
186,P07711,0.0
187,Q03181,0.0
188,P49137,0.0
189,P40238,0.002
190,P34913,0.111
191,Q06187,0.0
192,P20288,0.0
193,Q13639,0.0
194,P47936,0.0
195,P36897,0.0
196,P01375,0.0
197,Q8NER1,0.013
198,P30518,0.0
199,P05067,0.0
200,P27338,0.0
201,P25103,0.0
202,Q99705,0.0
203,Q62053,0.0
204,P08311,0.077
205,Q9Y5Z0,0.0
206,Q95323,0.0
207,P25101,0.0
208,Q13258,0.0
209,P29371,0.0
210,P25116,0.0
211,P26684,0.0
212,P30939,0.109
213,P08912,0.0
214,P08913,0.0
215,O43613,0.155
216,P49810,0.0
217,P29274,0.116
218,P29275,0.0
219,Q9QZN9,0.0
220,P19643,0.0
221,P41180,0.0
222,P31390,0.0
223,P31391,0.0
224,Q14790,0.0
225,Q02769,0.0
226,Q15077,0.0
227,O43570,0.0
228,Q13464,0.97
229,Q02763,0.002
230,Q15078,0.0
231,P24941,0.62
232,P49355,0.0
233,Q62758,0.0
234,P49356,0.0
235,P05093,0.0
236,Q9ULX7,0.0
237,P07478,0.0
238,P29476,0.975
239,P29477,0.023
240,P29474,1.0
241,P29475,0.994
242,P07477,0.0
243,P21397,0.0
244,P21396,0.0
245,P61169,0.0
246,P28221,0.0
247,P28222,0.0
248,P28223,0.0
249,P08631,0.0
250,Q15759,0.001
251,P29597,0.0
252,P19634,0.001
253,P35408,0.0
254,P41149,0.0
255,Q08881,0.0
256,P00533,0.0
257,P19793,0.0
258,P07333,0.0
259,P07339,0.0
260,P05979,0.0
261,P21728,0.003
262,P14416,0.001
263,P08709,0.0
264,P14555,0.0
265,P28647,0.0
266,O42275,0.0
267,P47900,0.0
268,P35968,0.058
269,P24530,0.0
270,P35557,0.0
271,P08684,0.001
272,Q9HC16,0.497
273,P23219,0.0
274,P35228,0.0
275,P52732,0.0
276,O60674,0.001
277,Q16790,0.0
278,P30559,0.0
279,P30411,0.0
280,Q99500,0.0
281,P30553,0.0
282,P30551,0.0
283,P30557,0.0
284,P30556,0.0
285,P70536,0.0
286,P42892,0.0
287,P98170,0.0
288,P56450,0.0
289,P20444,0.0
290,P05556,0.0
291,P14174,0.427
292,P06737,0.0
293,P53350,0.0
294,P45984,0.34
295,O42713,0.968
296,P53609,0.0
297,Q13133,0.0
298,P45983,0.063
299,P04054,0.717
300,Q04609,0.0
301,P08235,0.0
302,P23443,0.002
303,P04058,0.683
304,P15207,0.0
305,P00747,0.0
306,P16050,0.001
307,P00742,0.0
308,Q5RAG0,0.997
309,P00749,0.008
310,Q9GZU7,0.998
311,P28566,0.997
312,P12931,0.0
313,P28564,0.0
314,P41279,0.0
315,Q9H228,0.0
316,P20701,0.0
317,P47901,0.0
318,Q7TMR0,0.0
319,P22001,0.0
320,Q00G26,0.995
321,P49682,0.0
322,P49841,0.002
323,P49840,1.0
324,P97612,0.985
325,Q9QYN8,0.0
326,P35869,1.0
327,P23141,0.016
328,O14939,0.0
329,P48039,0.0
330,P31941,0.503
331,Q8TDV5,0.0
332,P23978,0.0
333,O15379,0.108
334,Q05469,0.0
335,Q9Y271,0.0
336,P35916,0.199
337,Q86V86,0.0
338,Q16602,0.0
339,P08172,0.0
340,P08173,0.047
341,P22303,0.002
342,P32245,0.0
343,P53779,0.999
344,P32247,0.0
345,P32246,0.0
346,P00491,0.0
347,P43115,0.0
348,P47820,0.0
349,P43116,0.0
350,P35346,0.0
351,P00797,0.0
352,P27487,0.0
353,P13866,0.0
354,O14684,0.0
355,P35348,0.0
356,P78536,0.0
357,P16184,0.0
358,O15530,0.0
359,P13516,0.0
360,Q00975,0.06
361,P32745,0.0
362,P35351,0.0
363,P50172,0.0
364,P33261,0.015
365,P08254,0.0
366,Q64663,0.0
367,P35462,0.0
368,P35463,0.0
369,P47898,0.0
370,Q9Y5X4,1.0
371,P04150,0.0
372,Q99720,0.0
373,Q13627,0.012
374,P34969,0.008
375,Q01959,0.0
376,P20292,0.0
377,P08482,0.0
378,P08483,0.0
379,P30560,0.0
380,P47871,0.0
381,O96020,0.001
382,P23975,0.0
383,P23977,0.0
384,O96017,0.0
385,P41231,0.0
386,O96013,0.0
387,P41235,0.958
388,P19156,0.0
389,P56524,0.001
390,P18405,0.0
391,Q96RI1,0.0
392,Q6V1X1,0.0
393,O95136,0.846
394,P55211,0.15
395,P55210,0.0
396,P55212,0.0
397,O77636,0.0
398,P51681,0.0
399,P28845,0.0
400,P51685,0.0
401,P31648,0.0
402,P08909,0.0
403,P08908,0.088
404,Q07343,0.0
405,P31645,0.0
406,Q96RJ0,0.866
407,P31424,0.086
408,P31389,0.0
409,P31388,0.0
410,P18901,0.0
411,P56481,0.0
412,Q60492,0.0
413,P15144,0.0
414,P05129,0.0
415,P09483,0.0
416,P07948,0.0
417,P07949,0.0
418,O95180,1.0
419,P16581,0.0
420,Q969F8,0.0
421,O00748,0.002
422,P14780,0.0
423,Q3KRE8,0.0
424,Q16548,0.992
425,P11387,0.0
426,P29466,0.0
427,P61073,0.0
428,P28482,0.0
429,Q14432,0.0
430,P06493,0.0
431,P08238,0.0
432,Q95136,0.0
433,P28335,0.001
434,Q9HAZ1,0.0
435,Q9UNQ0,0.001
436,P36888,0.0
437,P13945,0.0
438,P00918,0.0
439,O95822,0.0
440,P20648,0.998
441,P07308,0.005
442,O70536,0.0
443,P48067,0.0
444,O00519,0.907
445,P00915,0.0
446,Q9QYJ6,0.0
447,P21731,0.0
448,P35398,1.0
449,Q8TDU6,0.0
450,P08514,0.0
451,P43166,0.019
452,P10635,0.7
453,P49146,0.0
454,P30530,0.0
455,P24468,1.0
456,P46663,0.0
457,P32238,0.0
458,P32239,0.0
459,P35236,0.999
460,P30874,0.0
461,P15538,0.0
462,P30872,0.0
463,Q9HC97,0.961
464,P14324,0.0
465,P16257,0.0
466,P42785,0.0
467,Q13547,0.993
468,P06239,1.0
469,P50750,0.325
470,P68400,0.882
471,P22086,0.044
472,P37136,0.0
473,P31751,0.0
474,P32305,0.0
475,P33533,0.0
476,P32300,0.0
477,P33535,0.0
478,P39900,0.894
479,P24557,0.0
480,Q9GZT9,0.0
481,P13726,0.0
482,P35439,0.0
483,P14061,0.992
484,P50130,0.0
485,Q8WW43,0.0
486,P20309,0.0
487,Q8T6T2,0.0
488,P07607,0.0
489,P42262,0.0
490,P51661,0.0
491,P18825,0.0
492,Q923Y8,0.0
493,P97266,0.0
494,P19020,0.0
495,P03956,0.0
496,P10415,0.0
497,P55263,0.0
498,P07861,0.0
499,P07900,0.0
500,O00311,0.0
501,P31421,0.0
502,Q99685,0.0
503,P02550,0.003
504,O60240,0.999
505,P11229,0.001
506,P12527,0.288
507,Q05655,0.0
508,P60953,0.0
509,P13612,0.0
510,O14842,0.0
511,Q15661,0.0
512,P51812,0.969
513,O43353,0.019
514,P21836,0.0
515,O14920,0.309
516,P49430,0.0
517,O75116,0.0
518,Q15858,0.5
519,Q9NZ42,0.0
520,P11086,0.0
521,P07943,0.0
522,P11712,0.029
523,P47811,0.0
524,Q05769,0.0
525,P35372,0.0
526,Q8N1Q1,0.001
527,Q86TI2,0.0
528,P08246,0.0
529,Q9H3N8,0.0
530,P17948,0.0
531,Q92769,0.011
532,P55157,0.0
533,Q9NWZ3,0.663
534,P05121,0.0
535,Q96BI3,0.0
536,Q92542,0.0
537,P37231,0.0
538,P42338,0.114
539,P42336,0.841
540,P45452,0.0
541,P22894,0.0
542,P42330,0.0
543,P15917,0.08
544,P30989,0.0
545,Q08499,0.0
546,P81908,0.0
547,Q14833,1.0
548,P00734,0.0
549,P00735,0.0
550,P23946,0.0
551,O14746,0.001
552,P34975,0.0
553,P34976,0.0
554,O60755,0.814
555,Q9Y233,0.0
556,P50406,0.0
557,P43235,0.0
558,Q99808,0.0
559,P43681,0.001
560,P28190,0.0
561,Q9UBN7,0.146
562,P50613,0.697
563,Q9UHL4,0.0
564,P63000,0.0
565,P48443,0.0
566,Q00987,0.0
567,P46925,0.0
568,Q63470,0.0
569,P05771,0.0
570,P30305,0.0
571,P11309,0.0
572,Q9Y2D0,0.403
573,Q13093,0.0
574,P26358,0.114
575,P06756,0.0
576,P31652,0.0
577,P20231,0.0
578,O14965,0.957
579,P62943,0.0
580,P62942,0.0
581,P41597,0.0
582,Q99572,0.0
583,P16753,0.987
584,P09874,0.0
585,P07384,0.0
586,P14842,0.003
587,O00329,0.035
588,P22748,0.005
589,P27815,0.0
590,Q16539,0.003
591,Q28156,0.0
592,Q06418,0.0
593,Q9JI35,0.0
594,P30968,0.0
595,P30969,0.0
596,P11597,0.0
597,P23280,0.015
598,Q13224,0.01
599,Q07817,0.0
600,P09237,0.0
601,Q07869,0.0
602,P00519,0.002
603,P05186,0.998
604,P04818,0.0
605,P00517,0.0
606,Q9Y5N1,0.0
607,O95977,0.001
608,O75907,0.009
609,Q29010,0.0
610,Q05941,0.178
611,Q99835,0.002
612,P49768,0.0
613,Q9NR96,0.999
614,P13922,0.0
615,P09958,0.0
616,P15056,0.0
617,Q9UKP6,0.0
618,P06241,0.752
619,P42574,0.0
620,P21554,0.002
621,P37059,0.997
622,P37058,0.007
