#	Symbol	Description	Category	Score	Molecular	Variation	Experimental	Inferred	PMIDs
1	RN7SL1	RNA Component Of Signal Recognition Particle 7SL1	RNA Gene	157			
Experimental evidence38
GeneCards Inferred via: (sections)
 4 Publications
2	SLC11A1	Solute Carrier Family 11 Member 1	Protein Coding	29.11				
DISEASES inferred14
Novoseek inferred55
GeneCards Inferred via: (sections)
 2 Publications
3	LMLN	Leishmanolysin Like Peptidase	Protein Coding	27.65				
DISEASES inferred14
Novoseek inferred55
GeneCards Inferred via: (sections)
 2 Publications
4	IFNG	Interferon Gamma	Protein Coding	25.82				
DISEASES inferred14
Novoseek inferred55
GeneCards Inferred via: (sections)
 34 Publications
5	IL10	Interleukin 10	Protein Coding	24.82				
DISEASES inferred14
Novoseek inferred55
GeneCards Inferred via: (sections)
 20 Publications
6	IL4	Interleukin 4	Protein Coding	23.55				
DISEASES inferred14
Novoseek inferred55
GeneCards Inferred via: (sections)
 4 Publications
7	IL1B	Interleukin 1 Beta	Protein Coding	22.87				
DISEASES inferred14
GeneCards Inferred via: (sections)
8	IL18	Interleukin 18	Protein Coding	22.45				
DISEASES inferred14
GeneCards Inferred via: (sections)
9	IL1A	Interleukin 1 Alpha	Protein Coding	21.15				
DISEASES inferred14
GeneCards Inferred via: (sections)
10	IL5	Interleukin 5	Protein Coding	19.82				
DISEASES inferred14
Novoseek inferred55
GeneCards Inferred via: (sections)
 1 Publications
11	MPI	Mannose Phosphate Isomerase	Protein Coding	19.79				
DISEASES inferred14
Novoseek inferred55
GeneCards Inferred via: (sections)
 1 Publications
12	P2RX7	Purinergic Receptor P2X 7	Protein Coding	19.07				
DISEASES inferred14
GeneCards Inferred via: (sections)
13	IL13	Interleukin 13	Protein Coding	18.75				
DISEASES inferred14
Novoseek inferred55
GeneCards Inferred via: (sections)
 1 Publications
14	HSPA4	Heat Shock Protein Family A (Hsp70) Member 4	Protein Coding	18.51				
DISEASES inferred14
Novoseek inferred55
GeneCards Inferred via: (sections)
 2 Publications
15	SRM	Spermidine Synthase	Protein Coding	17.38				
DISEASES inferred14
Novoseek inferred55
GeneCards Inferred via: (sections)
 1 Publications
16	IFNGR1	Interferon Gamma Receptor 1	Protein Coding	16.78				
DISEASES inferred14
Novoseek inferred55
GeneCards Inferred via: (sections)
 1 Publications
17	TNF	Tumor Necrosis Factor	Protein Coding	16.37				
DISEASES inferred14
GeneCards Inferred via: (sections)
18	MDH2	Malate Dehydrogenase 2	Protein Coding	15.63				
DISEASES inferred14
Novoseek inferred55
GeneCards Inferred via: (sections)
 1 Publications
19	TLR2	Toll Like Receptor 2	Protein Coding	15.1				
DISEASES inferred14
GeneCards Inferred via: (sections)
20	TGFB1	Transforming Growth Factor Beta 1	Protein Coding	15.06				
DISEASES inferred14
GeneCards Inferred via: (sections)
21	IL2	Interleukin 2	Protein Coding	15.06				
DISEASES inferred14
GeneCards Inferred via: (sections)
22	TLR4	Toll Like Receptor 4	Protein Coding	14.97				
DISEASES inferred14
GeneCards Inferred via: (sections)
23	IL17A	Interleukin 17A	Protein Coding	14.95				
DISEASES inferred14
GeneCards Inferred via: (sections)
24	IL6	Interleukin 6	Protein Coding	14.7				
DISEASES inferred14
GeneCards Inferred via: (sections)
25	FOXP3	Forkhead Box P3	Protein Coding	14.64				
DISEASES inferred14
GeneCards Inferred via: (sections)
26	NOS2	Nitric Oxide Synthase 2	Protein Coding	14.61				
DISEASES inferred14
GeneCards Inferred via: (sections)
27	ARG1	Arginase 1	Protein Coding	14.59				
DISEASES inferred14
GeneCards Inferred via: (sections)
28	PGD	Phosphogluconate Dehydrogenase	Protein Coding	14.59				
DISEASES inferred14
GeneCards Inferred via: (sections)
29	TNFRSF1A	TNF Receptor Superfamily Member 1A	Protein Coding	14.34				
DISEASES inferred14
Novoseek inferred55
GeneCards Inferred via: (sections)
 1 Publications
30	TLR9	Toll Like Receptor 9	Protein Coding	14.31				
DISEASES inferred14
GeneCards Inferred via: (sections)
31	CCL2	C-C Motif Chemokine Ligand 2	Protein Coding	14.08				
DISEASES inferred14
GeneCards Inferred via: (sections)
32	CXCL8	C-X-C Motif Chemokine Ligand 8	Protein Coding	14.01				
DISEASES inferred14
GeneCards Inferred via: (sections)
33	ALB	Albumin	Protein Coding	13.87				
DISEASES inferred14
GeneCards Inferred via: (sections)
34	CCR5	C-C Motif Chemokine Receptor 5	Protein Coding	13.76				
DISEASES inferred14
GeneCards Inferred via: (sections)
35	CD40	CD40 Molecule	Protein Coding	13.65				
DISEASES inferred14
GeneCards Inferred via: (sections)
36	GZMB	Granzyme B	Protein Coding	13.58				
DISEASES inferred14
GeneCards Inferred via: (sections)
37	GPT	Glutamic--Pyruvic Transaminase	Protein Coding	13.54				
DISEASES inferred14
GeneCards Inferred via: (sections)
38	G6PD	Glucose-6-Phosphate Dehydrogenase	Protein Coding	13.52				
DISEASES inferred14
GeneCards Inferred via: (sections)
39	ODC1	Ornithine Decarboxylase 1	Protein Coding	13.47				
DISEASES inferred14
GeneCards Inferred via: (sections)
40	CTLA4	Cytotoxic T-Lymphocyte Associated Protein 4	Protein Coding	13.33				
DISEASES inferred14
GeneCards Inferred via: (sections)
41	IL15	Interleukin 15	Protein Coding	13.27				
DISEASES inferred14
GeneCards Inferred via: (sections)
42	ITGAM	Integrin Subunit Alpha M	Protein Coding	13.26				
DISEASES inferred14
GeneCards Inferred via: (sections)
43	IFNB1	Interferon Beta 1	Protein Coding	13.24				
DISEASES inferred14
GeneCards Inferred via: (sections)
44	IL22	Interleukin 22	Protein Coding	13.24				
DISEASES inferred14
GeneCards Inferred via: (sections)
45	CD69	CD69 Molecule	Protein Coding	13.23				
DISEASES inferred14
GeneCards Inferred via: (sections)
46	SELL	Selectin L	Protein Coding	13.23				
DISEASES inferred14
GeneCards Inferred via: (sections)
47	HLA-DRB1	Major Histocompatibility Complex, Class II, DR Beta 1	Protein Coding	13.21				
DISEASES inferred14
GeneCards Inferred via: (sections)
48	CRP	C-Reactive Protein	Protein Coding	13.18				
DISEASES inferred14
GeneCards Inferred via: (sections)
49	IL12RB1	Interleukin 12 Receptor Subunit Beta 1	Protein Coding	13.17				
DISEASES inferred14
GeneCards Inferred via: (sections)

