,node_1,node_2,id1,id2,coexpression
1,CYP51,LINJ_23_0580,5671.A2TEF2,5671.A4I093,0.084
2,CYP51,LINJ_33_1690,5671.A2TEF2,5671.A4I931,0.065
3,CYP51,TRYR,5671.A2TEF2,5671.A4HSF7,0.047
4,CYP51,LINJ_30_3610,5671.A2TEF2,5671.A4I646,0.107
6,CYP51,LINJ_27_0090,5671.A2TEF2,5671.A4I2K5,0.107
7,CYP51,LINJ_21_0740,5671.A2TEF2,5671.A4HZ67,0.047
10,LINJ_01_0270,GCVL-2,5671.A4HRE8,5671.A4I8F6,0.083
11,LINJ_01_0270,GCVL-1,5671.A4HRE8,5671.A4I4P1,0.083
12,LINJ_01_0270,LINJ_31_2720,5671.A4HRE8,5671.E9AHL8,0.083
13,LINJ_01_0270,LINJ_26_0590,5671.A4HRE8,5671.A4I1Z4,0.379
15,LINJ_01_0270,TRYR,5671.A4HRE8,5671.A4HSF7,0.083
16,LINJ_01_0490,LINJ_02_0100,5671.A4HRH0,5671.A4HRL5,0.045
21,LINJ_01_0510,LINJ_02_0100,5671.A4HRH2,5671.A4HRL5,0.045
25,LINJ_01_0540,LINJ_02_0100,5671.A4HRH5,5671.A4HRL5,0.045
28,LINJ_02_0100,LINJ_34_0990,5671.A4HRL5,5671.A4I9Q1,0.055
42,LINJ_02_0100,LINJ_20_1140,5671.A4HRL5,5671.A4HYV4,0.138
43,LINJ_02_0100,LINJ_13_0300,5671.A4HRL5,5671.A4HVG5,0.045
44,LINJ_02_0100,LINJ_03_0220,5671.A4HRL5,5671.A4HRT4,0.045
45,LINJ_02_0100,LINJ_02_0360,5671.A4HRL5,5671.A4HRN6,0.048
54,LINJ_02_0100,LINJ_32_1520,5671.A4HRL5,5671.A4I7W3,0.251
58,LINJ_02_0230,LINJ_09_0900,5671.A4HRM3,5671.A4HU06,0.05
59,LINJ_02_0230,LINJ_32_2160,5671.A4HRM3,5671.A4I825,0.05
60,LINJ_02_0230,Rab11,5671.A4HRM3,5671.A4HUK3,0.042
63,LINJ_02_0230,LINJ_14_0820,5671.A4HRM3,5671.A4HW20,0.042
64,LINJ_02_0230,LINJ_10_1260,5671.A4HRM3,5671.A4HUM9,0.056
65,LINJ_02_0230,LINJ_13_0220,5671.A4HRM3,5671.A4HVF7,0.058
66,LINJ_02_0230,LINJ_18_1140,5671.A4HRM3,5671.A4HXY7,0.058
69,LINJ_02_0270,LINJ_25_0540,5671.A4HRM7,5671.A4I194,0.045
71,LINJ_02_0330,LINJ_27_1860,5671.A4HRN3,5671.A4I302,0.073
74,LINJ_02_0330,LINJ_05_0100,5671.A4HRN3,5671.A4HSD9,0.212
75,LINJ_02_0330,LINJ_26_2100,5671.A4HRN3,5671.A4I2D8,0.212
76,LINJ_02_0330,LINJ_09_0520,5671.A4HRN3,5671.A4HTW1,0.212
78,LINJ_02_0330,LINJ_36_5320,5671.A4HRN3,5671.A4IDT1,0.063
80,LINJ_02_0360,LMAIRK,5671.A4HRN6,5671.A4I3C6,0.059
81,LINJ_02_0360,LINJ_26_2460,5671.A4HRN6,5671.A4I2H1,0.059
82,LINJ_02_0360,LINJ_29_1420,5671.A4HRN6,5671.E9AHI7,0.059
92,LINJ_02_0360,LINJ_32_0730,5671.A4HRN6,5671.A4I7L2,0.137
93,LINJ_02_0360,LINJ_22_1260,5671.A4HRN6,5671.A4I000,0.111
94,LINJ_02_0360,LINJ_07_0790,5671.A4HRN6,5671.A4HT95,0.111
95,LINJ_02_0360,LINJ_36_6370,5671.A4HRN6,5671.A4IE23,0.111
96,LINJ_02_0360,KATNAL2,5671.A4HRN6,5671.A4HVM4,0.082
97,LINJ_02_0360,LINJ_29_2940,5671.A4HRN6,5671.A4I4Y5,0.308
98,LINJ_02_0360,LINJ_32_0050,5671.A4HRN6,5671.A4I7G8,0.061
99,LINJ_02_0360,LINJ_21_0740,5671.A4HRN6,5671.A4HZ67,0.071
100,LINJ_02_0360,RAD51,5671.A4HRN6,5671.A4I3C9,0.045
101,LINJ_02_0360,TOP2,5671.A4HRN6,5671.A4HWL4,0.057
102,LINJ_02_0360,LINJ_28_2450,5671.A4HRN6,5671.A4I3V9,0.057
103,LINJ_02_0360,LINJ_25_1460,5671.A4HRN6,5671.A4I1I6,0.111
104,LINJ_03_0150,LINJ_11_0060,5671.A4HRS7,5671.A4HUR8,0.104
105,LINJ_03_0150,DHFR-TS,5671.A4HRS7,5671.Q8MQV3,0.084
106,LINJ_03_0190,LINJ_27_2390,5671.A4HRT1,5671.A4I345,0.138
107,LINJ_03_0190,LINJ_36_3570,5671.A4HRT1,5671.A4ID56,0.138
108,LINJ_03_0190,LINJ_24_1890,5671.A4HRT1,5671.E9AH89,0.138
109,LINJ_03_0190,LINJ_35_1240,5671.A4HRT1,5671.A4IB17,0.138
111,LINJ_03_0190,DHFR-TS,5671.A4HRT1,5671.Q8MQV3,0.104
112,LINJ_03_0190,LINJ_23_0580,5671.A4HRT1,5671.A4I093,0.387
113,LINJ_03_0190,GCVL-1,5671.A4HRT1,5671.A4I4P1,0.083
114,LINJ_03_0190,LINJ_31_2720,5671.A4HRT1,5671.E9AHL8,0.083
115,LINJ_03_0190,GCVL-2,5671.A4HRT1,5671.A4I8F6,0.083
121,LINJ_03_0200,LINJ_34_1840,5671.A4HRT2,5671.A4I9Y5,0.042
123,LINJ_03_0200,LINJ_15_1630,5671.A4HRT2,5671.A4HWP5,0.042
127,LINJ_03_0790,LINJ_30_3430,5671.A4HRW8,5671.A4I628,0.042
128,LINJ_03_0790,PGKC,5671.A4HRW8,5671.E9AGT9,0.042
129,LINJ_03_0790,LINJ_04_1170,5671.A4HRW8,5671.A4HSB4,0.078
132,LINJ_04_0030,PKAC1,5671.A4HRZ8,5671.A4HXY2,0.082
133,LINJ_04_0430,LINJ_13_1500,5671.A4HS39,5671.A4HVS3,0.082
134,LINJ_04_0680,91E11,5671.A4HS64,5671.Q9GNZ8,0.048
135,LINJ_04_0680,LINJ_36_6370,5671.A4HS64,5671.A4IE23,0.159
136,LINJ_04_0680,LINJ_07_0790,5671.A4HS64,5671.A4HT95,0.159
137,LINJ_04_0680,LINJ_22_1260,5671.A4HS64,5671.A4I000,0.159
138,LINJ_04_0680,LINJ_13_0990,5671.A4HS64,5671.A4HVN7,0.082
139,LINJ_04_0680,LINJ_28_0110,5671.A4HS64,5671.A4I384,0.047
140,LINJ_04_0680,LINJ_22_0440,5671.A4HS64,5671.A4HZT4,0.082
141,LINJ_04_0680,LINJ_22_0490,5671.A4HS64,5671.A4HZT9,0.046
142,LINJ_04_0680,LINJ_03_0520,5671.A4HS64,5671.E9AG43,0.058
143,LINJ_04_0680,LINJ_21_2200,5671.A4HS64,5671.A4HZI9,0.062
146,LINJ_04_0680,LINJ_36_1730,5671.A4HS64,5671.A4IDD6,0.082
147,LINJ_04_0680,LINJ.12.0190,5671.A4HS64,5671.E9AGB0,0.103
148,LINJ_04_0680,LINJ_29_2940,5671.A4HS64,5671.A4I4Y5,0.345
150,LINJ_04_0680,LINJ_26_2460,5671.A4HS64,5671.A4I2H1,0.059
151,LINJ_04_0680,LINJ_29_1420,5671.A4HS64,5671.E9AHI7,0.059
152,LINJ_04_0680,LMAIRK,5671.A4HS64,5671.A4I3C6,0.059
154,LINJ_04_0680,LINJ_25_1460,5671.A4HS64,5671.A4I1I6,0.084
155,LINJ_04_0680,RPT6,5671.A4HS64,5671.A4IE38,0.109
156,LINJ_04_0680,LINJ_06_0140,5671.A4HS64,5671.A4HSQ5,0.048
157,LINJ_04_0680,KATNAL2,5671.A4HS64,5671.A4HVM4,0.082
159,LINJ_04_0680,LINJ_32_3240,5671.A4HS64,5671.A4I8C9,0.109
160,LINJ_04_0680,LINJ_29_2600,5671.A4HS64,5671.A4I4W3,0.109
162,LINJ_04_0680,LINJ_22_0480,5671.A4HS64,5671.A4HZT8,0.058
163,LINJ_04_0680,LINJ_36_4020,5671.A4HS64,5671.A4ID13,0.082
165,LINJ_04_0680,LINJ_24_2220,5671.A4HS64,5671.A4I122,0.105
166,LINJ_04_0680,LINJ_32_0730,5671.A4HS64,5671.A4I7L2,0.158
167,LINJ_04_1170,KATNAL2,5671.A4HSB4,5671.A4HVM4,0.068
168,LINJ_04_1170,LINJ_36_3570,5671.A4HSB4,5671.A4ID56,0.061
169,LINJ_04_1170,LINJ_23_0580,5671.A4HSB4,5671.A4I093,0.198
170,LINJ_04_1170,LINJ_26_0300,5671.A4HSB4,5671.A4I1W7,0.078
171,LINJ_04_1170,PGKC,5671.A4HSB4,5671.E9AGT9,0.139
172,LINJ_04_1170,LINJ_30_3430,5671.A4HSB4,5671.A4I628,0.139
173,LINJ_04_1170,LINJ_34_0150,5671.A4HSB4,5671.A4I9I3,0.307
184,LINJ_05_0100,LINJ_32_0520,5671.A4HSD9,5671.A4I7N3,0.044
185,LINJ_05_0100,LINJ_14_0820,5671.A4HSD9,5671.A4HW20,0.048
186,LINJ_05_0100,Rab11,5671.A4HSD9,5671.A4HUK3,0.048
187,LINJ_05_0100,LINJ_20_0820,5671.A4HSD9,5671.A4HYS3,0.041
188,LINJ_05_0100,LINJ_27_0940,5671.A4HSD9,5671.A4I2Q9,0.041
189,LINJ_05_0100,LINJ_32_2160,5671.A4HSD9,5671.A4I825,0.128
190,LINJ_05_0100,LINJ_09_0900,5671.A4HSD9,5671.A4HU06,0.128
191,LINJ_05_0100,LINJ_35_1720,5671.A4HSD9,5671.A4IB73,0.212
196,LINJ_05_0100,DHFR-TS,5671.A4HSD9,5671.Q8MQV3,0.042
197,LINJ_05_0100,KATNAL2,5671.A4HSD9,5671.A4HVM4,0.046
198,TRYR,LINJ_30_1070,5671.A4HSF7,5671.A4I5D2,0.048
199,TRYR,LINJ_34_0150,5671.A4HSF7,5671.A4I9I3,0.202
200,TRYR,LINJ.12.0830,5671.A4HSF7,5671.E9AGI7,0.046
201,TRYR,LINJ_29_2350,5671.A4HSF7,5671.A4I4T3,0.046
202,TRYR,LINJ_26_0630,5671.A4HSF7,5671.A4I1Z8,0.083
203,TRYR,DHFR-TS,5671.A4HSF7,5671.Q8MQV3,0.053
204,LINJ_05_0550,LINJ_17_0070,5671.A4HSH7,5671.A4HX71,0.044
206,LINJ_05_0550,TOP2,5671.A4HSH7,5671.A4HWL4,0.388
207,LINJ_05_0550,LINJ_28_2450,5671.A4HSH7,5671.A4I3V9,0.388
208,LINJ_05_0550,LINJ_22_0490,5671.A4HSH7,5671.A4HZT9,0.082
209,LINJ_05_0550,LINJ_03_0520,5671.A4HSH7,5671.E9AG43,0.082
210,LINJ_05_0550,DHFR-TS,5671.A4HSH7,5671.Q8MQV3,0.227
213,LINJ_05_0550,LINJ.12.0190,5671.A4HSH7,5671.E9AGB0,0.082
214,LINJ_05_0550,RPT6,5671.A4HSH7,5671.A4IE38,0.046
215,LINJ_05_0550,LINJ_36_4020,5671.A4HSH7,5671.A4ID13,0.354
216,LINJ_05_0550,LINJ_33_2910,5671.A4HSH7,5671.A4I9B7,0.072
217,LINJ_05_0550,LINJ_34_1840,5671.A4HSH7,5671.A4I9Y5,0.104
218,LINJ_05_0550,LINJ_26_2460,5671.A4HSH7,5671.A4I2H1,0.334
219,LINJ_05_0550,LINJ_20_0020,5671.A4HSH7,5671.A4HYJ4,0.327
220,LINJ_05_0550,LINJ_36_5580,5671.A4HSH7,5671.A4IC77,0.243
221,LINJ_05_0550,LMAIRK,5671.A4HSH7,5671.A4I3C6,0.334
223,LINJ_05_0550,LINJ_29_1420,5671.A4HSH7,5671.E9AHI7,0.334
224,LINJ_05_0550,LINJ_24_2220,5671.A4HSH7,5671.A4I122,0.262
225,LINJ_05_0550,LINJ_26_2540,5671.A4HSH7,5671.A4I2I8,0.243
226,LINJ_05_0550,CYC8,5671.A4HSH7,5671.A4I1W9,0.341
227,LINJ_05_0550,CYC6,5671.A4HSH7,5671.A4I8F7,0.341
228,LINJ_05_0550,LINJ_29_2830,5671.A4HSH7,5671.A4I4Y0,0.108
231,LINJ_06_0140,LINJ_34_3300,5671.A4HSQ5,5671.A4IAB8,0.083
232,LINJ_06_0140,LINJ_20_1580,5671.A4HSQ5,5671.A4HZ08,0.083
233,LINJ_06_0140,LINJ_35_1310,5671.A4HSQ5,5671.A4IB24,0.048
234,LINJ_06_0140,LINJ_07_1000,5671.A4HSQ5,5671.A4HTB1,0.048
235,LINJ_06_0140,LINJ_09_1280,5671.A4HSQ5,5671.A4HU44,0.197
236,LINJ_06_0140,LINJ_24_0170,5671.A4HSQ5,5671.E9AH29,0.197
237,LINJ_06_0140,LINJ_27_0370,5671.A4HSQ5,5671.A4I2M3,0.197
239,LINJ_06_0140,DHFR-TS,5671.A4HSQ5,5671.Q8MQV3,0.082
242,LINJ_06_0140,LINJ_16_0070,5671.A4HSQ5,5671.A4HWQ5,0.083
243,LINJ_06_0140,KATNAL2,5671.A4HSQ5,5671.A4HVM4,0.105
244,LINJ_06_0140,LINJ_22_0440,5671.A4HSQ5,5671.A4HZT4,0.553
245,LINJ_06_0140,LINJ_22_0490,5671.A4HSQ5,5671.A4HZT9,0.45
246,LINJ_06_0140,LINJ_36_1730,5671.A4HSQ5,5671.A4IDD6,0.651
247,LINJ_06_0140,91E11,5671.A4HSQ5,5671.Q9GNZ8,0.862
248,LINJ_06_0140,LINJ.12.0003,5671.A4HSQ5,5671.A4HV47,0.787
249,LINJ_06_0140,LINJ_21_2200,5671.A4HSQ5,5671.A4HZI9,0.769
250,LINJ_06_0140,RPT6,5671.A4HSQ5,5671.A4IE38,0.356
251,LINJ_06_0140,LINJ_28_0110,5671.A4HSQ5,5671.A4I384,0.959
252,LINJ_06_0140,LINJ_13_0990,5671.A4HSQ5,5671.A4HVN7,0.626
253,LINJ_06_0140,LINJ_03_0520,5671.A4HSQ5,5671.E9AG43,0.4
254,LINJ_06_0140,LINJ.12.0190,5671.A4HSQ5,5671.E9AGB0,0.549
256,LINJ_07_0510,LINJ_35_2080,5671.A4HT82,5671.A4IBA6,0.076
262,LINJ_07_0790,LINJ_07_1000,5671.A4HT95,5671.A4HTB1,0.159
263,LINJ_07_0790,LINJ_35_1310,5671.A4HT95,5671.A4IB24,0.159
264,LINJ_07_1000,LINJ_36_6370,5671.A4HTB1,5671.A4IE23,0.159
265,LINJ_07_1000,91E11,5671.A4HTB1,5671.Q9GNZ8,0.048
266,LINJ_07_1000,LINJ_22_1260,5671.A4HTB1,5671.A4I000,0.159
267,LINJ_07_1000,LINJ_13_0990,5671.A4HTB1,5671.A4HVN7,0.082
268,LINJ_07_1000,LINJ_28_0110,5671.A4HTB1,5671.A4I384,0.047
269,LINJ_07_1000,LINJ_22_0440,5671.A4HTB1,5671.A4HZT4,0.082
270,LINJ_07_1000,LINJ_22_0490,5671.A4HTB1,5671.A4HZT9,0.046
271,LINJ_07_1000,LINJ_03_0520,5671.A4HTB1,5671.E9AG43,0.058
272,LINJ_07_1000,LINJ_21_2200,5671.A4HTB1,5671.A4HZI9,0.062
275,LINJ_07_1000,LINJ_36_1730,5671.A4HTB1,5671.A4IDD6,0.082
276,LINJ_07_1000,LINJ_29_2940,5671.A4HTB1,5671.A4I4Y5,0.345
277,LINJ_07_1000,LINJ.12.0190,5671.A4HTB1,5671.E9AGB0,0.103
279,LINJ_07_1000,LINJ_29_1420,5671.A4HTB1,5671.E9AHI7,0.059
280,LINJ_07_1000,LINJ_26_2460,5671.A4HTB1,5671.A4I2H1,0.059
281,LINJ_07_1000,LMAIRK,5671.A4HTB1,5671.A4I3C6,0.059
283,LINJ_07_1000,LINJ_25_1460,5671.A4HTB1,5671.A4I1I6,0.084
284,LINJ_07_1000,RPT6,5671.A4HTB1,5671.A4IE38,0.109
285,LINJ_07_1000,KATNAL2,5671.A4HTB1,5671.A4HVM4,0.082
287,LINJ_07_1000,LINJ_32_3240,5671.A4HTB1,5671.A4I8C9,0.109
288,LINJ_07_1000,LINJ_29_2600,5671.A4HTB1,5671.A4I4W3,0.109
290,LINJ_07_1000,LINJ_22_0480,5671.A4HTB1,5671.A4HZT8,0.058
291,LINJ_07_1000,LINJ_36_4020,5671.A4HTB1,5671.A4ID13,0.082
293,LINJ_07_1000,LINJ_24_2220,5671.A4HTB1,5671.A4I122,0.105
294,LINJ_07_1000,LINJ_32_0730,5671.A4HTB1,5671.A4I7L2,0.158
297,LINJ_07_1030,LINJ_21_1990,5671.A4HTB4,5671.A4HZG8,0.045
299,LINJ_07_1210,LINJ_34_1900,5671.A4HTD0,5671.A4IAM7,0.071
301,LINJ_07_1210,LINJ_35_2080,5671.A4HTD0,5671.A4IBA6,0.046
302,LINJ_09_0100,LINJ_32_3470,5671.A4HTS6,5671.A4I8F2,0.421
303,LINJ_09_0100,LINJ_25_1360,5671.A4HTS6,5671.A4I1H6,0.097
304,LINJ_09_0100,LINJ_29_2940,5671.A4HTS6,5671.A4I4Y5,0.047
314,LINJ_09_0270,LINJ_15_1630,5671.A4HTU3,5671.A4HWP5,0.055
315,LINJ_09_0270,LINJ_29_2600,5671.A4HTU3,5671.A4I4W3,0.043
324,LINJ_09_0520,LINJ_32_0520,5671.A4HTW1,5671.A4I7N3,0.044
325,LINJ_09_0520,LINJ_14_0820,5671.A4HTW1,5671.A4HW20,0.048
326,LINJ_09_0520,Rab11,5671.A4HTW1,5671.A4HUK3,0.048
327,LINJ_09_0520,LINJ_20_0820,5671.A4HTW1,5671.A4HYS3,0.041
328,LINJ_09_0520,LINJ_27_0940,5671.A4HTW1,5671.A4I2Q9,0.041
331,LINJ_09_0520,LINJ_32_2160,5671.A4HTW1,5671.A4I825,0.128
332,LINJ_09_0520,LINJ_09_0900,5671.A4HTW1,5671.A4HU06,0.128
333,LINJ_09_0520,LINJ_35_1720,5671.A4HTW1,5671.A4IB73,0.212
338,LINJ_09_0520,DHFR-TS,5671.A4HTW1,5671.Q8MQV3,0.042
339,LINJ_09_0520,KATNAL2,5671.A4HTW1,5671.A4HVM4,0.046
341,LINJ_09_0900,LINJ_33_3360,5671.A4HU06,5671.A4I9G2,0.055
342,LINJ_09_0900,LINJ_10_1260,5671.A4HU06,5671.A4HUM9,0.057
343,LINJ_09_0900,LINJ_13_0220,5671.A4HU06,5671.A4HVF7,0.073
344,LINJ_09_0900,LINJ_18_1140,5671.A4HU06,5671.A4HXY7,0.073
345,LINJ_09_0900,LINJ_26_2100,5671.A4HU06,5671.A4I2D8,0.128
349,LINJ_09_1280,LINJ_19_0150,5671.A4HU44,5671.E9AGR8,0.106
350,LINJ_09_1280,LINJ.12.0003,5671.A4HU44,5671.A4HV47,0.104
351,LINJ_09_1280,LINJ_33_3360,5671.A4HU44,5671.A4I9G2,0.082
352,LINJ_09_1280,LINJ_33_2520,5671.A4HU44,5671.E9AHQ7,0.127
353,LINJ_09_1280,LINJ_21_2200,5671.A4HU44,5671.A4HZI9,0.083
354,LINJ_09_1280,LINJ_03_0520,5671.A4HU44,5671.E9AG43,0.104
355,LINJ_09_1280,LINJ_28_0110,5671.A4HU44,5671.A4I384,0.096
356,LINJ_09_1280,LINJ_36_1730,5671.A4HU44,5671.A4IDD6,0.107
357,LINJ_09_1280,LINJ_22_0440,5671.A4HU44,5671.A4HZT4,0.217
358,LINJ_09_1280,RPT6,5671.A4HU44,5671.A4IE38,0.202
359,LINJ_09_1280,LINJ.12.0190,5671.A4HU44,5671.E9AGB0,0.125
360,LINJ_09_1280,91E11,5671.A4HU44,5671.Q9GNZ8,0.111
361,LINJ_09_1280,LINJ_22_0490,5671.A4HU44,5671.A4HZT9,0.336
362,LINJ_09_1280,LINJ_13_0990,5671.A4HU44,5671.A4HVN7,0.142
363,LINJ_09_1280,LINJ_24_1970,5671.A4HU44,5671.A4I0Z7,0.069
366,LINJ_10_0090,LINJ_36_5050,5671.A4HUB8,5671.A4IDR0,0.103
367,LINJ_10_0090,LINJ_20_0020,5671.A4HUB8,5671.A4HYJ4,0.055
368,LINJ_10_0090,LINJ_33_0060,5671.A4HUB8,5671.A4I8M2,0.141
374,LINJ_10_0200,LINJ_34_1840,5671.A4HUC8,5671.A4I9Y5,0.042
379,MPK3,LINJ_15_1630,5671.A4HUG1,5671.A4HWP5,0.042
380,MPK3,LINJ_34_1840,5671.A4HUG1,5671.A4I9Y5,0.042
381,LINJ_10_0830,LINJ_20_0020,5671.A4HUJ0,5671.A4HYJ4,0.158
382,Rab11,LINJ_33_3360,5671.A4HUK3,5671.A4I9G2,0.055
385,Rab11,LINJ_26_2100,5671.A4HUK3,5671.A4I2D8,0.048
386,Rab11,LINJ_18_1140,5671.A4HUK3,5671.A4HXY7,0.079
387,Rab11,LINJ_13_0220,5671.A4HUK3,5671.A4HVF7,0.079
388,Rab11,LINJ_10_1250,5671.A4HUK3,5671.A4HUM8,0.054
389,Rab11,LINJ_10_1260,5671.A4HUK3,5671.A4HUM9,0.116
390,Rab11,LINJ_30_1710,5671.A4HUK3,5671.A4I5J8,0.054
391,Rab11,LMPK,5671.A4HUK3,5671.A4ICA4,0.056
393,LINJ_10_1250,LINJ_10_1260,5671.A4HUM8,5671.A4HUM9,0.051
394,LINJ_10_1250,LINJ_13_0220,5671.A4HUM8,5671.A4HVF7,0.046
395,LINJ_10_1250,LINJ_18_1140,5671.A4HUM8,5671.A4HXY7,0.046
396,LINJ_10_1250,LINJ_14_0820,5671.A4HUM8,5671.A4HW20,0.054
397,LINJ_10_1250,LINJ_32_0520,5671.A4HUM8,5671.A4I7N3,0.054
400,LINJ_10_1260,LINJ_32_0050,5671.A4HUM9,5671.A4I7G8,0.046
401,LINJ_10_1260,LINJ_32_2160,5671.A4HUM9,5671.A4I825,0.057
402,LINJ_10_1260,LINJ_30_1710,5671.A4HUM9,5671.A4I5J8,0.051
403,LINJ_10_1260,LINJ_33_3360,5671.A4HUM9,5671.A4I9G2,0.061
404,LINJ_10_1260,LINJ_14_0820,5671.A4HUM9,5671.A4HW20,0.116
405,LINJ_11_0040,LINJ_31_3080,5671.A4HUR6,5671.A4I7A2,0.351
406,LINJ_11_0040,KATNAL2,5671.A4HUR6,5671.A4HVM4,0.048
407,LINJ_11_0060,LINJ_30_3430,5671.A4HUR8,5671.A4I628,0.163
408,LINJ_11_0060,PGKC,5671.A4HUR8,5671.E9AGT9,0.163
409,LINJ_11_0060,LINJ_34_1910,5671.A4HUR8,5671.A4I9Y7,0.157
410,LINJ_11_0060,LINJ_16_1430,5671.A4HUR8,5671.A4HX32,0.359
411,LINJ_11_0060,DHFR-TS,5671.A4HUR8,5671.Q8MQV3,0.083
412,LINJ_11_0110,LINJ_29_2600,5671.A4HUS3,5671.A4I4W3,0.052
413,LINJ_11_0110,TOP2,5671.A4HUS3,5671.A4HWL4,0.388
414,LINJ_11_0110,LINJ_28_2450,5671.A4HUS3,5671.A4I3V9,0.388
415,LINJ_11_0110,LINJ_22_0490,5671.A4HUS3,5671.A4HZT9,0.082
416,LINJ_11_0110,LINJ_03_0520,5671.A4HUS3,5671.E9AG43,0.082
417,LINJ_11_0110,DHFR-TS,5671.A4HUS3,5671.Q8MQV3,0.227
420,LINJ_11_0110,LINJ.12.0190,5671.A4HUS3,5671.E9AGB0,0.082
421,LINJ_11_0110,RPT6,5671.A4HUS3,5671.A4IE38,0.046
422,LINJ_11_0110,LINJ_36_4020,5671.A4HUS3,5671.A4ID13,0.354
423,LINJ_11_0110,LINJ_17_0070,5671.A4HUS3,5671.A4HX71,0.044
425,LINJ_11_0110,LINJ_33_2910,5671.A4HUS3,5671.A4I9B7,0.072
426,LINJ_11_0110,LINJ_34_1840,5671.A4HUS3,5671.A4I9Y5,0.104
427,LINJ_11_0110,LINJ_26_2460,5671.A4HUS3,5671.A4I2H1,0.334
428,LINJ_11_0110,LINJ_20_0020,5671.A4HUS3,5671.A4HYJ4,0.327
429,LINJ_11_0110,LINJ_36_5580,5671.A4HUS3,5671.A4IC77,0.243
430,LINJ_11_0110,LMAIRK,5671.A4HUS3,5671.A4I3C6,0.334
432,LINJ_11_0110,LINJ_29_1420,5671.A4HUS3,5671.E9AHI7,0.334
433,LINJ_11_0110,LINJ_24_2220,5671.A4HUS3,5671.A4I122,0.262
434,LINJ_11_0110,CYC6,5671.A4HUS3,5671.A4I8F7,0.341
435,LINJ_11_0110,CYC8,5671.A4HUS3,5671.A4I1W9,0.341
436,LINJ_11_0110,LINJ_26_2540,5671.A4HUS3,5671.A4I2I8,0.243
437,LINJ_11_0110,LINJ_29_2830,5671.A4HUS3,5671.A4I4Y0,0.108
438,LINJ_11_0600,LINJ_36_2850,5671.A4HUX0,5671.A4ICH8,0.259
439,LINJ_11_0600,LINJ_23_0580,5671.A4HUX0,5671.A4I093,0.084
443,LINJ_11_0600,LINJ_34_0150,5671.A4HUX0,5671.A4I9I3,0.35
445,LINJ_11_0600,LINJ_31_3260,5671.A4HUX0,5671.A4I7C0,0.516
446,LINJ.12.0003,LINJ_30_1070,5671.A4HV47,5671.A4I5D2,0.361
448,LINJ.12.0003,LINJ_24_0170,5671.A4HV47,5671.E9AH29,0.104
449,LINJ.12.0003,LINJ_27_0370,5671.A4HV47,5671.A4I2M3,0.104
450,LINJ.12.0003,LINJ_21_0960,5671.A4HV47,5671.A4HZM5,0.082
451,LINJ.12.0003,LINJ_24_2220,5671.A4HV47,5671.A4I122,0.057
452,LINJ.12.0003,LINJ_33_2910,5671.A4HV47,5671.A4I9B7,0.059
453,LINJ.12.0003,KATNAL2,5671.A4HV47,5671.A4HVM4,0.2
454,LINJ.12.0003,RPT6,5671.A4HV47,5671.A4IE38,0.368
455,LINJ.12.0003,LINJ.12.0190,5671.A4HV47,5671.E9AGB0,0.694
456,LINJ.12.0003,LINJ_22_0490,5671.A4HV47,5671.A4HZT9,0.6
457,LINJ.12.0003,LINJ_36_1730,5671.A4HV47,5671.A4IDD6,0.76
458,LINJ.12.0003,91E11,5671.A4HV47,5671.Q9GNZ8,0.766
459,LINJ.12.0003,LINJ_21_2200,5671.A4HV47,5671.A4HZI9,0.765
460,LINJ.12.0003,LINJ_22_0440,5671.A4HV47,5671.A4HZT4,0.409
461,LINJ.12.0003,LINJ_28_0110,5671.A4HV47,5671.A4I384,0.849
462,LINJ.12.0003,LINJ_03_0520,5671.A4HV47,5671.E9AG43,0.407
463,LINJ.12.0003,LINJ_13_0990,5671.A4HV47,5671.A4HVN7,0.716
464,LINJ_13_0170,LINJ_34_1900,5671.A4HVF3,5671.A4IAM7,0.07
465,LINJ_13_0170,LINJ_21_0740,5671.A4HVF3,5671.A4HZ67,0.044
466,LINJ_13_0220,VPS4,5671.A4HVF7,5671.A4I4W4,0.055
467,LINJ_13_0220,LINJ_32_2160,5671.A4HVF7,5671.A4I825,0.073
468,LINJ_13_0220,LINJ_14_0820,5671.A4HVF7,5671.A4HW20,0.079
469,LINJ_13_0220,LINJ_30_1710,5671.A4HVF7,5671.A4I5J8,0.046
470,LINJ_13_0220,LINJ_32_0520,5671.A4HVF7,5671.A4I7N3,0.082
474,KATNAL2,LINJ_27_0940,5671.A4HVM4,5671.A4I2Q9,0.066
475,KATNAL2,LINJ_24_0170,5671.A4HVM4,5671.E9AH29,0.068
476,KATNAL2,PGKC,5671.A4HVM4,5671.E9AGT9,0.084
477,KATNAL2,LINJ_30_3430,5671.A4HVM4,5671.A4I628,0.084
478,KATNAL2,DHFR-TS,5671.A4HVM4,5671.Q8MQV3,0.083
481,KATNAL2,LINJ_35_1270,5671.A4HVM4,5671.A4IB20,0.057
482,KATNAL2,LINJ_21_0960,5671.A4HVM4,5671.A4HZM5,0.056
483,KATNAL2,LINJ_19_0150,5671.A4HVM4,5671.E9AGR8,0.056
484,KATNAL2,LINJ_28_2450,5671.A4HVM4,5671.A4I3V9,0.095
485,KATNAL2,TOP2,5671.A4HVM4,5671.A4HWL4,0.095
486,KATNAL2,RAD51,5671.A4HVM4,5671.A4I3C9,0.127
487,KATNAL2,LMAIRK,5671.A4HVM4,5671.A4I3C6,0.106
488,KATNAL2,LINJ_26_2460,5671.A4HVM4,5671.A4I2H1,0.106
489,KATNAL2,LINJ_29_1420,5671.A4HVM4,5671.E9AHI7,0.106
493,KATNAL2,LINJ_33_2520,5671.A4HVM4,5671.E9AHQ7,0.048
494,KATNAL2,LINJ_34_0990,5671.A4HVM4,5671.A4I9Q1,0.047
499,KATNAL2,LINJ_24_1970,5671.A4HVM4,5671.A4I0Z7,0.118
500,KATNAL2,LINJ_24_2220,5671.A4HVM4,5671.A4I122,0.082
501,KATNAL2,LINJ_35_1310,5671.A4HVM4,5671.A4IB24,0.082
502,KATNAL2,LINJ_22_0480,5671.A4HVM4,5671.A4HZT8,0.082
503,KATNAL2,LINJ_33_2910,5671.A4HVM4,5671.A4I9B7,0.082
505,KATNAL2,ABCC4,5671.A4HVM4,5671.A4I6Q3,0.048
506,KATNAL2,LINJ_25_0540,5671.A4HVM4,5671.A4I194,0.056
507,KATNAL2,ABCH2,5671.A4HVM4,5671.A4I4M8,0.048
508,KATNAL2,LINJ_33_3360,5671.A4HVM4,5671.A4I9G2,0.044
509,KATNAL2,LINJ_19_0540,5671.A4HVM4,5671.A4HY76,0.056
510,KATNAL2,LINJ_26_2100,5671.A4HVM4,5671.A4I2D8,0.046
511,KATNAL2,LINJ_22_1070,5671.A4HVM4,5671.E9AGZ5,0.061
512,KATNAL2,LINJ_36_1730,5671.A4HVM4,5671.A4IDD6,0.105
513,KATNAL2,LINJ_28_0110,5671.A4HVM4,5671.A4I384,0.105
514,KATNAL2,LINJ_21_2200,5671.A4HVM4,5671.A4HZI9,0.105
515,KATNAL2,LINJ_03_0520,5671.A4HVM4,5671.E9AG43,0.141
516,KATNAL2,LINJ.12.0190,5671.A4HVM4,5671.E9AGB0,0.141
517,KATNAL2,LINJ_22_0490,5671.A4HVM4,5671.A4HZT9,0.141
518,KATNAL2,91E11,5671.A4HVM4,5671.Q9GNZ8,0.165
522,LINJ_13_0990,LINJ_35_1310,5671.A4HVN7,5671.A4IB24,0.082
523,LINJ_13_0990,LINJ_27_1150,5671.A4HVN7,5671.A4I2S6,0.391
524,LINJ_13_0990,LINJ_29_2410,5671.A4HVN7,5671.A4I4U4,0.395
525,LINJ_13_0990,LINJ_25_1360,5671.A4HVN7,5671.A4I1H6,0.104
526,LINJ_13_0990,LINJ_30_1070,5671.A4HVN7,5671.A4I5D2,0.202
530,LINJ_13_0990,GSK3,5671.A4HVN7,5671.A4HXQ3,0.081
531,LINJ_13_0990,LINJ_24_2220,5671.A4HVN7,5671.A4I122,0.082
532,LINJ_13_0990,LINJ_27_0370,5671.A4HVN7,5671.A4I2M3,0.142
533,LINJ_13_0990,LINJ_33_2910,5671.A4HVN7,5671.A4I9B7,0.082
534,LINJ_13_0990,LINJ_24_0170,5671.A4HVN7,5671.E9AH29,0.142
535,LINJ_13_0990,LINJ_36_1730,5671.A4HVN7,5671.A4IDD6,0.553
536,LINJ_13_0990,LINJ_03_0520,5671.A4HVN7,5671.E9AG43,0.763
537,LINJ_13_0990,LINJ.12.0190,5671.A4HVN7,5671.E9AGB0,0.764
538,LINJ_13_0990,LINJ_22_0490,5671.A4HVN7,5671.A4HZT9,0.769
539,LINJ_13_0990,91E11,5671.A4HVN7,5671.Q9GNZ8,0.5
540,LINJ_13_0990,LINJ_21_2200,5671.A4HVN7,5671.A4HZI9,0.761
541,LINJ_13_0990,RPT6,5671.A4HVN7,5671.A4IE38,0.768
542,LINJ_13_0990,LINJ_28_0110,5671.A4HVN7,5671.A4I384,0.63
543,LINJ_13_0990,LINJ_22_0440,5671.A4HVN7,5671.A4HZT4,0.78
547,LINJ_13_1500,LINJ_27_0510,5671.A4HVS3,5671.A4I2N6,0.082
548,LINJ_13_1500,LINJ_31_0450,5671.A4HVS3,5671.A4I6E4,0.082
549,LINJ_13_1500,LINJ_31_0480,5671.A4HVS3,5671.A4I6E6,0.082
550,LINJ_13_1500,LINJ_20_1230,5671.A4HVS3,5671.A4HYW2,0.082
551,LINJ_13_1500,LINJ_27_2520,5671.A4HVS3,5671.E9AHC1,0.082
552,LINJ_13_1500,LINJ_31_0420,5671.A4HVS3,5671.A4I6K5,0.082
553,LINJ_13_1500,LINJ_30_2040,5671.A4HVS3,5671.A4I5N1,0.082
554,LINJ_13_1580,LINJ_24_0170,5671.A4HVT1,5671.E9AH29,0.047
555,LINJ_13_1580,LINJ_33_3360,5671.A4HVT1,5671.A4I9G2,0.044
557,LINJ_14_0020,LINJ_34_1900,5671.A4HVU4,5671.A4IAM7,0.044
558,LINJ_14_0020,LINJ_24_2090,5671.A4HVU4,5671.A4I109,0.045
560,LINJ_14_0020,LINJ_30_1060,5671.A4HVU4,5671.A4I5D1,0.043
561,LINJ_14_0020,LINJ_15_1630,5671.A4HVU4,5671.A4HWP5,0.043
562,LINJ_14_0140,LINJ_34_1900,5671.A4HVV6,5671.A4IAM7,0.07
564,LINJ_14_0140,LINJ_21_0740,5671.A4HVV6,5671.A4HZ67,0.044
566,LINJ_14_0580,LINJ_19_0150,5671.A4HVZ9,5671.E9AGR8,0.444
567,LINJ_14_0580,LINJ_24_2350,5671.A4HVZ9,5671.A4I135,0.347
568,LINJ_14_0580,LINJ_24_1970,5671.A4HVZ9,5671.A4I0Z7,0.083
569,LINJ_14_0580,LINJ_27_0920,5671.A4HVZ9,5671.A4I2Q7,0.626
570,LINJ_14_0580,LINJ_33_0060,5671.A4HVZ9,5671.A4I8M2,0.383
571,LINJ_14_0580,LINJ_20_0020,5671.A4HVZ9,5671.A4HYJ4,0.494
572,LINJ_14_0580,LINJ_25_0440,5671.A4HVZ9,5671.A4I186,0.748
573,LINJ_14_0820,LINJ_33_3360,5671.A4HW20,5671.A4I9G2,0.055
576,LINJ_14_0820,LINJ_26_2100,5671.A4HW20,5671.A4I2D8,0.048
577,LINJ_14_0820,LINJ_18_1140,5671.A4HW20,5671.A4HXY7,0.079
578,LINJ_14_0820,LINJ_30_1710,5671.A4HW20,5671.A4I5J8,0.054
580,LINJ_15_0520,LINJ_33_3360,5671.A4HWE8,5671.A4I9G2,0.044
582,TOP2,CRK3,5671.A4HWL4,5671.A4ICT0,0.388
583,TOP2,CRK,5671.A4HWL4,5671.A4HWZ4,0.388
584,TOP2,LINJ_30_1780,5671.A4HWL4,5671.A4I5K5,0.388
585,TOP2,LINJ_36_4020,5671.A4HWL4,5671.A4ID13,0.411
587,TOP2,LMAIRK,5671.A4HWL4,5671.A4I3C6,0.397
588,TOP2,LINJ_29_1420,5671.A4HWL4,5671.E9AHI7,0.397
589,TOP2,LINJ_26_2460,5671.A4HWL4,5671.A4I2H1,0.397
590,TOP2,LINJ_24_2220,5671.A4HWL4,5671.A4I122,0.515
591,TOP2,DHFR-TS,5671.A4HWL4,5671.Q8MQV3,0.359
593,LINJ_15_1540,PKAC1,5671.A4HWN6,5671.A4HXY2,0.082
597,LINJ_15_1550,PKAC1,5671.A4HWN7,5671.A4HXY2,0.082
599,LINJ_15_1630,GSK3,5671.A4HWP5,5671.A4HXQ3,0.061
601,LINJ_16_0070,LINJ_36_1730,5671.A4HWQ5,5671.A4IDD6,0.083
602,LINJ_16_0070,LINJ_33_3360,5671.A4HWQ5,5671.A4I9G2,0.044
605,LINJ_16_0070,LINJ_20_1580,5671.A4HWQ5,5671.A4HZ08,0.083
606,LINJ_16_0070,LINJ_34_3300,5671.A4HWQ5,5671.A4IAB8,0.083
607,LINJ_16_0590,DHFR-TS,5671.A4HWV8,5671.Q8MQV3,0.141
608,LINJ_16_0590,LINJ_31_3260,5671.A4HWV8,5671.A4I7C0,0.043
609,LINJ_16_0590,LINJ_31_3080,5671.A4HWV8,5671.A4I7A2,0.058
610,LINJ_16_0590,LINJ_16_1430,5671.A4HWV8,5671.A4HX32,0.447
611,LINJ_16_0640,LINJ_24_2220,5671.A4HWW3,5671.A4I122,0.268
612,LINJ_16_0640,LINJ_25_0440,5671.A4HWW3,5671.A4I186,0.239
613,LINJ_16_0640,LINJ_25_1460,5671.A4HWW3,5671.A4I1I6,0.106
614,LINJ_16_0730,LINJ_34_1530,5671.A4HWX0,5671.A4I9V5,0.083
615,LINJ_16_0730,LINJ_29_2410,5671.A4HWX0,5671.A4I4U4,0.07
616,CRK,LINJ_30_3530,5671.A4HWZ4,5671.A4I638,0.058
617,CRK,LINJ_28_2450,5671.A4HWZ4,5671.A4I3V9,0.388
618,CRK,LINJ_22_0490,5671.A4HWZ4,5671.A4HZT9,0.082
619,CRK,LINJ_03_0520,5671.A4HWZ4,5671.E9AG43,0.082
620,CRK,DHFR-TS,5671.A4HWZ4,5671.Q8MQV3,0.227
622,CRK,LINJ.12.0190,5671.A4HWZ4,5671.E9AGB0,0.082
623,CRK,RPT6,5671.A4HWZ4,5671.A4IE38,0.046
625,CRK,LINJ_36_4020,5671.A4HWZ4,5671.A4ID13,0.354
626,CRK,LINJ_33_2910,5671.A4HWZ4,5671.A4I9B7,0.072
627,CRK,LINJ_34_1840,5671.A4HWZ4,5671.A4I9Y5,0.104
628,CRK,LINJ_26_2460,5671.A4HWZ4,5671.A4I2H1,0.334
629,CRK,LMAIRK,5671.A4HWZ4,5671.A4I3C6,0.334
630,CRK,LINJ_29_1420,5671.A4HWZ4,5671.E9AHI7,0.334
631,CRK,LINJ_20_0020,5671.A4HWZ4,5671.A4HYJ4,0.327
632,CRK,LINJ_36_5580,5671.A4HWZ4,5671.A4IC77,0.243
633,CRK,LINJ_26_2540,5671.A4HWZ4,5671.A4I2I8,0.243
635,CRK,LINJ_24_2220,5671.A4HWZ4,5671.A4I122,0.262
636,CRK,CYC8,5671.A4HWZ4,5671.A4I1W9,0.341
637,CRK,CYC6,5671.A4HWZ4,5671.A4I8F7,0.341
638,CRK,LINJ_29_2830,5671.A4HWZ4,5671.A4I4Y0,0.108
639,LINJ_16_1430,LINJ_24_1890,5671.A4HX32,5671.E9AH89,0.371
640,LINJ_16_1430,LINJ_35_1240,5671.A4HX32,5671.A4IB17,0.371
641,LINJ_16_1430,LINJ_36_3570,5671.A4HX32,5671.A4ID56,0.371
642,LINJ_16_1430,LINJ_27_2390,5671.A4HX32,5671.A4I345,0.371
644,LINJ_16_1430,LINJ_36_1840,5671.A4HX32,5671.A4IDE7,0.082
645,LINJ_16_1430,LINJ_31_3080,5671.A4HX32,5671.A4I7A2,0.069
647,LINJ_17_0070,LINJ_36_5580,5671.A4HX71,5671.A4IC77,0.059
648,LINJ_17_0070,RAD51,5671.A4HX71,5671.A4I3C9,0.21
649,LINJ_17_0070,LINJ_26_2540,5671.A4HX71,5671.A4I2I8,0.059
650,LINJ_17_0070,LINJ_29_2830,5671.A4HX71,5671.A4I4Y0,0.054
652,LINJ_17_0550,LINJ_34_1840,5671.A4HXC3,5671.A4I9Y5,0.048
653,LINJ_17_0550,LINJ_26_2540,5671.A4HXC3,5671.A4I2I8,0.044
654,GMPR,LINJ_32_3470,5671.A4HXF5,5671.A4I8F2,0.092
655,GMPR,LINJ_19_0540,5671.A4HXF5,5671.A4HY76,0.277
656,GMPR,LINJ_27_1150,5671.A4HXF5,5671.A4I2S6,0.157
657,GMPR,LINJ_19_0150,5671.A4HXF5,5671.E9AGR8,0.403
658,GMPR,DHFR-TS,5671.A4HXF5,5671.Q8MQV3,0.103
659,GMPR,LINJ_21_0960,5671.A4HXF5,5671.A4HZM5,0.277
661,LINJ_18_0150,LINJ_33_2520,5671.A4HXP1,5671.E9AHQ7,0.043
663,GSK3,LINJ_36_5320,5671.A4HXQ3,5671.A4IDT1,0.046
664,GSK3,LINJ_34_1840,5671.A4HXQ3,5671.A4I9Y5,0.045
665,GSK3,PKAC1,5671.A4HXQ3,5671.A4HXY2,0.072
675,GSK3,LINJ.12.0190,5671.A4HXQ3,5671.E9AGB0,0.048
678,GSK3,LINJ_25_1360,5671.A4HXQ3,5671.A4I1H6,0.048
684,LINJ_18_0650,LINJ_21_1990,5671.A4HXU0,5671.A4HZG8,0.045
685,LINJ_18_0650,LINJ_29_2600,5671.A4HXU0,5671.A4I4W3,0.047
687,PKAC1,LINJ_29_2790,5671.A4HXY2,5671.A4I4X6,0.082
688,PKAC1,LINJ_29_2550,5671.A4HXY2,5671.A4I4V8,0.082
692,LINJ_18_1140,VPS4,5671.A4HXY7,5671.A4I4W4,0.055
693,LINJ_18_1140,LINJ_32_2160,5671.A4HXY7,5671.A4I825,0.073
695,LINJ_18_1140,LINJ_30_1710,5671.A4HXY7,5671.A4I5J8,0.046
696,LINJ_18_1140,LINJ_32_0520,5671.A4HXY7,5671.A4I7N3,0.082
697,LINJ_19_0540,LINJ_24_1970,5671.A4HY76,5671.A4I0Z7,0.407
698,LINJ_19_0540,LINJ_19_1590,5671.A4HY76,5671.A4HYI5,0.277
699,LINJ_19_0540,LINJ_32_3470,5671.A4HY76,5671.A4I8F2,0.082
700,LINJ_19_0540,NMT,5671.A4HY76,5671.A4I7H1,0.104
701,LINJ_19_0540,DHFR-TS,5671.A4HY76,5671.Q8MQV3,0.267
705,MPK4,LINJ_34_1840,5671.A4HYH4,5671.A4I9Y5,0.042
709,LINJ_19_1590,LINJ_27_1150,5671.A4HYI5,5671.A4I2S6,0.157
710,LINJ_19_1590,LINJ_32_3470,5671.A4HYI5,5671.A4I8F2,0.092
711,LINJ_19_1590,LINJ_19_0150,5671.A4HYI5,5671.E9AGR8,0.403
712,LINJ_19_1590,DHFR-TS,5671.A4HYI5,5671.Q8MQV3,0.103
713,LINJ_19_1590,LINJ_21_0960,5671.A4HYI5,5671.A4HZM5,0.277
719,LINJ_20_0020,LINJ_36_5580,5671.A4HYJ4,5671.A4IC77,0.199
720,LINJ_20_0020,LINJ_26_2540,5671.A4HYJ4,5671.A4I2I8,0.199
721,LINJ_20_0020,CRK3,5671.A4HYJ4,5671.A4ICT0,0.327
722,LINJ_20_0020,LINJ_30_1780,5671.A4HYJ4,5671.A4I5K5,0.327
723,LINJ_20_0020,LINJ_24_1970,5671.A4HYJ4,5671.A4I0Z7,0.042
724,LINJ_20_0020,CYC6,5671.A4HYJ4,5671.A4I8F7,0.334
725,LINJ_20_0020,CYC8,5671.A4HYJ4,5671.A4I1W9,0.334
726,LINJ_20_0020,LINJ_27_0920,5671.A4HYJ4,5671.A4I2Q7,0.37
727,LINJ_20_0020,LINJ_33_0060,5671.A4HYJ4,5671.A4I8M2,0.227
728,LINJ_20_0020,LINJ_25_0440,5671.A4HYJ4,5671.A4I186,0.684
729,LINJ_20_0020,LINJ_24_2350,5671.A4HYJ4,5671.A4I135,0.374
730,LINJ_20_0020,LINJ_19_0150,5671.A4HYJ4,5671.E9AGR8,0.663
731,LINJ_20_0820,LINJ_26_2100,5671.A4HYS3,5671.A4I2D8,0.041
732,LINJ_20_0820,LINJ_24_1970,5671.A4HYS3,5671.A4I0Z7,0.232
734,LINJ_20_0820,LINJ_33_3360,5671.A4HYS3,5671.A4I9G2,0.061
735,LINJ_20_1140,LINJ_33_2520,5671.A4HYV4,5671.E9AHQ7,0.047
736,LINJ_20_1140,LINJ_34_3370,5671.A4HYV4,5671.A4IAC5,0.048
738,LINJ_20_1140,LINJ_29_1550,5671.A4HYV4,5671.A4I4K7,0.135
739,LINJ_20_1450,LINJ_25_1460,5671.A4HYY3,5671.A4I1I6,0.071
740,LINJ_20_1580,LINJ_33_3360,5671.A4HZ08,5671.A4I9G2,0.044
743,LINJ_21_0740,NMT,5671.A4HZ67,5671.A4I7H1,0.048
746,LINJ_21_0740,LINJ_28_2440,5671.A4HZ67,5671.A4I3V8,0.044
747,LINJ_21_0740,LINJ_36_7340,5671.A4HZ67,5671.A4ICE0,0.044
748,LINJ_21_0210,LINJ_29_2830,5671.A4HZA2,5671.A4I4Y0,0.084
749,LINJ_21_1990,LINJ_33_1810,5671.A4HZG8,5671.A4I967,0.045
750,LINJ_21_1990,LINJ_22_0990,5671.A4HZG8,5671.A4HZY8,0.045
751,LINJ_21_1990,LINJ_22_0630,5671.A4HZG8,5671.A4HZV1,0.045
752,LINJ_21_2200,LINJ_32_3470,5671.A4HZI9,5671.A4I8F2,0.225
753,LINJ_21_2200,LINJ_35_1310,5671.A4HZI9,5671.A4IB24,0.062
754,LINJ_21_2200,LINJ_25_1360,5671.A4HZI9,5671.A4I1H6,0.062
755,LINJ_21_2200,LINJ_27_0370,5671.A4HZI9,5671.A4I2M3,0.083
756,LINJ_21_2200,LINJ_24_0170,5671.A4HZI9,5671.E9AH29,0.083
757,LINJ_21_2200,LINJ_21_1330,5671.A4HZI9,5671.E9AGX7,0.357
761,LINJ_21_2200,LINJ_27_1150,5671.A4HZI9,5671.A4I2S6,0.593
764,LINJ_21_2200,LINJ.12.0190,5671.A4HZI9,5671.E9AGB0,0.758
765,LINJ_21_2200,LINJ_03_0520,5671.A4HZI9,5671.E9AG43,0.669
766,LINJ_21_2200,RPT6,5671.A4HZI9,5671.A4IE38,0.759
767,LINJ_21_2200,LINJ_22_0440,5671.A4HZI9,5671.A4HZT4,0.703
768,LINJ_21_2200,LINJ_28_0110,5671.A4HZI9,5671.A4I384,0.765
769,LINJ_21_2200,LINJ_22_0490,5671.A4HZI9,5671.A4HZT9,0.516
770,LINJ_21_2200,LINJ_36_1730,5671.A4HZI9,5671.A4IDD6,0.67
771,LINJ_21_2200,91E11,5671.A4HZI9,5671.Q9GNZ8,0.769
772,LINJ_21_0960,NMT,5671.A4HZM5,5671.A4I7H1,0.104
773,LINJ_21_0960,DHFR-TS,5671.A4HZM5,5671.Q8MQV3,0.267
774,LINJ_22_0440,LINJ_30_1070,5671.A4HZT4,5671.A4I5D2,0.313
775,LINJ_22_0440,LINJ_25_1360,5671.A4HZT4,5671.A4I1H6,0.071
776,LINJ_22_0440,LINJ_32_3470,5671.A4HZT4,5671.A4I8F2,0.34
777,LINJ_22_0440,LINJ_21_1330,5671.A4HZT4,5671.E9AGX7,0.331
780,LINJ_22_0440,LINJ_35_1310,5671.A4HZT4,5671.A4IB24,0.082
781,LINJ_22_0440,LINJ_29_1420,5671.A4HZT4,5671.E9AHI7,0.048
782,LINJ_22_0440,LINJ_26_2460,5671.A4HZT4,5671.A4I2H1,0.048
783,LINJ_22_0440,LMAIRK,5671.A4HZT4,5671.A4I3C6,0.048
784,LINJ_22_0440,LINJ_27_0370,5671.A4HZT4,5671.A4I2M3,0.217
785,LINJ_22_0440,LINJ_24_0170,5671.A4HZT4,5671.E9AH29,0.217
786,LINJ_22_0440,LINJ_24_2220,5671.A4HZT4,5671.A4I122,0.082
787,LINJ_22_0440,LINJ_33_2910,5671.A4HZT4,5671.A4I9B7,0.082
788,LINJ_22_0440,LINJ_36_1730,5671.A4HZT4,5671.A4IDD6,0.356
789,LINJ_22_0440,LINJ_22_0490,5671.A4HZT4,5671.A4HZT9,0.766
790,LINJ_22_0440,91E11,5671.A4HZT4,5671.Q9GNZ8,0.626
791,LINJ_22_0440,RPT6,5671.A4HZT4,5671.A4IE38,0.759
792,LINJ_22_0440,LINJ_28_0110,5671.A4HZT4,5671.A4I384,0.368
793,LINJ_22_0440,LINJ_03_0520,5671.A4HZT4,5671.E9AG43,0.759
794,LINJ_22_0440,LINJ.12.0190,5671.A4HZT4,5671.E9AGB0,0.766
797,LINJ_22_0480,LINJ_29_2940,5671.A4HZT8,5671.A4I4Y5,0.308
799,LINJ_22_0480,LINJ_25_1460,5671.A4HZT8,5671.A4I1I6,0.063
802,LINJ_22_0480,LINJ_35_1310,5671.A4HZT8,5671.A4IB24,0.058
803,LINJ_22_0480,LINJ_32_0730,5671.A4HZT8,5671.A4I7L2,0.137
804,LINJ_22_0490,LINJ_21_1330,5671.A4HZT9,5671.E9AGX7,0.315
805,LINJ_22_0490,LINJ_30_1780,5671.A4HZT9,5671.A4I5K5,0.082
806,LINJ_22_0490,CRK3,5671.A4HZT9,5671.A4ICT0,0.082
807,LINJ_22_0490,LINJ_35_1310,5671.A4HZT9,5671.A4IB24,0.046
808,LINJ_22_0490,LINJ_26_2460,5671.A4HZT9,5671.A4I2H1,0.054
809,LINJ_22_0490,LINJ_29_1420,5671.A4HZT9,5671.E9AHI7,0.054
810,LINJ_22_0490,LMAIRK,5671.A4HZT9,5671.A4I3C6,0.054
811,LINJ_22_0490,PGKC,5671.A4HZT9,5671.E9AGT9,0.054
812,LINJ_22_0490,LINJ_30_3430,5671.A4HZT9,5671.A4I628,0.054
813,LINJ_22_0490,LINJ_30_1070,5671.A4HZT9,5671.A4I5D2,0.325
814,LINJ_22_0490,LINJ_24_2220,5671.A4HZT9,5671.A4I122,0.046
815,LINJ_22_0490,LINJ_27_0370,5671.A4HZT9,5671.A4I2M3,0.336
816,LINJ_22_0490,LINJ_33_2910,5671.A4HZT9,5671.A4I9B7,0.046
817,LINJ_22_0490,LINJ_24_0170,5671.A4HZT9,5671.E9AH29,0.336
818,LINJ_22_0490,LINJ_36_1730,5671.A4HZT9,5671.A4IDD6,0.5
819,LINJ_22_0490,LINJ_28_0110,5671.A4HZT9,5671.A4I384,0.516
820,LINJ_22_0490,RPT6,5671.A4HZT9,5671.A4IE38,0.768
821,LINJ_22_0490,91E11,5671.A4HZT9,5671.Q9GNZ8,0.454
822,LINJ_22_0490,LINJ_03_0520,5671.A4HZT9,5671.E9AG43,0.63
823,LINJ_22_0490,LINJ.12.0190,5671.A4HZT9,5671.E9AGB0,0.765
826,LINJ_22_0630,LINJ_29_2600,5671.A4HZV1,5671.A4I4W3,0.047
830,LINJ_22_1260,LINJ_35_1310,5671.A4I000,5671.A4IB24,0.159
832,LINJ_23_0580,LINJ_27_2390,5671.A4I093,5671.A4I345,0.076
834,LINJ_23_0580,LINJ_34_0150,5671.A4I093,5671.A4I9I3,0.137
835,LINJ_23_0580,LINJ_30_2920,5671.A4I093,5671.A4I5W9,0.387
836,LINJ_23_0580,LINJ_36_1840,5671.A4I093,5671.A4IDE7,0.387
837,LINJ_23_0580,LINJ_31_3080,5671.A4I093,5671.A4I7A2,0.142
840,LINJ_24_0680,LINJ_34_1840,5671.A4I0Q5,5671.A4I9Y5,0.042
841,LINJ_24_1500,LINJ_34_1840,5671.A4I0Y4,5671.A4I9Y5,0.048
844,LINJ_24_1970,LINJ_35_1270,5671.A4I0Z7,5671.A4IB20,0.069
845,LINJ_24_1970,LINJ_27_0940,5671.A4I0Z7,5671.A4I2Q9,0.232
846,LINJ_24_1970,LINJ_27_1140,5671.A4I0Z7,5671.A4I2S5,0.138
847,LINJ_24_1970,LINJ_30_1460,5671.A4I0Z7,5671.A4I5H1,0.083
849,LINJ_24_1970,LINJ_27_0370,5671.A4I0Z7,5671.A4I2M3,0.069
850,LINJ_24_1970,LINJ_24_0170,5671.A4I0Z7,5671.E9AH29,0.069
854,LINJ_24_2220,RAD51,5671.A4I122,5671.A4I3C9,0.286
855,LINJ_24_2220,LINJ_29_2940,5671.A4I122,5671.A4I4Y5,0.308
856,LINJ_24_2220,LINJ_25_1460,5671.A4I122,5671.A4I1I6,0.063
857,LINJ_24_2220,LINJ_36_4020,5671.A4I122,5671.A4ID13,0.338
859,LINJ_24_2220,DHFR-TS,5671.A4I122,5671.Q8MQV3,0.494
860,LINJ_24_2220,LINJ_30_1780,5671.A4I122,5671.A4I5K5,0.262
861,LINJ_24_2220,CRK3,5671.A4I122,5671.A4ICT0,0.262
862,LINJ_24_2220,LINJ_26_2540,5671.A4I122,5671.A4I2I8,0.206
863,LINJ_24_2220,LINJ_36_5580,5671.A4I122,5671.A4IC77,0.206
865,LINJ_24_2220,LINJ_35_1310,5671.A4I122,5671.A4IB24,0.105
866,LINJ_24_2220,LINJ_03_0520,5671.A4I122,5671.E9AG43,0.076
867,LINJ_24_2220,91E11,5671.A4I122,5671.Q9GNZ8,0.046
868,LINJ_24_2220,RPT6,5671.A4I122,5671.A4IE38,0.082
869,LINJ_24_2220,CYC8,5671.A4I122,5671.A4I1W9,0.328
870,LINJ_24_2220,CYC6,5671.A4I122,5671.A4I8F7,0.328
871,LINJ_24_2220,LINJ.12.0190,5671.A4I122,5671.E9AGB0,0.046
872,LINJ_24_2220,LINJ_28_2450,5671.A4I122,5671.A4I3V9,0.515
873,LINJ_24_2220,LINJ_32_0730,5671.A4I122,5671.A4I7L2,0.137
874,LINJ_24_2220,LINJ_26_2460,5671.A4I122,5671.A4I2H1,0.51
875,LINJ_24_2220,LINJ_29_1420,5671.A4I122,5671.E9AHI7,0.51
876,LINJ_24_2220,LMAIRK,5671.A4I122,5671.A4I3C6,0.51
877,LINJ_24_2220,LINJ_33_2910,5671.A4I122,5671.A4I9B7,0.307
878,LINJ_24_2350,LINJ_33_0060,5671.A4I135,5671.A4I8M2,0.322
879,LINJ_24_2350,LINJ_27_0920,5671.A4I135,5671.A4I2Q7,0.231
880,LINJ_24_2350,LINJ_19_0150,5671.A4I135,5671.E9AGR8,0.313
881,LINJ_24_2350,LINJ_25_0440,5671.A4I135,5671.A4I186,0.632
882,LINJ_25_0440,LINJ_27_0920,5671.A4I186,5671.A4I2Q7,0.547
883,LINJ_25_0440,LINJ_19_0150,5671.A4I186,5671.E9AGR8,0.59
884,LINJ_25_0440,LINJ_33_0060,5671.A4I186,5671.A4I8M2,0.633
888,LINJ_25_1360,LINJ.12.0190,5671.A4I1H6,5671.E9AGB0,0.058
889,LINJ_25_1360,PABP1,5671.A4I1H6,5671.A4IC57,0.097
890,LINJ_25_1360,LINJ_03_0520,5671.A4I1H6,5671.E9AG43,0.106
892,LINJ_25_1360,91E11,5671.A4I1H6,5671.Q9GNZ8,0.048
893,LINJ_25_1360,LINJ_36_1730,5671.A4I1H6,5671.A4IDD6,0.048
896,LINJ_25_1360,LINJ_27_1150,5671.A4I1H6,5671.A4I2S6,0.082
897,LINJ_25_1460,LINJ_27_1150,5671.A4I1I6,5671.A4I2S6,0.375
898,LINJ_25_1460,LINJ_33_2910,5671.A4I1I6,5671.A4I9B7,0.063
899,LINJ_25_1460,LINJ_35_1310,5671.A4I1I6,5671.A4IB24,0.084
900,LINJ_25_1460,LINJ_32_0050,5671.A4I1I6,5671.A4I7G8,0.045
901,LINJ_25_1460,LINJ_32_3470,5671.A4I1I6,5671.A4I8F2,0.206
906,LINJ_25_2070,LINJ_34_1840,5671.A4I1P7,5671.A4I9Y5,0.045
908,LINJ_26_0300,LINJ_30_3430,5671.A4I1W7,5671.A4I628,0.042
909,LINJ_26_0300,PGKC,5671.A4I1W7,5671.E9AGT9,0.042
910,CYC8,LINJ_26_2460,5671.A4I1W9,5671.A4I2H1,0.303
911,CYC8,LINJ_29_1420,5671.A4I1W9,5671.E9AHI7,0.303
912,CYC8,LMAIRK,5671.A4I1W9,5671.A4I3C6,0.303
913,CYC8,LINJ_36_4020,5671.A4I1W9,5671.A4ID13,0.308
915,CYC8,LINJ_33_2910,5671.A4I1W9,5671.A4I9B7,0.048
917,CYC8,LINJ_30_1780,5671.A4I1W9,5671.A4I5K5,0.341
918,CYC8,CRK3,5671.A4I1W9,5671.A4ICT0,0.341
919,CYC8,LINJ_36_5580,5671.A4I1W9,5671.A4IC77,0.338
920,CYC8,LINJ_26_2540,5671.A4I1W9,5671.A4I2I8,0.338
921,CYC8,LINJ_29_2830,5671.A4I1W9,5671.A4I4Y0,0.204
923,LINJ_26_0590,LINJ_30_1700,5671.A4I1Z4,5671.A4I5J7,0.492
924,LINJ_26_0590,DHFR-TS,5671.A4I1Z4,5671.Q8MQV3,0.157
925,LINJ_26_0590,LINJ_33_2520,5671.A4I1Z4,5671.E9AHQ7,0.625
926,LINJ_26_0590,LINJ_27_1150,5671.A4I1Z4,5671.A4I2S6,0.523
927,LINJ_26_0590,LINJ_21_1330,5671.A4I1Z4,5671.E9AGX7,0.523
928,LINJ_26_0590,LINJ_32_3470,5671.A4I1Z4,5671.A4I8F2,0.523
929,LINJ_26_0590,LINJ_30_2830,5671.A4I1Z4,5671.A4I5W0,0.619
930,LINJ_26_0590,LINJ_32_1940,5671.A4I1Z4,5671.A4I800,0.619
931,LINJ_26_0590,LINJ_36_2130,5671.A4I1Z4,5671.A4IDH4,0.619
932,LINJ_26_0630,GCVL-2,5671.A4I1Z8,5671.A4I8F6,0.083
933,LINJ_26_0630,LINJ_31_2720,5671.A4I1Z8,5671.E9AHL8,0.083
934,LINJ_26_0630,GCVL-1,5671.A4I1Z8,5671.A4I4P1,0.083
939,LINJ_26_2100,LINJ_32_0520,5671.A4I2D8,5671.A4I7N3,0.044
940,LINJ_26_2100,LINJ_27_0940,5671.A4I2D8,5671.A4I2Q9,0.041
941,LINJ_26_2100,LINJ_32_2160,5671.A4I2D8,5671.A4I825,0.128
942,LINJ_26_2100,LINJ_35_1720,5671.A4I2D8,5671.A4IB73,0.212
945,LINJ_26_2100,DHFR-TS,5671.A4I2D8,5671.Q8MQV3,0.042
946,LINJ_26_2460,LINJ_35_1310,5671.A4I2H1,5671.A4IB24,0.059
947,LINJ_26_2460,DHFR-TS,5671.A4I2H1,5671.Q8MQV3,0.441
949,LINJ_26_2460,CYC6,5671.A4I2H1,5671.A4I8F7,0.303
951,LINJ_26_2460,CRK3,5671.A4I2H1,5671.A4ICT0,0.334
952,LINJ_26_2460,LINJ_30_1780,5671.A4I2H1,5671.A4I5K5,0.334
953,LINJ_26_2460,LINJ_28_0110,5671.A4I2H1,5671.A4I384,0.047
954,LINJ_26_2460,LINJ_03_0520,5671.A4I2H1,5671.E9AG43,0.05
955,LINJ_26_2460,LINJ.12.0190,5671.A4I2H1,5671.E9AGB0,0.048
956,LINJ_26_2460,RPT6,5671.A4I2H1,5671.A4IE38,0.065
957,LINJ_26_2460,LINJ_28_2450,5671.A4I2H1,5671.A4I3V9,0.397
958,LINJ_26_2460,LINJ_33_2910,5671.A4I2H1,5671.A4I9B7,0.104
959,LINJ_26_2460,LINJ_36_5580,5671.A4I2H1,5671.A4IC77,0.326
960,LINJ_26_2460,LINJ_26_2540,5671.A4I2H1,5671.A4I2I8,0.326
961,LINJ_26_2460,LINJ_36_4020,5671.A4I2H1,5671.A4ID13,0.302
962,LINJ_26_2540,LINJ_19_0140,5671.A4I2I8,5671.E9AGR7,0.044
963,LINJ_26_2540,LINJ_33_2520,5671.A4I2I8,5671.E9AHQ7,0.056
964,LINJ_26_2540,LINJ_32_1900,5671.A4I2I8,5671.A4I7Z6,0.055
965,LINJ_26_2540,LINJ_30_1780,5671.A4I2I8,5671.A4I5K5,0.243
966,LINJ_26_2540,LINJ_33_2910,5671.A4I2I8,5671.A4I9B7,0.088
967,LINJ_26_2540,CRK3,5671.A4I2I8,5671.A4ICT0,0.243
968,LINJ_26_2540,CYC6,5671.A4I2I8,5671.A4I8F7,0.338
969,LINJ_26_2540,LMAIRK,5671.A4I2I8,5671.A4I3C6,0.326
970,LINJ_26_2540,LINJ_29_1420,5671.A4I2I8,5671.E9AHI7,0.326
971,LINJ_26_2540,LINJ_29_2830,5671.A4I2I8,5671.A4I4Y0,0.084
972,LINJ_27_0090,LINJ_33_1690,5671.A4I2K5,5671.A4I931,0.065
973,LINJ_27_0370,LINJ_19_0150,5671.A4I2M3,5671.E9AGR8,0.106
974,LINJ_27_0370,LINJ_33_3360,5671.A4I2M3,5671.A4I9G2,0.082
975,LINJ_27_0370,LINJ_33_2520,5671.A4I2M3,5671.E9AHQ7,0.127
976,LINJ_27_0370,LINJ_28_0110,5671.A4I2M3,5671.A4I384,0.096
977,LINJ_27_0370,LINJ_36_1730,5671.A4I2M3,5671.A4IDD6,0.107
978,LINJ_27_0370,LINJ_03_0520,5671.A4I2M3,5671.E9AG43,0.104
979,LINJ_27_0370,91E11,5671.A4I2M3,5671.Q9GNZ8,0.111
980,LINJ_27_0370,LINJ.12.0190,5671.A4I2M3,5671.E9AGB0,0.125
981,LINJ_27_0370,RPT6,5671.A4I2M3,5671.A4IE38,0.202
982,LINJ_27_0920,LINJ_33_3360,5671.A4I2Q7,5671.A4I9G2,0.044
983,LINJ_27_0920,LINJ_19_0150,5671.A4I2Q7,5671.E9AGR8,0.405
985,LINJ_27_0940,LINJ_33_3360,5671.A4I2Q9,5671.A4I9G2,0.061
987,LINJ_27_1150,LINJ_36_2130,5671.A4I2S6,5671.A4IDH4,0.395
988,LINJ_27_1150,LINJ_30_2830,5671.A4I2S6,5671.A4I5W0,0.395
989,LINJ_27_1150,LINJ_32_1940,5671.A4I2S6,5671.A4I800,0.395
990,LINJ_27_1150,LINJ_30_1700,5671.A4I2S6,5671.A4I5J7,0.339
991,LINJ_27_1150,LINJ.12.0190,5671.A4I2S6,5671.E9AGB0,0.339
992,LINJ_27_1150,LINJ_03_0520,5671.A4I2S6,5671.E9AG43,0.345
993,LINJ_27_1150,LINJ_30_1070,5671.A4I2S6,5671.A4I5D2,0.143
994,LINJ_27_1150,DHFR-TS,5671.A4I2S6,5671.Q8MQV3,0.142
995,LINJ_27_1150,91E11,5671.A4I2S6,5671.Q9GNZ8,0.339
996,LINJ_27_1150,LINJ_33_2520,5671.A4I2S6,5671.E9AHQ7,0.403
997,LINJ_27_1150,LINJ_19_0150,5671.A4I2S6,5671.E9AGR8,0.581
998,LINJ_27_1150,LINJ_21_1330,5671.A4I2S6,5671.E9AGX7,0.914
999,LINJ_27_1150,LINJ_32_3470,5671.A4I2S6,5671.A4I8F2,0.909
1002,LINJ_27_1860,LINJ_35_1720,5671.A4I302,5671.A4IB73,0.073
1004,LINJ_27_2390,LINJ_36_1840,5671.A4I345,5671.A4IDE7,0.138
1005,LINJ_27_2390,LINJ_30_2920,5671.A4I345,5671.A4I5W9,0.138
1006,LINJ_27_2390,DHFR-TS,5671.A4I345,5671.Q8MQV3,0.087
1007,LINJ_27_2390,LINJ_33_2860,5671.A4I345,5671.A4I9B2,0.288
1008,LINJ_28_0110,LINJ_35_1310,5671.A4I384,5671.A4IB24,0.047
1009,LINJ_28_0110,LINJ_24_0170,5671.A4I384,5671.E9AH29,0.096
1010,LINJ_28_0110,LINJ_29_1420,5671.A4I384,5671.E9AHI7,0.047
1011,LINJ_28_0110,LMAIRK,5671.A4I384,5671.A4I3C6,0.047
1012,LINJ_28_0110,LINJ_33_2910,5671.A4I384,5671.A4I9B7,0.079
1013,LINJ_28_0110,RPT6,5671.A4I384,5671.A4IE38,0.475
1014,LINJ_28_0110,91E11,5671.A4I384,5671.Q9GNZ8,0.796
1015,LINJ_28_0110,LINJ_36_1730,5671.A4I384,5671.A4IDD6,0.742
1016,LINJ_28_0110,LINJ_03_0520,5671.A4I384,5671.E9AG43,0.453
1017,LINJ_28_0110,LINJ.12.0190,5671.A4I384,5671.E9AGB0,0.762
1022,LMAIRK,LINJ_35_1310,5671.A4I3C6,5671.A4IB24,0.059
1023,LMAIRK,DHFR-TS,5671.A4I3C6,5671.Q8MQV3,0.441
1026,LMAIRK,LINJ_30_1780,5671.A4I3C6,5671.A4I5K5,0.334
1027,LMAIRK,LINJ_03_0520,5671.A4I3C6,5671.E9AG43,0.05
1028,LMAIRK,LINJ.12.0190,5671.A4I3C6,5671.E9AGB0,0.048
1029,LMAIRK,RPT6,5671.A4I3C6,5671.A4IE38,0.065
1030,LMAIRK,LINJ_28_2450,5671.A4I3C6,5671.A4I3V9,0.397
1031,LMAIRK,CRK3,5671.A4I3C6,5671.A4ICT0,0.334
1032,LMAIRK,LINJ_33_2910,5671.A4I3C6,5671.A4I9B7,0.104
1033,LMAIRK,CYC6,5671.A4I3C6,5671.A4I8F7,0.303
1034,LMAIRK,LINJ_36_5580,5671.A4I3C6,5671.A4IC77,0.326
1035,LMAIRK,LINJ_36_4020,5671.A4I3C6,5671.A4ID13,0.302
1038,RAD51,DHFR-TS,5671.A4I3C9,5671.Q8MQV3,0.326
1039,RAD51,DMC1,5671.A4I3C9,5671.A4IC25,0.069
1040,RAD51,LINJ_33_2620,5671.A4I3C9,5671.E9AHR7,0.069
1046,LDK,LINJ_29_2830,5671.A4I3S8,5671.A4I4Y0,0.084
1047,LINJ_28_2440,LINJ_34_1900,5671.A4I3V8,5671.A4IAM7,0.07
1048,LINJ_28_2450,LINJ_30_1780,5671.A4I3V9,5671.A4I5K5,0.388
1049,LINJ_28_2450,CRK3,5671.A4I3V9,5671.A4ICT0,0.388
1050,LINJ_28_2450,LINJ_36_4020,5671.A4I3V9,5671.A4ID13,0.411
1051,LINJ_28_2450,LINJ_29_1420,5671.A4I3V9,5671.E9AHI7,0.397
1052,LINJ_28_2450,DHFR-TS,5671.A4I3V9,5671.Q8MQV3,0.359
1059,ABCH2,LINJ_31_3080,5671.A4I4M8,5671.A4I7A2,0.351
1060,GCVL-1,LINJ.12.0830,5671.A4I4P1,5671.E9AGI7,0.052
1061,GCVL-1,LINJ_29_2350,5671.A4I4P1,5671.A4I4T3,0.052
1062,GCVL-1,LINJ_32_0050,5671.A4I4P1,5671.A4I7G8,0.103
1063,GCVL-1,LINJ_32_3470,5671.A4I4P1,5671.A4I8F2,0.499
1064,GCVL-1,LINJ_34_0150,5671.A4I4P1,5671.A4I9I3,0.406
1066,GCVL-1,DHFR-TS,5671.A4I4P1,5671.Q8MQV3,0.053
1068,LINJ_29_2350,LINJ_31_2720,5671.A4I4T3,5671.E9AHL8,0.052
1069,LINJ_29_2350,GCVL-2,5671.A4I4T3,5671.A4I8F6,0.052
1070,LINJ_29_2410,LINJ_35_1730,5671.A4I4U4,5671.A4IB74,0.07
1073,LINJ_29_2600,LINJ_33_1810,5671.A4I4W3,5671.A4I967,0.047
1076,LINJ_29_2600,LINJ_19_0130,5671.A4I4W3,5671.E9AGR6,0.042
1077,LINJ_29_2600,LINJ_36_4020,5671.A4I4W3,5671.A4ID13,0.048
1079,LINJ_29_2600,LINJ_35_1310,5671.A4I4W3,5671.A4IB24,0.109
1084,LINJ_29_2830,LINJ_33_2520,5671.A4I4Y0,5671.E9AHQ7,0.087
1086,LINJ_29_2830,CRK3,5671.A4I4Y0,5671.A4ICT0,0.108
1087,LINJ_29_2830,LINJ_30_1780,5671.A4I4Y0,5671.A4I5K5,0.108
1088,LINJ_29_2830,CYC6,5671.A4I4Y0,5671.A4I8F7,0.204
1089,LINJ_29_2830,LINJ_36_5580,5671.A4I4Y0,5671.A4IC77,0.084
1090,LINJ_29_2940,PABP1,5671.A4I4Y5,5671.A4IC57,0.047
1091,LINJ_29_2940,LINJ_33_2910,5671.A4I4Y5,5671.A4I9B7,0.308
1092,LINJ_29_2940,LINJ_35_1310,5671.A4I4Y5,5671.A4IB24,0.345
1094,LINJ_30_1070,LINJ.12.0190,5671.A4I5D2,5671.E9AGB0,0.209
1095,LINJ_30_1070,91E11,5671.A4I5D2,5671.Q9GNZ8,0.395
1096,LINJ_30_1070,LINJ_03_0520,5671.A4I5D2,5671.E9AG43,0.405
1098,LINJ_30_1700,LINJ_32_3470,5671.A4I5J7,5671.A4I8F2,0.339
1099,LINJ_30_1700,LINJ_21_1330,5671.A4I5J7,5671.E9AGX7,0.339
1100,LINJ_30_1700,LINJ_30_2830,5671.A4I5J7,5671.A4I5W0,0.339
1101,LINJ_30_1700,LINJ_32_1940,5671.A4I5J7,5671.A4I800,0.339
1102,LINJ_30_1700,LINJ_36_2130,5671.A4I5J7,5671.A4IDH4,0.339
1103,LINJ_30_1700,LINJ_33_2520,5671.A4I5J7,5671.E9AHQ7,0.404
1104,LINJ_30_1710,LINJ_32_0520,5671.A4I5J8,5671.A4I7N3,0.054
1105,LINJ_30_1780,LINJ_03_0520,5671.A4I5K5,5671.E9AG43,0.082
1106,LINJ_30_1780,DHFR-TS,5671.A4I5K5,5671.Q8MQV3,0.227
1107,LINJ_30_1780,LINJ.12.0190,5671.A4I5K5,5671.E9AGB0,0.082
1108,LINJ_30_1780,RPT6,5671.A4I5K5,5671.A4IE38,0.046
1109,LINJ_30_1780,LINJ_36_4020,5671.A4I5K5,5671.A4ID13,0.354
1110,LINJ_30_1780,LINJ_33_2910,5671.A4I5K5,5671.A4I9B7,0.072
1111,LINJ_30_1780,LINJ_29_1420,5671.A4I5K5,5671.E9AHI7,0.334
1112,LINJ_30_1780,LINJ_36_5580,5671.A4I5K5,5671.A4IC77,0.243
1114,LINJ_30_1780,CYC6,5671.A4I5K5,5671.A4I8F7,0.341
1115,LINJ_30_2830,LINJ_32_3470,5671.A4I5W0,5671.A4I8F2,0.345
1116,LINJ_30_2830,DHFR-TS,5671.A4I5W0,5671.Q8MQV3,0.116
1117,LINJ_30_2830,LINJ_33_2520,5671.A4I5W0,5671.E9AHQ7,0.403
1118,LINJ_30_2920,LINJ_24_1890,5671.A4I5W9,5671.E9AH89,0.138
1119,LINJ_30_2920,LINJ_35_1240,5671.A4I5W9,5671.A4IB17,0.138
1120,LINJ_30_2920,LINJ_36_3570,5671.A4I5W9,5671.A4ID56,0.138
1121,LINJ_30_2920,DHFR-TS,5671.A4I5W9,5671.Q8MQV3,0.104
1122,LINJ_30_2930,LINJ_34_1840,5671.A4I5X0,5671.A4I9Y5,0.042
1123,LINJ_30_3430,LINJ.12.0190,5671.A4I628,5671.E9AGB0,0.054
1124,LINJ_30_3430,LINJ_03_0520,5671.A4I628,5671.E9AG43,0.082
1126,LINJ_30_3430,LINJ_34_0150,5671.A4I628,5671.A4I9I3,0.277
1129,LINJ_30_3610,LINJ_33_1690,5671.A4I646,5671.A4I931,0.065
1134,LINJ_31_3080,LINJ_33_2860,5671.A4I7A2,5671.A4I9B2,0.454
1135,LINJ_31_3260,LINJ_34_0150,5671.A4I7C0,5671.A4I9I3,0.046
1136,LINJ_31_3260,LINJ_33_2860,5671.A4I7C0,5671.A4I9B2,0.494
1137,LINJ_32_0050,LINJ_31_2720,5671.A4I7G8,5671.E9AHL8,0.103
1138,LINJ_32_0050,GCVL-2,5671.A4I7G8,5671.A4I8F6,0.103
1139,LINJ_32_0050,LINJ_33_3360,5671.A4I7G8,5671.A4I9G2,0.21
1142,LINJ_32_0730,LINJ_35_1310,5671.A4I7L2,5671.A4IB24,0.158
1143,LINJ_32_0730,LINJ_33_2910,5671.A4I7L2,5671.A4I9B7,0.137
1151,LINJ_32_1940,LINJ_32_3470,5671.A4I800,5671.A4I8F2,0.345
1152,LINJ_32_1940,DHFR-TS,5671.A4I800,5671.Q8MQV3,0.116
1153,LINJ_32_1940,LINJ_33_2520,5671.A4I800,5671.E9AHQ7,0.403
1156,LINJ_32_2160,LINJ_33_3360,5671.A4I825,5671.A4I9G2,0.055
1159,LINJ_32_3240,LINJ_36_4020,5671.A4I8C9,5671.A4ID13,0.048
1160,LINJ_32_3240,LINJ_35_1310,5671.A4I8C9,5671.A4IB24,0.109
1161,LINJ_32_3470,PABP1,5671.A4I8F2,5671.A4IC57,0.421
1162,LINJ_32_3470,LINJ_36_2130,5671.A4I8F2,5671.A4IDH4,0.345
1163,LINJ_32_3470,DHFR-TS,5671.A4I8F2,5671.Q8MQV3,0.082
1164,LINJ_32_3470,LINJ_31_2720,5671.A4I8F2,5671.E9AHL8,0.499
1165,LINJ_32_3470,GCVL-2,5671.A4I8F2,5671.A4I8F6,0.499
1166,LINJ_32_3470,LINJ_33_2520,5671.A4I8F2,5671.E9AHQ7,0.403
1167,LINJ_32_3470,LINJ_21_1330,5671.A4I8F2,5671.E9AGX7,0.769
1168,GCVL-2,LINJ.12.0830,5671.A4I8F6,5671.E9AGI7,0.052
1169,GCVL-2,LINJ_34_0150,5671.A4I8F6,5671.A4I9I3,0.406
1171,GCVL-2,DHFR-TS,5671.A4I8F6,5671.Q8MQV3,0.053
1172,CYC6,LINJ_29_1420,5671.A4I8F7,5671.E9AHI7,0.303
1173,CYC6,LINJ_36_4020,5671.A4I8F7,5671.A4ID13,0.308
1174,CYC6,LINJ_33_2910,5671.A4I8F7,5671.A4I9B7,0.048
1175,CYC6,LINJ_36_5580,5671.A4I8F7,5671.A4IC77,0.338
1177,CYC6,CRK3,5671.A4I8F7,5671.A4ICT0,0.341
1178,MPK11,LINJ_34_1840,5671.A4I910,5671.A4I9Y5,0.042
1179,LINJ_33_1690,LINJ_36_1840,5671.A4I931,5671.A4IDE7,0.044
1180,LINJ_33_1690,LINJ_36_3570,5671.A4I931,5671.A4ID56,0.044
1183,LINJ_33_2860,LINJ_24_1890,5671.A4I9B2,5671.E9AH89,0.288
1184,LINJ_33_2860,LINJ_35_1240,5671.A4I9B2,5671.A4IB17,0.288
1185,LINJ_33_2860,LINJ_36_3570,5671.A4I9B2,5671.A4ID56,0.288
1186,LINJ_33_2910,CRK3,5671.A4I9B7,5671.A4ICT0,0.072
1188,LINJ_33_2910,LINJ_36_5580,5671.A4I9B7,5671.A4IC77,0.088
1189,LINJ_33_2910,LINJ_29_1420,5671.A4I9B7,5671.E9AHI7,0.104
1190,LINJ_33_2910,LINJ_36_1730,5671.A4I9B7,5671.A4IDD6,0.054
1191,LINJ_33_2910,LINJ_03_0520,5671.A4I9B7,5671.E9AG43,0.046
1192,LINJ_33_2910,LINJ.12.0190,5671.A4I9B7,5671.E9AGB0,0.106
1193,LINJ_33_2910,91E11,5671.A4I9B7,5671.Q9GNZ8,0.046
1194,LINJ_33_2910,RPT6,5671.A4I9B7,5671.A4IE38,0.082
1195,LINJ_33_3360,LINJ_34_3300,5671.A4I9G2,5671.A4IAB8,0.044
1196,LINJ_33_3360,LINJ_35_1270,5671.A4I9G2,5671.A4IB20,0.044
1197,LINJ_33_3360,LINJ_24_0170,5671.A4I9G2,5671.E9AH29,0.082
1199,LINJ_34_0150,LINJ_31_2720,5671.A4I9I3,5671.E9AHL8,0.406
1200,LINJ_34_0150,PGKC,5671.A4I9I3,5671.E9AGT9,0.277
1201,LINJ_34_0150,LINJ_36_1840,5671.A4I9I3,5671.A4IDE7,0.06
1202,LINJ_34_1530,LINJ_35_1730,5671.A4I9V5,5671.A4IB74,0.083
1203,LINJ_34_1530,LINJ_34_1900,5671.A4I9V5,5671.A4IAM7,0.267
1205,LINJ_34_1840,LINJ_19_0140,5671.A4I9Y5,5671.E9AGR7,0.048
1206,LINJ_34_1840,CRK3,5671.A4I9Y5,5671.A4ICT0,0.104
1207,LINJ_34_1840,LINJ_36_0780,5671.A4I9Y5,5671.A4ICR2,0.042
1208,LINJ_34_1840,LMPK,5671.A4I9Y5,5671.A4ICA4,0.042
1212,LINJ_34_1900,LINJ_36_7340,5671.A4IAM7,5671.A4ICE0,0.07
1215,LINJ_35_1240,LINJ_36_1840,5671.A4IB17,5671.A4IDE7,0.138
1216,LINJ_35_1240,DHFR-TS,5671.A4IB17,5671.Q8MQV3,0.072
1217,LINJ_35_1270,91E11,5671.A4IB20,5671.Q9GNZ8,0.104
1218,LINJ_35_1270,LINJ_03_0520,5671.A4IB20,5671.E9AG43,0.207
1219,LINJ_35_1310,91E11,5671.A4IB24,5671.Q9GNZ8,0.048
1220,LINJ_35_1310,LINJ_36_6370,5671.A4IB24,5671.A4IE23,0.159
1221,LINJ_35_1310,LINJ_03_0520,5671.A4IB24,5671.E9AG43,0.058
1222,LINJ_35_1310,LINJ_36_1730,5671.A4IB24,5671.A4IDD6,0.082
1223,LINJ_35_1310,LINJ.12.0190,5671.A4IB24,5671.E9AGB0,0.103
1224,LINJ_35_1310,LINJ_29_1420,5671.A4IB24,5671.E9AHI7,0.059
1225,LINJ_35_1310,RPT6,5671.A4IB24,5671.A4IE38,0.109
1226,LINJ_35_1310,LINJ_36_4020,5671.A4IB24,5671.A4ID13,0.082
1229,LINJ_35_1720,LINJ_36_5320,5671.A4IB73,5671.A4IDT1,0.063
1232,DMC1,DHFR-TS,5671.A4IC25,5671.Q8MQV3,0.143
1233,PABP1,LINJ_36_2130,5671.A4IC57,5671.A4IDH4,0.141
1234,LINJ_36_5580,LINJ_33_2520,5671.A4IC77,5671.E9AHQ7,0.056
1235,LINJ_36_5580,CRK3,5671.A4IC77,5671.A4ICT0,0.243
1236,LINJ_36_5580,LINJ_29_1420,5671.A4IC77,5671.E9AHI7,0.326
1238,CRK3,LINJ_03_0520,5671.A4ICT0,5671.E9AG43,0.082
1239,CRK3,DHFR-TS,5671.A4ICT0,5671.Q8MQV3,0.227
1240,CRK3,LINJ.12.0190,5671.A4ICT0,5671.E9AGB0,0.082
1241,CRK3,RPT6,5671.A4ICT0,5671.A4IE38,0.046
1242,CRK3,LINJ_36_4020,5671.A4ICT0,5671.A4ID13,0.354
1243,CRK3,LINJ_29_1420,5671.A4ICT0,5671.E9AHI7,0.334
1244,LINJ_36_4020,LINJ_29_1420,5671.A4ID13,5671.E9AHI7,0.302
1245,LINJ_36_3570,LINJ_36_1840,5671.A4ID56,5671.A4IDE7,0.138
1246,LINJ_36_3570,DHFR-TS,5671.A4ID56,5671.Q8MQV3,0.072
1248,LINJ_36_1730,LINJ_24_0170,5671.A4IDD6,5671.E9AH29,0.107
1249,LINJ_36_1730,LINJ_03_0520,5671.A4IDD6,5671.E9AG43,0.394
1250,LINJ_36_1730,LINJ.12.0190,5671.A4IDD6,5671.E9AGB0,0.627
1251,LINJ_36_1730,91E11,5671.A4IDD6,5671.Q9GNZ8,0.543
1252,LINJ_36_1730,RPT6,5671.A4IDD6,5671.A4IE38,0.503
1253,LINJ_36_1840,LINJ_24_1890,5671.A4IDE7,5671.E9AH89,0.138
1254,LINJ_36_1840,DHFR-TS,5671.A4IDE7,5671.Q8MQV3,0.104
1255,LINJ_36_2130,DHFR-TS,5671.A4IDH4,5671.Q8MQV3,0.116
1256,LINJ_36_2130,LINJ_33_2520,5671.A4IDH4,5671.E9AHQ7,0.403
1257,LINJ_36_5500,DHFR-TS,5671.A4IDU8,5671.Q8MQV3,0.134
1258,RPT6,LINJ_29_1420,5671.A4IE38,5671.E9AHI7,0.065
1259,RPT6,LINJ_24_0170,5671.A4IE38,5671.E9AH29,0.202
1260,RPT6,LINJ_03_0520,5671.A4IE38,5671.E9AG43,0.715
1261,RPT6,LINJ.12.0190,5671.A4IE38,5671.E9AGB0,0.766
1262,RPT6,91E11,5671.A4IE38,5671.Q9GNZ8,0.394
1263,LINJ_03_0520,LINJ_21_1330,5671.E9AG43,5671.E9AGX7,0.201
1264,LINJ_03_0520,LINJ_29_1420,5671.E9AG43,5671.E9AHI7,0.05
1265,LINJ_03_0520,PGKC,5671.E9AG43,5671.E9AGT9,0.082
1266,LINJ_03_0520,LINJ_24_0170,5671.E9AG43,5671.E9AH29,0.104
1267,LINJ_03_0520,91E11,5671.E9AG43,5671.Q9GNZ8,0.627
1268,LINJ_03_0520,LINJ.12.0190,5671.E9AG43,5671.E9AGB0,0.757
1269,LINJ.12.0190,LINJ_29_1420,5671.E9AGB0,5671.E9AHI7,0.048
1270,LINJ.12.0190,PGKC,5671.E9AGB0,5671.E9AGT9,0.054
1271,LINJ.12.0190,LINJ_24_0170,5671.E9AGB0,5671.E9AH29,0.125
1272,LINJ.12.0190,91E11,5671.E9AGB0,5671.Q9GNZ8,0.477
1273,LINJ.12.0610,LINJ_33_2520,5671.E9AGF3,5671.E9AHQ7,0.043
1274,LINJ.12.0830,LINJ_31_2720,5671.E9AGI7,5671.E9AHL8,0.052
1275,LINJ_19_0150,LINJ_21_1330,5671.E9AGR8,5671.E9AGX7,0.346
1276,LINJ_19_0150,LINJ_24_0170,5671.E9AGR8,5671.E9AH29,0.106
1277,LINJ_19_0150,DHFR-TS,5671.E9AGR8,5671.Q8MQV3,0.267
1279,LINJ_21_1330,DHFR-TS,5671.E9AGX7,5671.Q8MQV3,0.081
1280,LINJ_21_1330,LINJ_33_2520,5671.E9AGX7,5671.E9AHQ7,0.403
1281,LINJ_21_1330,91E11,5671.E9AGX7,5671.Q9GNZ8,0.213
1282,LINJ_24_0170,LINJ_33_2520,5671.E9AH29,5671.E9AHQ7,0.127
1283,LINJ_24_0170,91E11,5671.E9AH29,5671.Q9GNZ8,0.111
1284,LINJ_24_1890,DHFR-TS,5671.E9AH89,5671.Q8MQV3,0.072
1285,LINJ_29_1420,DHFR-TS,5671.E9AHI7,5671.Q8MQV3,0.441
1287,LINJ_31_2720,DHFR-TS,5671.E9AHL8,5671.Q8MQV3,0.053
1288,LINJ_33_2620,DHFR-TS,5671.E9AHR7,5671.Q8MQV3,0.143
