,node_1,node_2,id1,id2,experimentally_determined_interaction
2,CYP51,LINJ_33_1690,5671.A2TEF2,5671.A4I931,0.161
4,CYP51,LINJ_30_3610,5671.A2TEF2,5671.A4I646,0.063
5,CYP51,MPK3,5671.A2TEF2,5671.A4HUG1,0.268
6,CYP51,LINJ_27_0090,5671.A2TEF2,5671.A4I2K5,0.063
7,CYP51,LINJ_21_0740,5671.A2TEF2,5671.A4HZ67,0.108
10,LINJ_01_0270,GCVL-2,5671.A4HRE8,5671.A4I8F6,0.284
11,LINJ_01_0270,GCVL-1,5671.A4HRE8,5671.A4I4P1,0.284
12,LINJ_01_0270,LINJ_31_2720,5671.A4HRE8,5671.E9AHL8,0.284
13,LINJ_01_0270,LINJ_26_0590,5671.A4HRE8,5671.A4I1Z4,0.071
14,LINJ_01_0270,LINJ_02_0360,5671.A4HRE8,5671.A4HRN6,0.48
15,LINJ_01_0270,TRYR,5671.A4HRE8,5671.A4HSF7,0.284
16,LINJ_01_0490,LINJ_02_0100,5671.A4HRH0,5671.A4HRL5,0.154
21,LINJ_01_0510,LINJ_02_0100,5671.A4HRH2,5671.A4HRL5,0.154
25,LINJ_01_0540,LINJ_02_0100,5671.A4HRH5,5671.A4HRL5,0.154
28,LINJ_02_0100,LINJ_34_0990,5671.A4HRL5,5671.A4I9Q1,0.153
29,LINJ_02_0100,LINJ_33_1930,5671.A4HRL5,5671.A4I978,0.071
30,LINJ_02_0100,LINJ_19_0360,5671.A4HRL5,5671.A4HY58,0.071
31,LINJ_02_0100,LINJ_15_0180,5671.A4HRL5,5671.A4HWB5,0.071
32,LINJ_02_0100,LINJ_21_2010,5671.A4HRL5,5671.A4HZH0,0.071
33,LINJ_02_0100,LINJ_36_4460,5671.A4HRL5,5671.A4IE49,0.071
34,LINJ_02_0100,GSK3,5671.A4HRL5,5671.A4HXQ3,0.153
36,LINJ_02_0100,CRK3,5671.A4HRL5,5671.A4ICT0,0.059
37,LINJ_02_0100,LINJ_30_1780,5671.A4HRL5,5671.A4I5K5,0.059
38,LINJ_02_0100,LINJ_05_0550,5671.A4HRL5,5671.A4HSH7,0.059
39,LINJ_02_0100,LINJ_11_0110,5671.A4HRL5,5671.A4HUS3,0.059
40,LINJ_02_0100,CRK,5671.A4HRL5,5671.A4HWZ4,0.059
42,LINJ_02_0100,LINJ_20_1140,5671.A4HRL5,5671.A4HYV4,0.118
43,LINJ_02_0100,LINJ_13_0300,5671.A4HRL5,5671.A4HVG5,0.154
44,LINJ_02_0100,LINJ_03_0220,5671.A4HRL5,5671.A4HRT4,0.154
46,LINJ_02_0100,LINJ_28_2440,5671.A4HRL5,5671.A4I3V8,0.163
47,LINJ_02_0100,LINJ_13_0170,5671.A4HRL5,5671.A4HVF3,0.163
48,LINJ_02_0100,LINJ_36_7340,5671.A4HRL5,5671.A4ICE0,0.163
49,LINJ_02_0100,LINJ_14_0140,5671.A4HRL5,5671.A4HVV6,0.163
50,LINJ_02_0100,DMC1,5671.A4HRL5,5671.A4IC25,0.221
51,LINJ_02_0100,LINJ_33_2620,5671.A4HRL5,5671.E9AHR7,0.221
52,LINJ_02_0100,RAD51,5671.A4HRL5,5671.A4I3C9,0.299
53,LINJ_02_0100,LINJ_17_0070,5671.A4HRL5,5671.A4HX71,0.662
54,LINJ_02_0100,LINJ_32_1520,5671.A4HRL5,5671.A4I7W3,0.999
56,LINJ_02_0230,LINJ_10_1250,5671.A4HRM3,5671.A4HUM8,0.066
57,LINJ_02_0230,LINJ_30_1710,5671.A4HRM3,5671.A4I5J8,0.066
58,LINJ_02_0230,LINJ_09_0900,5671.A4HRM3,5671.A4HU06,0.273
59,LINJ_02_0230,LINJ_32_2160,5671.A4HRM3,5671.A4I825,0.273
60,LINJ_02_0230,Rab11,5671.A4HRM3,5671.A4HUK3,0.273
61,LINJ_02_0230,LINJ_27_0940,5671.A4HRM3,5671.A4I2Q9,0.111
62,LINJ_02_0230,LINJ_20_0820,5671.A4HRM3,5671.A4HYS3,0.111
63,LINJ_02_0230,LINJ_14_0820,5671.A4HRM3,5671.A4HW20,0.273
64,LINJ_02_0230,LINJ_10_1260,5671.A4HRM3,5671.A4HUM9,0.284
65,LINJ_02_0230,LINJ_13_0220,5671.A4HRM3,5671.A4HVF7,0.154
66,LINJ_02_0230,LINJ_18_1140,5671.A4HRM3,5671.A4HXY7,0.154
67,LINJ_02_0230,LINJ_32_0520,5671.A4HRM3,5671.A4I7N3,0.273
68,LINJ_02_0230,LINJ_36_0880,5671.A4HRM3,5671.A4ICQ2,0.282
69,LINJ_02_0270,LINJ_25_0540,5671.A4HRM7,5671.A4I194,0.133
70,LINJ_02_0330,LINJ_29_2600,5671.A4HRN3,5671.A4I4W3,0.126
71,LINJ_02_0330,LINJ_27_1860,5671.A4HRN3,5671.A4I302,0.169
73,LINJ_02_0330,LINJ_34_1530,5671.A4HRN3,5671.A4I9V5,0.153
74,LINJ_02_0330,LINJ_05_0100,5671.A4HRN3,5671.A4HSD9,0.323
75,LINJ_02_0330,LINJ_26_2100,5671.A4HRN3,5671.A4I2D8,0.323
76,LINJ_02_0330,LINJ_09_0520,5671.A4HRN3,5671.A4HTW1,0.323
78,LINJ_02_0330,LINJ_36_5320,5671.A4HRN3,5671.A4IDT1,0.922
80,LINJ_02_0360,LMAIRK,5671.A4HRN6,5671.A4I3C6,0.113
81,LINJ_02_0360,LINJ_26_2460,5671.A4HRN6,5671.A4I2H1,0.113
82,LINJ_02_0360,LINJ_29_1420,5671.A4HRN6,5671.E9AHI7,0.113
83,LINJ_02_0360,LINJ_19_0360,5671.A4HRN6,5671.A4HY58,0.148
84,LINJ_02_0360,LINJ_36_4460,5671.A4HRN6,5671.A4IE49,0.148
85,LINJ_02_0360,LINJ_21_2010,5671.A4HRN6,5671.A4HZH0,0.148
86,LINJ_02_0360,LINJ_15_0180,5671.A4HRN6,5671.A4HWB5,0.148
87,LINJ_02_0360,LINJ_33_1930,5671.A4HRN6,5671.A4I978,0.148
88,LINJ_02_0360,LINJ_35_1310,5671.A4HRN6,5671.A4IB24,0.161
89,LINJ_02_0360,LINJ_07_1000,5671.A4HRN6,5671.A4HTB1,0.161
90,LINJ_02_0360,LINJ_04_0680,5671.A4HRN6,5671.A4HS64,0.161
91,LINJ_02_0360,LINJ_17_0070,5671.A4HRN6,5671.A4HX71,0.09
92,LINJ_02_0360,LINJ_32_0730,5671.A4HRN6,5671.A4I7L2,0.065
93,LINJ_02_0360,LINJ_22_1260,5671.A4HRN6,5671.A4I000,0.067
94,LINJ_02_0360,LINJ_07_0790,5671.A4HRN6,5671.A4HT95,0.067
95,LINJ_02_0360,LINJ_36_6370,5671.A4HRN6,5671.A4IE23,0.067
96,LINJ_02_0360,KATNAL2,5671.A4HRN6,5671.A4HVM4,0.158
97,LINJ_02_0360,LINJ_29_2940,5671.A4HRN6,5671.A4I4Y5,0.295
99,LINJ_02_0360,LINJ_21_0740,5671.A4HRN6,5671.A4HZ67,0.142
100,LINJ_02_0360,RAD51,5671.A4HRN6,5671.A4I3C9,0.554
101,LINJ_02_0360,TOP2,5671.A4HRN6,5671.A4HWL4,0.155
102,LINJ_02_0360,LINJ_28_2450,5671.A4HRN6,5671.A4I3V9,0.155
103,LINJ_02_0360,LINJ_25_1460,5671.A4HRN6,5671.A4I1I6,0.293
104,LINJ_03_0150,LINJ_11_0060,5671.A4HRS7,5671.A4HUR8,0.158
105,LINJ_03_0150,DHFR-TS,5671.A4HRS7,5671.Q8MQV3,0.072
106,LINJ_03_0190,LINJ_27_2390,5671.A4HRT1,5671.A4I345,0.106
107,LINJ_03_0190,LINJ_36_3570,5671.A4HRT1,5671.A4ID56,0.106
108,LINJ_03_0190,LINJ_24_1890,5671.A4HRT1,5671.E9AH89,0.106
109,LINJ_03_0190,LINJ_35_1240,5671.A4HRT1,5671.A4IB17,0.106
110,LINJ_03_0190,LINJ_16_1430,5671.A4HRT1,5671.A4HX32,0.043
112,LINJ_03_0190,LINJ_23_0580,5671.A4HRT1,5671.A4I093,0.07
116,LINJ_03_0200,LINJ_28_0170,5671.A4HRT2,5671.A4I390,0.275
117,LINJ_03_0200,LINJ_26_2100,5671.A4HRT2,5671.A4I2D8,0.263
118,LINJ_03_0200,LINJ_05_0100,5671.A4HRT2,5671.A4HSD9,0.263
119,LINJ_03_0200,LINJ_09_0520,5671.A4HRT2,5671.A4HTW1,0.263
120,LINJ_03_0200,LINJ_26_2540,5671.A4HRT2,5671.A4I2I8,0.069
121,LINJ_03_0200,LINJ_34_1840,5671.A4HRT2,5671.A4I9Y5,0.294
122,LINJ_03_0200,LINJ_25_2070,5671.A4HRT2,5671.A4I1P7,0.197
123,LINJ_03_0200,LINJ_15_1630,5671.A4HRT2,5671.A4HWP5,0.055
124,LINJ_03_0200,LINJ_29_2600,5671.A4HRT2,5671.A4I4W3,0.174
125,LINJ_03_0200,LINJ_19_0130,5671.A4HRT2,5671.E9AGR6,0.174
130,LINJ_03_0870,LINJ_09_0270,5671.A4HRX5,5671.A4HTU3,0.063
131,LINJ_04_0030,PDEA,5671.A4HRZ8,5671.A4HXY3,0.072
132,LINJ_04_0030,PKAC1,5671.A4HRZ8,5671.A4HXY2,0.236
133,LINJ_04_0430,LINJ_13_1500,5671.A4HS39,5671.A4HVS3,0.297
135,LINJ_04_0680,LINJ_36_6370,5671.A4HS64,5671.A4IE23,0.067
136,LINJ_04_0680,LINJ_07_0790,5671.A4HS64,5671.A4HT95,0.067
137,LINJ_04_0680,LINJ_22_1260,5671.A4HS64,5671.A4I000,0.067
138,LINJ_04_0680,LINJ_13_0990,5671.A4HS64,5671.A4HVN7,0.073
139,LINJ_04_0680,LINJ_28_0110,5671.A4HS64,5671.A4I384,0.106
140,LINJ_04_0680,LINJ_22_0440,5671.A4HS64,5671.A4HZT4,0.073
141,LINJ_04_0680,LINJ_22_0490,5671.A4HS64,5671.A4HZT9,0.074
142,LINJ_04_0680,LINJ_03_0520,5671.A4HS64,5671.E9AG43,0.074
143,LINJ_04_0680,LINJ_21_2200,5671.A4HS64,5671.A4HZI9,0.106
144,LINJ_04_0680,LINJ_34_3300,5671.A4HS64,5671.A4IAB8,0.159
145,LINJ_04_0680,LINJ_20_1580,5671.A4HS64,5671.A4HZ08,0.159
146,LINJ_04_0680,LINJ_36_1730,5671.A4HS64,5671.A4IDD6,0.106
147,LINJ_04_0680,LINJ.12.0190,5671.A4HS64,5671.E9AGB0,0.074
148,LINJ_04_0680,LINJ_29_2940,5671.A4HS64,5671.A4I4Y5,0.159
149,LINJ_04_0680,LINJ_32_1520,5671.A4HS64,5671.A4I7W3,0.101
150,LINJ_04_0680,LINJ_26_2460,5671.A4HS64,5671.A4I2H1,0.146
151,LINJ_04_0680,LINJ_29_1420,5671.A4HS64,5671.E9AHI7,0.146
152,LINJ_04_0680,LMAIRK,5671.A4HS64,5671.A4I3C6,0.146
153,LINJ_04_0680,LINJ_30_0970,5671.A4HS64,5671.A4I5C2,0.293
154,LINJ_04_0680,LINJ_25_1460,5671.A4HS64,5671.A4I1I6,0.154
155,LINJ_04_0680,RPT6,5671.A4HS64,5671.A4IE38,0.073
156,LINJ_04_0680,LINJ_06_0140,5671.A4HS64,5671.A4HSQ5,0.106
157,LINJ_04_0680,KATNAL2,5671.A4HS64,5671.A4HVM4,0.158
158,LINJ_04_0680,LINJ_16_0070,5671.A4HS64,5671.A4HWQ5,0.124
159,LINJ_04_0680,LINJ_32_3240,5671.A4HS64,5671.A4I8C9,0.253
160,LINJ_04_0680,LINJ_29_2600,5671.A4HS64,5671.A4I4W3,0.253
161,LINJ_04_0680,LINJ_33_2910,5671.A4HS64,5671.A4I9B7,0.074
162,LINJ_04_0680,LINJ_22_0480,5671.A4HS64,5671.A4HZT8,0.295
163,LINJ_04_0680,LINJ_36_4020,5671.A4HS64,5671.A4ID13,0.293
165,LINJ_04_0680,LINJ_24_2220,5671.A4HS64,5671.A4I122,0.107
166,LINJ_04_0680,LINJ_32_0730,5671.A4HS64,5671.A4I7L2,0.07
167,LINJ_04_1170,KATNAL2,5671.A4HSB4,5671.A4HVM4,0.106
173,LINJ_04_1170,LINJ_34_0150,5671.A4HSB4,5671.A4I9I3,0.076
174,LINJ_05_0100,MPK11,5671.A4HSD9,5671.A4I910,0.263
175,LINJ_05_0100,LINJ_24_0680,5671.A4HSD9,5671.A4I0Q5,0.263
176,LINJ_05_0100,LINJ_10_0200,5671.A4HSD9,5671.A4HUC8,0.263
177,LINJ_05_0100,LINJ_36_0780,5671.A4HSD9,5671.A4ICR2,0.263
178,LINJ_05_0100,MPK3,5671.A4HSD9,5671.A4HUG1,0.263
179,LINJ_05_0100,LMPK,5671.A4HSD9,5671.A4ICA4,0.263
180,LINJ_05_0100,LINJ_30_2930,5671.A4HSD9,5671.A4I5X0,0.263
181,LINJ_05_0100,MPK4,5671.A4HSD9,5671.A4HYH4,0.263
182,LINJ_05_0100,LINJ_26_2540,5671.A4HSD9,5671.A4I2I8,0.261
183,LINJ_05_0100,LINJ_36_5580,5671.A4HSD9,5671.A4IC77,0.261
184,LINJ_05_0100,LINJ_32_0520,5671.A4HSD9,5671.A4I7N3,0.271
185,LINJ_05_0100,LINJ_14_0820,5671.A4HSD9,5671.A4HW20,0.271
186,LINJ_05_0100,Rab11,5671.A4HSD9,5671.A4HUK3,0.271
187,LINJ_05_0100,LINJ_20_0820,5671.A4HSD9,5671.A4HYS3,0.159
188,LINJ_05_0100,LINJ_27_0940,5671.A4HSD9,5671.A4I2Q9,0.159
189,LINJ_05_0100,LINJ_32_2160,5671.A4HSD9,5671.A4I825,0.271
190,LINJ_05_0100,LINJ_09_0900,5671.A4HSD9,5671.A4HU06,0.271
191,LINJ_05_0100,LINJ_35_1720,5671.A4HSD9,5671.A4IB73,0.323
192,LINJ_05_0100,LINJ_25_0960,5671.A4HSD9,5671.A4I1D4,0.266
193,LINJ_05_0100,LINJ_35_2030,5671.A4HSD9,5671.A4IBA2,0.266
194,LINJ_05_0100,LINJ_30_3310,5671.A4HSD9,5671.A4I610,0.266
195,LINJ_05_0100,LINJ_18_1110,5671.A4HSD9,5671.A4HXY4,0.266
196,LINJ_05_0100,DHFR-TS,5671.A4HSD9,5671.Q8MQV3,0.124
197,LINJ_05_0100,KATNAL2,5671.A4HSD9,5671.A4HVM4,0.259
199,TRYR,LINJ_34_0150,5671.A4HSF7,5671.A4I9I3,0.069
200,TRYR,LINJ.12.0830,5671.A4HSF7,5671.E9AGI7,0.112
201,TRYR,LINJ_29_2350,5671.A4HSF7,5671.A4I4T3,0.112
202,TRYR,LINJ_26_0630,5671.A4HSF7,5671.A4I1Z8,0.284
204,LINJ_05_0550,LINJ_17_0070,5671.A4HSH7,5671.A4HX71,0.294
205,LINJ_05_0550,LINJ_21_0210,5671.A4HSH7,5671.A4HZA2,0.26
206,LINJ_05_0550,TOP2,5671.A4HSH7,5671.A4HWL4,0.049
207,LINJ_05_0550,LINJ_28_2450,5671.A4HSH7,5671.A4I3V9,0.049
208,LINJ_05_0550,LINJ_22_0490,5671.A4HSH7,5671.A4HZT9,0.079
209,LINJ_05_0550,LINJ_03_0520,5671.A4HSH7,5671.E9AG43,0.079
211,LINJ_05_0550,LINJ_22_0440,5671.A4HSH7,5671.A4HZT4,0.131
212,LINJ_05_0550,LINJ_13_0990,5671.A4HSH7,5671.A4HVN7,0.131
213,LINJ_05_0550,LINJ.12.0190,5671.A4HSH7,5671.E9AGB0,0.121
214,LINJ_05_0550,RPT6,5671.A4HSH7,5671.A4IE38,0.131
215,LINJ_05_0550,LINJ_36_4020,5671.A4HSH7,5671.A4ID13,0.08
216,LINJ_05_0550,LINJ_33_2910,5671.A4HSH7,5671.A4I9B7,0.156
217,LINJ_05_0550,LINJ_34_1840,5671.A4HSH7,5671.A4I9Y5,0.105
218,LINJ_05_0550,LINJ_26_2460,5671.A4HSH7,5671.A4I2H1,0.161
219,LINJ_05_0550,LINJ_20_0020,5671.A4HSH7,5671.A4HYJ4,0.261
220,LINJ_05_0550,LINJ_36_5580,5671.A4HSH7,5671.A4IC77,0.197
221,LINJ_05_0550,LMAIRK,5671.A4HSH7,5671.A4I3C6,0.161
222,LINJ_05_0550,LINJ_32_1520,5671.A4HSH7,5671.A4I7W3,0.31
223,LINJ_05_0550,LINJ_29_1420,5671.A4HSH7,5671.E9AHI7,0.161
224,LINJ_05_0550,LINJ_24_2220,5671.A4HSH7,5671.A4I122,0.156
225,LINJ_05_0550,LINJ_26_2540,5671.A4HSH7,5671.A4I2I8,0.197
226,LINJ_05_0550,CYC8,5671.A4HSH7,5671.A4I1W9,0.3
227,LINJ_05_0550,CYC6,5671.A4HSH7,5671.A4I8F7,0.3
228,LINJ_05_0550,LINJ_29_2830,5671.A4HSH7,5671.A4I4Y0,0.506
229,LINJ_06_0030,LINJ_32_0050,5671.A4HSP6,5671.A4I7G8,0.199
230,LINJ_06_0140,GSK3,5671.A4HSQ5,5671.A4HXQ3,0.089
231,LINJ_06_0140,LINJ_34_3300,5671.A4HSQ5,5671.A4IAB8,0.173
232,LINJ_06_0140,LINJ_20_1580,5671.A4HSQ5,5671.A4HZ08,0.173
233,LINJ_06_0140,LINJ_35_1310,5671.A4HSQ5,5671.A4IB24,0.106
234,LINJ_06_0140,LINJ_07_1000,5671.A4HSQ5,5671.A4HTB1,0.106
235,LINJ_06_0140,LINJ_09_1280,5671.A4HSQ5,5671.A4HU44,0.173
236,LINJ_06_0140,LINJ_24_0170,5671.A4HSQ5,5671.E9AH29,0.173
237,LINJ_06_0140,LINJ_27_0370,5671.A4HSQ5,5671.A4I2M3,0.173
238,LINJ_06_0140,LINJ_24_2220,5671.A4HSQ5,5671.A4I122,0.106
239,LINJ_06_0140,DHFR-TS,5671.A4HSQ5,5671.Q8MQV3,0.061
241,LINJ_06_0140,LINJ_33_2910,5671.A4HSQ5,5671.A4I9B7,0.106
242,LINJ_06_0140,LINJ_16_0070,5671.A4HSQ5,5671.A4HWQ5,0.173
243,LINJ_06_0140,KATNAL2,5671.A4HSQ5,5671.A4HVM4,0.682
244,LINJ_06_0140,LINJ_22_0440,5671.A4HSQ5,5671.A4HZT4,0.993
245,LINJ_06_0140,LINJ_22_0490,5671.A4HSQ5,5671.A4HZT9,0.993
246,LINJ_06_0140,LINJ_36_1730,5671.A4HSQ5,5671.A4IDD6,0.998
247,LINJ_06_0140,91E11,5671.A4HSQ5,5671.Q9GNZ8,0.998
248,LINJ_06_0140,LINJ.12.0003,5671.A4HSQ5,5671.A4HV47,0.998
249,LINJ_06_0140,LINJ_21_2200,5671.A4HSQ5,5671.A4HZI9,0.998
250,LINJ_06_0140,RPT6,5671.A4HSQ5,5671.A4IE38,0.997
251,LINJ_06_0140,LINJ_28_0110,5671.A4HSQ5,5671.A4I384,0.998
252,LINJ_06_0140,LINJ_13_0990,5671.A4HSQ5,5671.A4HVN7,0.999
253,LINJ_06_0140,LINJ_03_0520,5671.A4HSQ5,5671.E9AG43,0.999
254,LINJ_06_0140,LINJ.12.0190,5671.A4HSQ5,5671.E9AGB0,0.997
255,LINJ_07_0410,LINJ_27_1150,5671.A4HT43,5671.A4I2S6,0.07
256,LINJ_07_0510,LINJ_35_2080,5671.A4HT82,5671.A4IBA6,0.307
257,LINJ_07_0790,LINJ_22_0630,5671.A4HT95,5671.A4HZV1,0.195
258,LINJ_07_0790,LINJ_18_0650,5671.A4HT95,5671.A4HXU0,0.195
259,LINJ_07_0790,LINJ_22_0990,5671.A4HT95,5671.A4HZY8,0.195
260,LINJ_07_0790,LINJ_07_1030,5671.A4HT95,5671.A4HTB4,0.195
261,LINJ_07_0790,LINJ_33_1810,5671.A4HT95,5671.A4I967,0.195
262,LINJ_07_0790,LINJ_07_1000,5671.A4HT95,5671.A4HTB1,0.067
263,LINJ_07_0790,LINJ_35_1310,5671.A4HT95,5671.A4IB24,0.067
264,LINJ_07_1000,LINJ_36_6370,5671.A4HTB1,5671.A4IE23,0.067
266,LINJ_07_1000,LINJ_22_1260,5671.A4HTB1,5671.A4I000,0.067
267,LINJ_07_1000,LINJ_13_0990,5671.A4HTB1,5671.A4HVN7,0.073
268,LINJ_07_1000,LINJ_28_0110,5671.A4HTB1,5671.A4I384,0.106
269,LINJ_07_1000,LINJ_22_0440,5671.A4HTB1,5671.A4HZT4,0.073
270,LINJ_07_1000,LINJ_22_0490,5671.A4HTB1,5671.A4HZT9,0.074
271,LINJ_07_1000,LINJ_03_0520,5671.A4HTB1,5671.E9AG43,0.074
272,LINJ_07_1000,LINJ_21_2200,5671.A4HTB1,5671.A4HZI9,0.106
273,LINJ_07_1000,LINJ_20_1580,5671.A4HTB1,5671.A4HZ08,0.159
274,LINJ_07_1000,LINJ_34_3300,5671.A4HTB1,5671.A4IAB8,0.159
275,LINJ_07_1000,LINJ_36_1730,5671.A4HTB1,5671.A4IDD6,0.106
276,LINJ_07_1000,LINJ_29_2940,5671.A4HTB1,5671.A4I4Y5,0.159
277,LINJ_07_1000,LINJ.12.0190,5671.A4HTB1,5671.E9AGB0,0.074
278,LINJ_07_1000,LINJ_32_1520,5671.A4HTB1,5671.A4I7W3,0.101
279,LINJ_07_1000,LINJ_29_1420,5671.A4HTB1,5671.E9AHI7,0.146
280,LINJ_07_1000,LINJ_26_2460,5671.A4HTB1,5671.A4I2H1,0.146
281,LINJ_07_1000,LMAIRK,5671.A4HTB1,5671.A4I3C6,0.146
282,LINJ_07_1000,LINJ_30_0970,5671.A4HTB1,5671.A4I5C2,0.293
283,LINJ_07_1000,LINJ_25_1460,5671.A4HTB1,5671.A4I1I6,0.154
284,LINJ_07_1000,RPT6,5671.A4HTB1,5671.A4IE38,0.073
285,LINJ_07_1000,KATNAL2,5671.A4HTB1,5671.A4HVM4,0.158
286,LINJ_07_1000,LINJ_16_0070,5671.A4HTB1,5671.A4HWQ5,0.124
287,LINJ_07_1000,LINJ_32_3240,5671.A4HTB1,5671.A4I8C9,0.253
288,LINJ_07_1000,LINJ_29_2600,5671.A4HTB1,5671.A4I4W3,0.253
289,LINJ_07_1000,LINJ_33_2910,5671.A4HTB1,5671.A4I9B7,0.074
290,LINJ_07_1000,LINJ_22_0480,5671.A4HTB1,5671.A4HZT8,0.295
291,LINJ_07_1000,LINJ_36_4020,5671.A4HTB1,5671.A4ID13,0.293
293,LINJ_07_1000,LINJ_24_2220,5671.A4HTB1,5671.A4I122,0.107
294,LINJ_07_1000,LINJ_32_0730,5671.A4HTB1,5671.A4I7L2,0.07
295,LINJ_07_1030,LINJ_36_6370,5671.A4HTB4,5671.A4IE23,0.195
296,LINJ_07_1030,LINJ_22_1260,5671.A4HTB4,5671.A4I000,0.195
297,LINJ_07_1030,LINJ_21_1990,5671.A4HTB4,5671.A4HZG8,0.195
298,LINJ_07_1030,LINJ_09_0270,5671.A4HTB4,5671.A4HTU3,0.089
299,LINJ_07_1210,LINJ_34_1900,5671.A4HTD0,5671.A4IAM7,0.056
301,LINJ_07_1210,LINJ_35_2080,5671.A4HTD0,5671.A4IBA6,0.271
303,LINJ_09_0100,LINJ_25_1360,5671.A4HTS6,5671.A4I1H6,0.13
304,LINJ_09_0100,LINJ_29_2940,5671.A4HTS6,5671.A4I4Y5,0.196
306,LINJ_09_0270,LINJ_29_2830,5671.A4HTU3,5671.A4I4Y0,0.106
307,LINJ_09_0270,LINJ_29_2510,5671.A4HTU3,5671.A4I4V4,0.063
308,LINJ_09_0270,LINJ_24_0280,5671.A4HTU3,5671.E9AH40,0.063
309,LINJ_09_0270,LINJ_35_2660,5671.A4HTU3,5671.A4IBC9,0.063
310,LINJ_09_0270,LINJ_35_0190,5671.A4HTU3,5671.A4IAS0,0.063
311,LINJ_09_0270,LINJ_35_1070,5671.A4HTU3,5671.A4IB02,0.046
312,LINJ_09_0270,LINJ_19_0130,5671.A4HTU3,5671.E9AGR6,0.046
313,LINJ_09_0270,LINJ_18_0650,5671.A4HTU3,5671.A4HXU0,0.089
315,LINJ_09_0270,LINJ_29_2600,5671.A4HTU3,5671.A4I4W3,0.088
316,LINJ_09_0520,LINJ_10_0200,5671.A4HTW1,5671.A4HUC8,0.263
317,LINJ_09_0520,LINJ_36_0780,5671.A4HTW1,5671.A4ICR2,0.263
318,LINJ_09_0520,MPK11,5671.A4HTW1,5671.A4I910,0.263
319,LINJ_09_0520,LINJ_24_0680,5671.A4HTW1,5671.A4I0Q5,0.263
320,LINJ_09_0520,LMPK,5671.A4HTW1,5671.A4ICA4,0.263
321,LINJ_09_0520,MPK3,5671.A4HTW1,5671.A4HUG1,0.263
322,LINJ_09_0520,LINJ_30_2930,5671.A4HTW1,5671.A4I5X0,0.263
323,LINJ_09_0520,MPK4,5671.A4HTW1,5671.A4HYH4,0.263
324,LINJ_09_0520,LINJ_32_0520,5671.A4HTW1,5671.A4I7N3,0.271
325,LINJ_09_0520,LINJ_14_0820,5671.A4HTW1,5671.A4HW20,0.271
326,LINJ_09_0520,Rab11,5671.A4HTW1,5671.A4HUK3,0.271
327,LINJ_09_0520,LINJ_20_0820,5671.A4HTW1,5671.A4HYS3,0.159
328,LINJ_09_0520,LINJ_27_0940,5671.A4HTW1,5671.A4I2Q9,0.159
329,LINJ_09_0520,LINJ_36_5580,5671.A4HTW1,5671.A4IC77,0.261
330,LINJ_09_0520,LINJ_26_2540,5671.A4HTW1,5671.A4I2I8,0.261
331,LINJ_09_0520,LINJ_32_2160,5671.A4HTW1,5671.A4I825,0.271
332,LINJ_09_0520,LINJ_09_0900,5671.A4HTW1,5671.A4HU06,0.271
333,LINJ_09_0520,LINJ_35_1720,5671.A4HTW1,5671.A4IB73,0.323
334,LINJ_09_0520,LINJ_35_2030,5671.A4HTW1,5671.A4IBA2,0.266
335,LINJ_09_0520,LINJ_25_0960,5671.A4HTW1,5671.A4I1D4,0.266
336,LINJ_09_0520,LINJ_18_1110,5671.A4HTW1,5671.A4HXY4,0.266
337,LINJ_09_0520,LINJ_30_3310,5671.A4HTW1,5671.A4I610,0.266
338,LINJ_09_0520,DHFR-TS,5671.A4HTW1,5671.Q8MQV3,0.124
339,LINJ_09_0520,KATNAL2,5671.A4HTW1,5671.A4HVM4,0.259
340,LINJ_09_0900,LINJ_36_0880,5671.A4HU06,5671.A4ICQ2,0.278
341,LINJ_09_0900,LINJ_33_3360,5671.A4HU06,5671.A4I9G2,0.155
342,LINJ_09_0900,LINJ_10_1260,5671.A4HU06,5671.A4HUM9,0.156
343,LINJ_09_0900,LINJ_13_0220,5671.A4HU06,5671.A4HVF7,0.154
344,LINJ_09_0900,LINJ_18_1140,5671.A4HU06,5671.A4HXY7,0.154
345,LINJ_09_0900,LINJ_26_2100,5671.A4HU06,5671.A4I2D8,0.271
346,LINJ_09_0900,LINJ_34_3370,5671.A4HU06,5671.A4IAC5,0.31
347,LINJ_09_0970,GSK3,5671.A4HU13,5671.A4HXQ3,0.161
348,LINJ_09_0970,LINJ_31_2960,5671.A4HU13,5671.A4I790,0.043
349,LINJ_09_1280,LINJ_19_0150,5671.A4HU44,5671.E9AGR8,0.301
350,LINJ_09_1280,LINJ.12.0003,5671.A4HU44,5671.A4HV47,0.113
351,LINJ_09_1280,LINJ_33_3360,5671.A4HU44,5671.A4I9G2,0.169
352,LINJ_09_1280,LINJ_33_2520,5671.A4HU44,5671.E9AHQ7,0.127
353,LINJ_09_1280,LINJ_21_2200,5671.A4HU44,5671.A4HZI9,0.173
354,LINJ_09_1280,LINJ_03_0520,5671.A4HU44,5671.E9AG43,0.159
355,LINJ_09_1280,LINJ_28_0110,5671.A4HU44,5671.A4I384,0.173
356,LINJ_09_1280,LINJ_36_1730,5671.A4HU44,5671.A4IDD6,0.173
357,LINJ_09_1280,LINJ_22_0440,5671.A4HU44,5671.A4HZT4,0.169
358,LINJ_09_1280,RPT6,5671.A4HU44,5671.A4IE38,0.182
359,LINJ_09_1280,LINJ.12.0190,5671.A4HU44,5671.E9AGB0,0.257
360,LINJ_09_1280,91E11,5671.A4HU44,5671.Q9GNZ8,0.299
361,LINJ_09_1280,LINJ_22_0490,5671.A4HU44,5671.A4HZT9,0.181
362,LINJ_09_1280,LINJ_13_0990,5671.A4HU44,5671.A4HVN7,0.266
363,LINJ_09_1280,LINJ_24_1970,5671.A4HU44,5671.A4I0Z7,0.652
367,LINJ_10_0090,LINJ_20_0020,5671.A4HUB8,5671.A4HYJ4,0.061
369,LINJ_10_0200,LINJ_28_0170,5671.A4HUC8,5671.A4I390,0.275
370,LINJ_10_0200,LINJ_29_1420,5671.A4HUC8,5671.E9AHI7,0.053
371,LINJ_10_0200,LINJ_26_2100,5671.A4HUC8,5671.A4I2D8,0.263
372,LINJ_10_0200,LINJ_28_3240,5671.A4HUC8,5671.A4I435,0.079
373,LINJ_10_0200,LINJ_25_2070,5671.A4HUC8,5671.A4I1P7,0.197
374,LINJ_10_0200,LINJ_34_1840,5671.A4HUC8,5671.A4I9Y5,0.294
375,LINJ_10_0200,LINJ_29_2600,5671.A4HUC8,5671.A4I4W3,0.174
376,MPK3,LINJ_28_0170,5671.A4HUG1,5671.A4I390,0.275
377,MPK3,LINJ_26_2100,5671.A4HUG1,5671.A4I2D8,0.263
379,MPK3,LINJ_15_1630,5671.A4HUG1,5671.A4HWP5,0.055
380,MPK3,LINJ_34_1840,5671.A4HUG1,5671.A4I9Y5,0.294
381,LINJ_10_0830,LINJ_20_0020,5671.A4HUJ0,5671.A4HYJ4,0.117
382,Rab11,LINJ_33_3360,5671.A4HUK3,5671.A4I9G2,0.155
383,Rab11,LINJ_26_2540,5671.A4HUK3,5671.A4I2I8,0.196
384,Rab11,LINJ_36_5580,5671.A4HUK3,5671.A4IC77,0.196
385,Rab11,LINJ_26_2100,5671.A4HUK3,5671.A4I2D8,0.271
386,Rab11,LINJ_18_1140,5671.A4HUK3,5671.A4HXY7,0.162
387,Rab11,LINJ_13_0220,5671.A4HUK3,5671.A4HVF7,0.162
388,Rab11,LINJ_10_1250,5671.A4HUK3,5671.A4HUM8,0.181
389,Rab11,LINJ_10_1260,5671.A4HUK3,5671.A4HUM9,0.271
390,Rab11,LINJ_30_1710,5671.A4HUK3,5671.A4I5J8,0.181
391,Rab11,LMPK,5671.A4HUK3,5671.A4ICA4,0.154
392,Rab11,LINJ_34_3370,5671.A4HUK3,5671.A4IAC5,0.699
393,LINJ_10_1250,LINJ_10_1260,5671.A4HUM8,5671.A4HUM9,0.301
394,LINJ_10_1250,LINJ_13_0220,5671.A4HUM8,5671.A4HVF7,0.154
395,LINJ_10_1250,LINJ_18_1140,5671.A4HUM8,5671.A4HXY7,0.154
396,LINJ_10_1250,LINJ_14_0820,5671.A4HUM8,5671.A4HW20,0.181
397,LINJ_10_1250,LINJ_32_0520,5671.A4HUM8,5671.A4I7N3,0.181
398,LINJ_10_1260,LINJ_20_0820,5671.A4HUM9,5671.A4HYS3,0.074
399,LINJ_10_1260,LINJ_27_0940,5671.A4HUM9,5671.A4I2Q9,0.074
400,LINJ_10_1260,LINJ_32_0050,5671.A4HUM9,5671.A4I7G8,0.062
401,LINJ_10_1260,LINJ_32_2160,5671.A4HUM9,5671.A4I825,0.156
402,LINJ_10_1260,LINJ_30_1710,5671.A4HUM9,5671.A4I5J8,0.301
403,LINJ_10_1260,LINJ_33_3360,5671.A4HUM9,5671.A4I9G2,0.071
404,LINJ_10_1260,LINJ_14_0820,5671.A4HUM9,5671.A4HW20,0.271
405,LINJ_11_0040,LINJ_31_3080,5671.A4HUR6,5671.A4I7A2,0.103
406,LINJ_11_0040,KATNAL2,5671.A4HUR6,5671.A4HVM4,0.249
407,LINJ_11_0060,LINJ_30_3430,5671.A4HUR8,5671.A4I628,0.127
408,LINJ_11_0060,PGKC,5671.A4HUR8,5671.E9AGT9,0.127
412,LINJ_11_0110,LINJ_29_2600,5671.A4HUS3,5671.A4I4W3,0.161
413,LINJ_11_0110,TOP2,5671.A4HUS3,5671.A4HWL4,0.049
414,LINJ_11_0110,LINJ_28_2450,5671.A4HUS3,5671.A4I3V9,0.049
415,LINJ_11_0110,LINJ_22_0490,5671.A4HUS3,5671.A4HZT9,0.079
416,LINJ_11_0110,LINJ_03_0520,5671.A4HUS3,5671.E9AG43,0.079
418,LINJ_11_0110,LINJ_13_0990,5671.A4HUS3,5671.A4HVN7,0.131
419,LINJ_11_0110,LINJ_22_0440,5671.A4HUS3,5671.A4HZT4,0.131
420,LINJ_11_0110,LINJ.12.0190,5671.A4HUS3,5671.E9AGB0,0.121
421,LINJ_11_0110,RPT6,5671.A4HUS3,5671.A4IE38,0.131
422,LINJ_11_0110,LINJ_36_4020,5671.A4HUS3,5671.A4ID13,0.08
423,LINJ_11_0110,LINJ_17_0070,5671.A4HUS3,5671.A4HX71,0.294
424,LINJ_11_0110,LINJ_25_2070,5671.A4HUS3,5671.A4I1P7,0.041
425,LINJ_11_0110,LINJ_33_2910,5671.A4HUS3,5671.A4I9B7,0.156
426,LINJ_11_0110,LINJ_34_1840,5671.A4HUS3,5671.A4I9Y5,0.105
427,LINJ_11_0110,LINJ_26_2460,5671.A4HUS3,5671.A4I2H1,0.161
428,LINJ_11_0110,LINJ_20_0020,5671.A4HUS3,5671.A4HYJ4,0.261
429,LINJ_11_0110,LINJ_36_5580,5671.A4HUS3,5671.A4IC77,0.197
430,LINJ_11_0110,LMAIRK,5671.A4HUS3,5671.A4I3C6,0.161
431,LINJ_11_0110,LINJ_32_1520,5671.A4HUS3,5671.A4I7W3,0.31
432,LINJ_11_0110,LINJ_29_1420,5671.A4HUS3,5671.E9AHI7,0.161
433,LINJ_11_0110,LINJ_24_2220,5671.A4HUS3,5671.A4I122,0.156
434,LINJ_11_0110,CYC6,5671.A4HUS3,5671.A4I8F7,0.3
435,LINJ_11_0110,CYC8,5671.A4HUS3,5671.A4I1W9,0.3
436,LINJ_11_0110,LINJ_26_2540,5671.A4HUS3,5671.A4I2I8,0.197
437,LINJ_11_0110,LINJ_29_2830,5671.A4HUS3,5671.A4I4Y0,0.506
439,LINJ_11_0600,LINJ_23_0580,5671.A4HUX0,5671.A4I093,0.063
444,LINJ_11_0600,LINJ_31_3080,5671.A4HUX0,5671.A4I7A2,0.071
445,LINJ_11_0600,LINJ_31_3260,5671.A4HUX0,5671.A4I7C0,0.963
446,LINJ.12.0003,LINJ_30_1070,5671.A4HV47,5671.A4I5D2,0.104
447,LINJ.12.0003,GSK3,5671.A4HV47,5671.A4HXQ3,0.062
448,LINJ.12.0003,LINJ_24_0170,5671.A4HV47,5671.E9AH29,0.113
449,LINJ.12.0003,LINJ_27_0370,5671.A4HV47,5671.A4I2M3,0.113
453,LINJ.12.0003,KATNAL2,5671.A4HV47,5671.A4HVM4,0.7
454,LINJ.12.0003,RPT6,5671.A4HV47,5671.A4IE38,0.982
455,LINJ.12.0003,LINJ.12.0190,5671.A4HV47,5671.E9AGB0,0.99
456,LINJ.12.0003,LINJ_22_0490,5671.A4HV47,5671.A4HZT9,0.994
457,LINJ.12.0003,LINJ_36_1730,5671.A4HV47,5671.A4IDD6,0.998
458,LINJ.12.0003,91E11,5671.A4HV47,5671.Q9GNZ8,0.998
459,LINJ.12.0003,LINJ_21_2200,5671.A4HV47,5671.A4HZI9,0.998
460,LINJ.12.0003,LINJ_22_0440,5671.A4HV47,5671.A4HZT4,0.995
461,LINJ.12.0003,LINJ_28_0110,5671.A4HV47,5671.A4I384,0.998
462,LINJ.12.0003,LINJ_03_0520,5671.A4HV47,5671.E9AG43,0.999
463,LINJ.12.0003,LINJ_13_0990,5671.A4HV47,5671.A4HVN7,0.995
464,LINJ_13_0170,LINJ_34_1900,5671.A4HVF3,5671.A4IAM7,0.292
465,LINJ_13_0170,LINJ_21_0740,5671.A4HVF3,5671.A4HZ67,0.29
466,LINJ_13_0220,VPS4,5671.A4HVF7,5671.A4I4W4,0.29
467,LINJ_13_0220,LINJ_32_2160,5671.A4HVF7,5671.A4I825,0.154
468,LINJ_13_0220,LINJ_14_0820,5671.A4HVF7,5671.A4HW20,0.162
469,LINJ_13_0220,LINJ_30_1710,5671.A4HVF7,5671.A4I5J8,0.154
470,LINJ_13_0220,LINJ_32_0520,5671.A4HVF7,5671.A4I7N3,0.154
471,LINJ_13_0220,LINJ_20_1140,5671.A4HVF7,5671.A4HYV4,0.078
472,LINJ_13_0220,LINJ_24_2090,5671.A4HVF7,5671.A4I109,0.315
473,LINJ_13_0650,CRK1,5671.A4HVK4,5671.E9AGX6,0.656
474,KATNAL2,LINJ_27_0940,5671.A4HVM4,5671.A4I2Q9,0.154
475,KATNAL2,LINJ_24_0170,5671.A4HVM4,5671.E9AH29,0.154
476,KATNAL2,PGKC,5671.A4HVM4,5671.E9AGT9,0.08
477,KATNAL2,LINJ_30_3430,5671.A4HVM4,5671.A4I628,0.08
479,KATNAL2,LINJ_33_2620,5671.A4HVM4,5671.E9AHR7,0.274
480,KATNAL2,DMC1,5671.A4HVM4,5671.A4IC25,0.274
481,KATNAL2,LINJ_35_1270,5671.A4HVM4,5671.A4IB20,0.154
482,KATNAL2,LINJ_21_0960,5671.A4HVM4,5671.A4HZM5,0.234
483,KATNAL2,LINJ_19_0150,5671.A4HVM4,5671.E9AGR8,0.234
484,KATNAL2,LINJ_28_2450,5671.A4HVM4,5671.A4I3V9,0.257
485,KATNAL2,TOP2,5671.A4HVM4,5671.A4HWL4,0.257
486,KATNAL2,RAD51,5671.A4HVM4,5671.A4I3C9,0.274
487,KATNAL2,LMAIRK,5671.A4HVM4,5671.A4I3C6,0.116
488,KATNAL2,LINJ_26_2460,5671.A4HVM4,5671.A4I2H1,0.116
489,KATNAL2,LINJ_29_1420,5671.A4HVM4,5671.E9AHI7,0.116
490,KATNAL2,LINJ_29_2600,5671.A4HVM4,5671.A4I4W3,0.161
491,KATNAL2,LINJ_32_3240,5671.A4HVM4,5671.A4I8C9,0.161
492,KATNAL2,GSK3,5671.A4HVM4,5671.A4HXQ3,0.161
493,KATNAL2,LINJ_33_2520,5671.A4HVM4,5671.E9AHQ7,0.196
494,KATNAL2,LINJ_34_0990,5671.A4HVM4,5671.A4I9Q1,0.161
495,KATNAL2,LINJ_25_0960,5671.A4HVM4,5671.A4I1D4,0.291
496,KATNAL2,LINJ_18_1110,5671.A4HVM4,5671.A4HXY4,0.291
497,KATNAL2,LINJ_35_2030,5671.A4HVM4,5671.A4IBA2,0.291
498,KATNAL2,LINJ_30_3310,5671.A4HVM4,5671.A4I610,0.291
499,KATNAL2,LINJ_24_1970,5671.A4HVM4,5671.A4I0Z7,0.304
500,KATNAL2,LINJ_24_2220,5671.A4HVM4,5671.A4I122,0.158
501,KATNAL2,LINJ_35_1310,5671.A4HVM4,5671.A4IB24,0.158
502,KATNAL2,LINJ_22_0480,5671.A4HVM4,5671.A4HZT8,0.158
503,KATNAL2,LINJ_33_2910,5671.A4HVM4,5671.A4I9B7,0.158
504,KATNAL2,VPS4,5671.A4HVM4,5671.A4I4W4,0.068
505,KATNAL2,ABCC4,5671.A4HVM4,5671.A4I6Q3,0.249
506,KATNAL2,LINJ_25_0540,5671.A4HVM4,5671.A4I194,0.249
507,KATNAL2,ABCH2,5671.A4HVM4,5671.A4I4M8,0.249
508,KATNAL2,LINJ_33_3360,5671.A4HVM4,5671.A4I9G2,0.196
509,KATNAL2,LINJ_19_0540,5671.A4HVM4,5671.A4HY76,0.234
510,KATNAL2,LINJ_26_2100,5671.A4HVM4,5671.A4I2D8,0.259
511,KATNAL2,LINJ_22_1070,5671.A4HVM4,5671.E9AGZ5,0.698
512,KATNAL2,LINJ_36_1730,5671.A4HVM4,5671.A4IDD6,0.682
513,KATNAL2,LINJ_28_0110,5671.A4HVM4,5671.A4I384,0.682
514,KATNAL2,LINJ_21_2200,5671.A4HVM4,5671.A4HZI9,0.682
515,KATNAL2,LINJ_03_0520,5671.A4HVM4,5671.E9AG43,0.7
516,KATNAL2,LINJ.12.0190,5671.A4HVM4,5671.E9AGB0,0.7
517,KATNAL2,LINJ_22_0490,5671.A4HVM4,5671.A4HZT9,0.7
518,KATNAL2,91E11,5671.A4HVM4,5671.Q9GNZ8,0.999
519,LINJ_13_0990,CRK,5671.A4HVN7,5671.A4HWZ4,0.131
520,LINJ_13_0990,CRK3,5671.A4HVN7,5671.A4ICT0,0.131
521,LINJ_13_0990,LINJ_30_1780,5671.A4HVN7,5671.A4I5K5,0.131
522,LINJ_13_0990,LINJ_35_1310,5671.A4HVN7,5671.A4IB24,0.073
523,LINJ_13_0990,LINJ_27_1150,5671.A4HVN7,5671.A4I2S6,0.088
525,LINJ_13_0990,LINJ_25_1360,5671.A4HVN7,5671.A4I1H6,0.076
526,LINJ_13_0990,LINJ_30_1070,5671.A4HVN7,5671.A4I5D2,0.301
527,LINJ_13_0990,LMAIRK,5671.A4HVN7,5671.A4I3C6,0.064
528,LINJ_13_0990,LINJ_26_2460,5671.A4HVN7,5671.A4I2H1,0.064
529,LINJ_13_0990,LINJ_29_1420,5671.A4HVN7,5671.E9AHI7,0.064
530,LINJ_13_0990,GSK3,5671.A4HVN7,5671.A4HXQ3,0.064
531,LINJ_13_0990,LINJ_24_2220,5671.A4HVN7,5671.A4I122,0.073
532,LINJ_13_0990,LINJ_27_0370,5671.A4HVN7,5671.A4I2M3,0.266
533,LINJ_13_0990,LINJ_33_2910,5671.A4HVN7,5671.A4I9B7,0.073
534,LINJ_13_0990,LINJ_24_0170,5671.A4HVN7,5671.E9AH29,0.266
535,LINJ_13_0990,LINJ_36_1730,5671.A4HVN7,5671.A4IDD6,0.991
536,LINJ_13_0990,LINJ_03_0520,5671.A4HVN7,5671.E9AG43,0.999
537,LINJ_13_0990,LINJ.12.0190,5671.A4HVN7,5671.E9AGB0,0.999
538,LINJ_13_0990,LINJ_22_0490,5671.A4HVN7,5671.A4HZT9,0.999
539,LINJ_13_0990,91E11,5671.A4HVN7,5671.Q9GNZ8,0.999
540,LINJ_13_0990,LINJ_21_2200,5671.A4HVN7,5671.A4HZI9,0.999
541,LINJ_13_0990,RPT6,5671.A4HVN7,5671.A4IE38,0.999
542,LINJ_13_0990,LINJ_28_0110,5671.A4HVN7,5671.A4I384,0.999
543,LINJ_13_0990,LINJ_22_0440,5671.A4HVN7,5671.A4HZT4,0.999
544,LINJ_13_1060,LINJ_31_2960,5671.A4HVP4,5671.A4I790,0.043
545,LINJ_13_1060,GSK3,5671.A4HVP4,5671.A4HXQ3,0.161
547,LINJ_13_1500,LINJ_27_0510,5671.A4HVS3,5671.A4I2N6,0.297
548,LINJ_13_1500,LINJ_31_0450,5671.A4HVS3,5671.A4I6E4,0.297
549,LINJ_13_1500,LINJ_31_0480,5671.A4HVS3,5671.A4I6E6,0.297
550,LINJ_13_1500,LINJ_20_1230,5671.A4HVS3,5671.A4HYW2,0.297
551,LINJ_13_1500,LINJ_27_2520,5671.A4HVS3,5671.E9AHC1,0.297
552,LINJ_13_1500,LINJ_31_0420,5671.A4HVS3,5671.A4I6K5,0.297
553,LINJ_13_1500,LINJ_30_2040,5671.A4HVS3,5671.A4I5N1,0.297
554,LINJ_13_1580,LINJ_24_0170,5671.A4HVT1,5671.E9AH29,0.061
555,LINJ_13_1580,LINJ_33_3360,5671.A4HVT1,5671.A4I9G2,0.169
556,LINJ_13_1580,VPS4,5671.A4HVT1,5671.A4I4W4,0.06
559,LINJ_14_0020,LINJ_34_1530,5671.A4HVU4,5671.A4I9V5,0.182
560,LINJ_14_0020,LINJ_30_1060,5671.A4HVU4,5671.A4I5D1,0.073
561,LINJ_14_0020,LINJ_15_1630,5671.A4HVU4,5671.A4HWP5,0.073
562,LINJ_14_0140,LINJ_34_1900,5671.A4HVV6,5671.A4IAM7,0.292
563,LINJ_14_0140,LINJ_22_0480,5671.A4HVV6,5671.A4HZT8,0.075
564,LINJ_14_0140,LINJ_21_0740,5671.A4HVV6,5671.A4HZ67,0.29
571,LINJ_14_0580,LINJ_20_0020,5671.A4HVZ9,5671.A4HYJ4,0.062
572,LINJ_14_0580,LINJ_25_0440,5671.A4HVZ9,5671.A4I186,0.922
573,LINJ_14_0820,LINJ_33_3360,5671.A4HW20,5671.A4I9G2,0.155
574,LINJ_14_0820,LINJ_36_5580,5671.A4HW20,5671.A4IC77,0.196
575,LINJ_14_0820,LINJ_26_2540,5671.A4HW20,5671.A4I2I8,0.196
576,LINJ_14_0820,LINJ_26_2100,5671.A4HW20,5671.A4I2D8,0.271
577,LINJ_14_0820,LINJ_18_1140,5671.A4HW20,5671.A4HXY7,0.162
578,LINJ_14_0820,LINJ_30_1710,5671.A4HW20,5671.A4I5J8,0.181
579,LINJ_14_0820,LINJ_34_3370,5671.A4HW20,5671.A4IAC5,0.699
580,LINJ_15_0520,LINJ_33_3360,5671.A4HWE8,5671.A4I9G2,0.169
581,LINJ_15_0520,VPS4,5671.A4HWE8,5671.A4I4W4,0.06
582,TOP2,CRK3,5671.A4HWL4,5671.A4ICT0,0.049
583,TOP2,CRK,5671.A4HWL4,5671.A4HWZ4,0.049
584,TOP2,LINJ_30_1780,5671.A4HWL4,5671.A4I5K5,0.049
587,TOP2,LMAIRK,5671.A4HWL4,5671.A4I3C6,0.123
588,TOP2,LINJ_29_1420,5671.A4HWL4,5671.E9AHI7,0.123
589,TOP2,LINJ_26_2460,5671.A4HWL4,5671.A4I2H1,0.123
590,TOP2,LINJ_24_2220,5671.A4HWL4,5671.A4I122,0.097
592,LINJ_15_1540,PDEA,5671.A4HWN6,5671.A4HXY3,0.072
593,LINJ_15_1540,PKAC1,5671.A4HWN6,5671.A4HXY2,0.236
596,LINJ_15_1550,PDEA,5671.A4HWN7,5671.A4HXY3,0.072
597,LINJ_15_1550,PKAC1,5671.A4HWN7,5671.A4HXY2,0.236
599,LINJ_15_1630,GSK3,5671.A4HWP5,5671.A4HXQ3,0.197
600,LINJ_15_1630,LINJ_29_2600,5671.A4HWP5,5671.A4I4W3,0.197
601,LINJ_16_0070,LINJ_36_1730,5671.A4HWQ5,5671.A4IDD6,0.173
602,LINJ_16_0070,LINJ_33_3360,5671.A4HWQ5,5671.A4I9G2,0.169
603,LINJ_16_0070,LINJ_35_1310,5671.A4HWQ5,5671.A4IB24,0.124
605,LINJ_16_0070,LINJ_20_1580,5671.A4HWQ5,5671.A4HZ08,0.92
606,LINJ_16_0070,LINJ_34_3300,5671.A4HWQ5,5671.A4IAB8,0.92
609,LINJ_16_0590,LINJ_31_3080,5671.A4HWV8,5671.A4I7A2,0.067
611,LINJ_16_0640,LINJ_24_2220,5671.A4HWW3,5671.A4I122,0.145
612,LINJ_16_0640,LINJ_25_0440,5671.A4HWW3,5671.A4I186,0.268
613,LINJ_16_0640,LINJ_25_1460,5671.A4HWW3,5671.A4I1I6,0.311
614,LINJ_16_0730,LINJ_34_1530,5671.A4HWX0,5671.A4I9V5,0.158
615,LINJ_16_0730,LINJ_29_2410,5671.A4HWX0,5671.A4I4U4,0.332
616,CRK,LINJ_30_3530,5671.A4HWZ4,5671.A4I638,0.067
617,CRK,LINJ_28_2450,5671.A4HWZ4,5671.A4I3V9,0.049
618,CRK,LINJ_22_0490,5671.A4HWZ4,5671.A4HZT9,0.079
619,CRK,LINJ_03_0520,5671.A4HWZ4,5671.E9AG43,0.079
621,CRK,LINJ_22_0440,5671.A4HWZ4,5671.A4HZT4,0.131
622,CRK,LINJ.12.0190,5671.A4HWZ4,5671.E9AGB0,0.121
623,CRK,RPT6,5671.A4HWZ4,5671.A4IE38,0.131
624,CRK,LINJ_21_0210,5671.A4HWZ4,5671.A4HZA2,0.26
625,CRK,LINJ_36_4020,5671.A4HWZ4,5671.A4ID13,0.08
626,CRK,LINJ_33_2910,5671.A4HWZ4,5671.A4I9B7,0.156
627,CRK,LINJ_34_1840,5671.A4HWZ4,5671.A4I9Y5,0.105
628,CRK,LINJ_26_2460,5671.A4HWZ4,5671.A4I2H1,0.161
629,CRK,LMAIRK,5671.A4HWZ4,5671.A4I3C6,0.161
630,CRK,LINJ_29_1420,5671.A4HWZ4,5671.E9AHI7,0.161
631,CRK,LINJ_20_0020,5671.A4HWZ4,5671.A4HYJ4,0.261
632,CRK,LINJ_36_5580,5671.A4HWZ4,5671.A4IC77,0.197
633,CRK,LINJ_26_2540,5671.A4HWZ4,5671.A4I2I8,0.197
634,CRK,LINJ_32_1520,5671.A4HWZ4,5671.A4I7W3,0.31
635,CRK,LINJ_24_2220,5671.A4HWZ4,5671.A4I122,0.156
636,CRK,CYC8,5671.A4HWZ4,5671.A4I1W9,0.3
637,CRK,CYC6,5671.A4HWZ4,5671.A4I8F7,0.3
638,CRK,LINJ_29_2830,5671.A4HWZ4,5671.A4I4Y0,0.506
643,LINJ_16_1430,LINJ_30_2920,5671.A4HX32,5671.A4I5W9,0.043
644,LINJ_16_1430,LINJ_36_1840,5671.A4HX32,5671.A4IDE7,0.043
647,LINJ_17_0070,LINJ_36_5580,5671.A4HX71,5671.A4IC77,0.321
648,LINJ_17_0070,RAD51,5671.A4HX71,5671.A4I3C9,0.27
649,LINJ_17_0070,LINJ_26_2540,5671.A4HX71,5671.A4I2I8,0.321
650,LINJ_17_0070,LINJ_29_2830,5671.A4HX71,5671.A4I4Y0,0.78
651,LINJ_17_0070,LINJ_32_1520,5671.A4HX71,5671.A4I7W3,0.798
652,LINJ_17_0550,LINJ_34_1840,5671.A4HXC3,5671.A4I9Y5,0.284
653,LINJ_17_0550,LINJ_26_2540,5671.A4HXC3,5671.A4I2I8,0.271
654,GMPR,LINJ_32_3470,5671.A4HXF5,5671.A4I8F2,0.109
656,GMPR,LINJ_27_1150,5671.A4HXF5,5671.A4I2S6,0.109
661,LINJ_18_0150,LINJ_33_2520,5671.A4HXP1,5671.E9AHQ7,0.66
662,GSK3,LINJ_29_2600,5671.A4HXQ3,5671.A4I4W3,0.258
663,GSK3,LINJ_36_5320,5671.A4HXQ3,5671.A4IDT1,0.153
664,GSK3,LINJ_34_1840,5671.A4HXQ3,5671.A4I9Y5,0.29
665,GSK3,PKAC1,5671.A4HXQ3,5671.A4HXY2,0.184
666,GSK3,LINJ_33_2520,5671.A4HXQ3,5671.E9AHQ7,0.283
667,GSK3,LINJ_28_0860,5671.A4HXQ3,5671.A4I3F5,0.161
668,GSK3,LINJ_36_1730,5671.A4HXQ3,5671.A4IDD6,0.089
669,GSK3,91E11,5671.A4HXQ3,5671.Q9GNZ8,0.063
670,GSK3,RPT6,5671.A4HXQ3,5671.A4IE38,0.061
671,GSK3,LINJ_03_0520,5671.A4HXQ3,5671.E9AG43,0.087
672,GSK3,LINJ_22_0440,5671.A4HXQ3,5671.A4HZT4,0.085
673,GSK3,LINJ_21_2200,5671.A4HXQ3,5671.A4HZI9,0.089
674,GSK3,LINJ_28_0110,5671.A4HXQ3,5671.A4I384,0.089
675,GSK3,LINJ.12.0190,5671.A4HXQ3,5671.E9AGB0,0.087
676,GSK3,LINJ_22_0490,5671.A4HXQ3,5671.A4HZT9,0.087
677,GSK3,CYC6,5671.A4HXQ3,5671.A4I8F7,0.16
678,GSK3,LINJ_25_1360,5671.A4HXQ3,5671.A4I1H6,0.179
679,GSK3,CRK1,5671.A4HXQ3,5671.E9AGX6,0.092
680,GSK3,LINJ_30_3530,5671.A4HXQ3,5671.A4I638,0.103
681,GSK3,LINJ_35_1030,5671.A4HXQ3,5671.A4IAZ8,0.103
682,LINJ_18_0650,LINJ_22_1260,5671.A4HXU0,5671.A4I000,0.195
683,LINJ_18_0650,LINJ_36_6370,5671.A4HXU0,5671.A4IE23,0.195
684,LINJ_18_0650,LINJ_21_1990,5671.A4HXU0,5671.A4HZG8,0.195
685,LINJ_18_0650,LINJ_29_2600,5671.A4HXU0,5671.A4I4W3,0.157
687,PKAC1,LINJ_29_2790,5671.A4HXY2,5671.A4I4X6,0.236
688,PKAC1,LINJ_29_2550,5671.A4HXY2,5671.A4I4V8,0.236
689,PDEA,LINJ_29_2790,5671.A4HXY3,5671.A4I4X6,0.072
690,PDEA,LINJ_29_2550,5671.A4HXY3,5671.A4I4V8,0.072
691,LINJ_18_1110,LINJ_26_2100,5671.A4HXY4,5671.A4I2D8,0.266
692,LINJ_18_1140,VPS4,5671.A4HXY7,5671.A4I4W4,0.29
693,LINJ_18_1140,LINJ_32_2160,5671.A4HXY7,5671.A4I825,0.154
694,LINJ_18_1140,LINJ_24_2090,5671.A4HXY7,5671.A4I109,0.315
695,LINJ_18_1140,LINJ_30_1710,5671.A4HXY7,5671.A4I5J8,0.154
696,LINJ_18_1140,LINJ_32_0520,5671.A4HXY7,5671.A4I7N3,0.154
699,LINJ_19_0540,LINJ_32_3470,5671.A4HY76,5671.A4I8F2,0.042
700,LINJ_19_0540,NMT,5671.A4HY76,5671.A4I7H1,0.066
702,LINJ_19_0540,LINJ_21_0960,5671.A4HY76,5671.A4HZM5,0.154
703,MPK4,LINJ_28_0170,5671.A4HYH4,5671.A4I390,0.275
704,MPK4,LINJ_26_2100,5671.A4HYH4,5671.A4I2D8,0.263
705,MPK4,LINJ_34_1840,5671.A4HYH4,5671.A4I9Y5,0.294
706,MPK4,LINJ_28_2450,5671.A4HYH4,5671.A4I3V9,0.072
707,NOS,LINJ_33_2520,5671.A4HYH5,5671.E9AHQ7,0.172
709,LINJ_19_1590,LINJ_27_1150,5671.A4HYI5,5671.A4I2S6,0.109
710,LINJ_19_1590,LINJ_32_3470,5671.A4HYI5,5671.A4I8F2,0.109
716,LINJ_20_0020,LINJ_28_1210,5671.A4HYJ4,5671.A4I3I7,0.159
717,LINJ_20_0020,LINJ_32_0050,5671.A4HYJ4,5671.A4I7G8,0.062
718,LINJ_20_0020,LINJ_30_1460,5671.A4HYJ4,5671.A4I5H1,0.084
719,LINJ_20_0020,LINJ_36_5580,5671.A4HYJ4,5671.A4IC77,0.246
720,LINJ_20_0020,LINJ_26_2540,5671.A4HYJ4,5671.A4I2I8,0.246
721,LINJ_20_0020,CRK3,5671.A4HYJ4,5671.A4ICT0,0.261
722,LINJ_20_0020,LINJ_30_1780,5671.A4HYJ4,5671.A4I5K5,0.261
724,LINJ_20_0020,CYC6,5671.A4HYJ4,5671.A4I8F7,0.288
725,LINJ_20_0020,CYC8,5671.A4HYJ4,5671.A4I1W9,0.288
726,LINJ_20_0020,LINJ_27_0920,5671.A4HYJ4,5671.A4I2Q7,0.122
729,LINJ_20_0020,LINJ_24_2350,5671.A4HYJ4,5671.A4I135,0.684
730,LINJ_20_0020,LINJ_19_0150,5671.A4HYJ4,5671.E9AGR8,0.702
731,LINJ_20_0820,LINJ_26_2100,5671.A4HYS3,5671.A4I2D8,0.159
732,LINJ_20_0820,LINJ_24_1970,5671.A4HYS3,5671.A4I0Z7,0.304
733,LINJ_20_0820,LINJ_36_0880,5671.A4HYS3,5671.A4ICQ2,0.07
734,LINJ_20_0820,LINJ_33_3360,5671.A4HYS3,5671.A4I9G2,0.316
735,LINJ_20_1140,LINJ_33_2520,5671.A4HYV4,5671.E9AHQ7,0.298
737,LINJ_20_1140,LINJ_24_2090,5671.A4HYV4,5671.A4I109,0.116
739,LINJ_20_1450,LINJ_25_1460,5671.A4HYY3,5671.A4I1I6,0.702
740,LINJ_20_1580,LINJ_33_3360,5671.A4HZ08,5671.A4I9G2,0.169
741,LINJ_20_1580,LINJ_35_1310,5671.A4HZ08,5671.A4IB24,0.159
743,LINJ_21_0740,NMT,5671.A4HZ67,5671.A4I7H1,0.07
744,LINJ_21_0740,LINJ_33_2520,5671.A4HZ67,5671.E9AHQ7,0.196
745,LINJ_21_0740,LINJ_34_1900,5671.A4HZ67,5671.A4IAM7,0.303
746,LINJ_21_0740,LINJ_28_2440,5671.A4HZ67,5671.A4I3V8,0.29
747,LINJ_21_0740,LINJ_36_7340,5671.A4HZ67,5671.A4ICE0,0.29
748,LINJ_21_0210,LINJ_29_2830,5671.A4HZA2,5671.A4I4Y0,0.628
749,LINJ_21_1990,LINJ_33_1810,5671.A4HZG8,5671.A4I967,0.195
750,LINJ_21_1990,LINJ_22_0990,5671.A4HZG8,5671.A4HZY8,0.195
751,LINJ_21_1990,LINJ_22_0630,5671.A4HZG8,5671.A4HZV1,0.195
752,LINJ_21_2200,LINJ_32_3470,5671.A4HZI9,5671.A4I8F2,0.072
753,LINJ_21_2200,LINJ_35_1310,5671.A4HZI9,5671.A4IB24,0.106
754,LINJ_21_2200,LINJ_25_1360,5671.A4HZI9,5671.A4I1H6,0.132
755,LINJ_21_2200,LINJ_27_0370,5671.A4HZI9,5671.A4I2M3,0.173
756,LINJ_21_2200,LINJ_24_0170,5671.A4HZI9,5671.E9AH29,0.173
757,LINJ_21_2200,LINJ_21_1330,5671.A4HZI9,5671.E9AGX7,0.072
758,LINJ_21_2200,LMAIRK,5671.A4HZI9,5671.A4I3C6,0.069
759,LINJ_21_2200,LINJ_29_1420,5671.A4HZI9,5671.E9AHI7,0.069
760,LINJ_21_2200,LINJ_26_2460,5671.A4HZI9,5671.A4I2H1,0.069
761,LINJ_21_2200,LINJ_27_1150,5671.A4HZI9,5671.A4I2S6,0.072
762,LINJ_21_2200,LINJ_24_2220,5671.A4HZI9,5671.A4I122,0.106
763,LINJ_21_2200,LINJ_33_2910,5671.A4HZI9,5671.A4I9B7,0.106
764,LINJ_21_2200,LINJ.12.0190,5671.A4HZI9,5671.E9AGB0,0.998
765,LINJ_21_2200,LINJ_03_0520,5671.A4HZI9,5671.E9AG43,0.999
766,LINJ_21_2200,RPT6,5671.A4HZI9,5671.A4IE38,0.995
767,LINJ_21_2200,LINJ_22_0440,5671.A4HZI9,5671.A4HZT4,0.999
768,LINJ_21_2200,LINJ_28_0110,5671.A4HZI9,5671.A4I384,0.998
769,LINJ_21_2200,LINJ_22_0490,5671.A4HZI9,5671.A4HZT9,0.999
770,LINJ_21_2200,LINJ_36_1730,5671.A4HZI9,5671.A4IDD6,0.998
771,LINJ_21_2200,91E11,5671.A4HZI9,5671.Q9GNZ8,0.998
772,LINJ_21_0960,NMT,5671.A4HZM5,5671.A4I7H1,0.066
774,LINJ_22_0440,LINJ_30_1070,5671.A4HZT4,5671.A4I5D2,0.161
775,LINJ_22_0440,LINJ_25_1360,5671.A4HZT4,5671.A4I1H6,0.066
776,LINJ_22_0440,LINJ_32_3470,5671.A4HZT4,5671.A4I8F2,0.088
777,LINJ_22_0440,LINJ_21_1330,5671.A4HZT4,5671.E9AGX7,0.151
778,LINJ_22_0440,LINJ_30_1780,5671.A4HZT4,5671.A4I5K5,0.131
779,LINJ_22_0440,CRK3,5671.A4HZT4,5671.A4ICT0,0.131
780,LINJ_22_0440,LINJ_35_1310,5671.A4HZT4,5671.A4IB24,0.073
781,LINJ_22_0440,LINJ_29_1420,5671.A4HZT4,5671.E9AHI7,0.078
782,LINJ_22_0440,LINJ_26_2460,5671.A4HZT4,5671.A4I2H1,0.078
783,LINJ_22_0440,LMAIRK,5671.A4HZT4,5671.A4I3C6,0.078
784,LINJ_22_0440,LINJ_27_0370,5671.A4HZT4,5671.A4I2M3,0.169
785,LINJ_22_0440,LINJ_24_0170,5671.A4HZT4,5671.E9AH29,0.169
786,LINJ_22_0440,LINJ_24_2220,5671.A4HZT4,5671.A4I122,0.109
787,LINJ_22_0440,LINJ_33_2910,5671.A4HZT4,5671.A4I9B7,0.073
788,LINJ_22_0440,LINJ_36_1730,5671.A4HZT4,5671.A4IDD6,0.989
789,LINJ_22_0440,LINJ_22_0490,5671.A4HZT4,5671.A4HZT9,0.999
790,LINJ_22_0440,91E11,5671.A4HZT4,5671.Q9GNZ8,0.999
791,LINJ_22_0440,RPT6,5671.A4HZT4,5671.A4IE38,0.999
792,LINJ_22_0440,LINJ_28_0110,5671.A4HZT4,5671.A4I384,0.997
793,LINJ_22_0440,LINJ_03_0520,5671.A4HZT4,5671.E9AG43,0.999
794,LINJ_22_0440,LINJ.12.0190,5671.A4HZT4,5671.E9AGB0,0.999
796,LINJ_22_0480,LINJ_28_2440,5671.A4HZT8,5671.A4I3V8,0.075
797,LINJ_22_0480,LINJ_29_2940,5671.A4HZT8,5671.A4I4Y5,0.159
798,LINJ_22_0480,LINJ_36_7340,5671.A4HZT8,5671.A4ICE0,0.075
799,LINJ_22_0480,LINJ_25_1460,5671.A4HZT8,5671.A4I1I6,0.154
800,LINJ_22_0480,LINJ_32_1520,5671.A4HZT8,5671.A4I7W3,0.101
801,LINJ_22_0480,LINJ_24_2220,5671.A4HZT8,5671.A4I122,0.136
802,LINJ_22_0480,LINJ_35_1310,5671.A4HZT8,5671.A4IB24,0.295
803,LINJ_22_0480,LINJ_32_0730,5671.A4HZT8,5671.A4I7L2,0.065
804,LINJ_22_0490,LINJ_21_1330,5671.A4HZT9,5671.E9AGX7,0.137
805,LINJ_22_0490,LINJ_30_1780,5671.A4HZT9,5671.A4I5K5,0.079
806,LINJ_22_0490,CRK3,5671.A4HZT9,5671.A4ICT0,0.079
807,LINJ_22_0490,LINJ_35_1310,5671.A4HZT9,5671.A4IB24,0.074
808,LINJ_22_0490,LINJ_26_2460,5671.A4HZT9,5671.A4I2H1,0.078
809,LINJ_22_0490,LINJ_29_1420,5671.A4HZT9,5671.E9AHI7,0.078
810,LINJ_22_0490,LMAIRK,5671.A4HZT9,5671.A4I3C6,0.078
811,LINJ_22_0490,PGKC,5671.A4HZT9,5671.E9AGT9,0.089
812,LINJ_22_0490,LINJ_30_3430,5671.A4HZT9,5671.A4I628,0.089
813,LINJ_22_0490,LINJ_30_1070,5671.A4HZT9,5671.A4I5D2,0.341
814,LINJ_22_0490,LINJ_24_2220,5671.A4HZT9,5671.A4I122,0.074
815,LINJ_22_0490,LINJ_27_0370,5671.A4HZT9,5671.A4I2M3,0.181
816,LINJ_22_0490,LINJ_33_2910,5671.A4HZT9,5671.A4I9B7,0.074
817,LINJ_22_0490,LINJ_24_0170,5671.A4HZT9,5671.E9AH29,0.181
818,LINJ_22_0490,LINJ_36_1730,5671.A4HZT9,5671.A4IDD6,0.987
819,LINJ_22_0490,LINJ_28_0110,5671.A4HZT9,5671.A4I384,0.998
820,LINJ_22_0490,RPT6,5671.A4HZT9,5671.A4IE38,0.999
821,LINJ_22_0490,91E11,5671.A4HZT9,5671.Q9GNZ8,0.999
822,LINJ_22_0490,LINJ_03_0520,5671.A4HZT9,5671.E9AG43,0.999
823,LINJ_22_0490,LINJ.12.0190,5671.A4HZT9,5671.E9AGB0,0.999
824,LINJ_22_0630,LINJ_36_6370,5671.A4HZV1,5671.A4IE23,0.195
825,LINJ_22_0630,LINJ_22_1260,5671.A4HZV1,5671.A4I000,0.195
826,LINJ_22_0630,LINJ_29_2600,5671.A4HZV1,5671.A4I4W3,0.157
827,LINJ_22_0990,LINJ_22_1260,5671.A4HZY8,5671.A4I000,0.195
828,LINJ_22_0990,LINJ_36_6370,5671.A4HZY8,5671.A4IE23,0.195
829,LINJ_22_1260,LINJ_33_1810,5671.A4I000,5671.A4I967,0.195
830,LINJ_22_1260,LINJ_35_1310,5671.A4I000,5671.A4IB24,0.067
831,LINJ_23_0580,LINJ_34_1900,5671.A4I093,5671.A4IAM7,0.188
834,LINJ_23_0580,LINJ_34_0150,5671.A4I093,5671.A4I9I3,0.108
835,LINJ_23_0580,LINJ_30_2920,5671.A4I093,5671.A4I5W9,0.07
836,LINJ_23_0580,LINJ_36_1840,5671.A4I093,5671.A4IDE7,0.07
837,LINJ_23_0580,LINJ_31_3080,5671.A4I093,5671.A4I7A2,0.07
838,LINJ_24_0680,LINJ_28_0170,5671.A4I0Q5,5671.A4I390,0.275
839,LINJ_24_0680,LINJ_26_2100,5671.A4I0Q5,5671.A4I2D8,0.263
840,LINJ_24_0680,LINJ_34_1840,5671.A4I0Q5,5671.A4I9Y5,0.294
841,LINJ_24_1500,LINJ_34_1840,5671.A4I0Y4,5671.A4I9Y5,0.284
843,LINJ_24_1970,LINJ_32_1310,5671.A4I0Z7,5671.A4I7U2,0.154
844,LINJ_24_1970,LINJ_35_1270,5671.A4I0Z7,5671.A4IB20,0.304
845,LINJ_24_1970,LINJ_27_0940,5671.A4I0Z7,5671.A4I2Q9,0.304
849,LINJ_24_1970,LINJ_27_0370,5671.A4I0Z7,5671.A4I2M3,0.652
850,LINJ_24_1970,LINJ_24_0170,5671.A4I0Z7,5671.E9AH29,0.652
854,LINJ_24_2220,RAD51,5671.A4I122,5671.A4I3C9,0.196
855,LINJ_24_2220,LINJ_29_2940,5671.A4I122,5671.A4I4Y5,0.159
856,LINJ_24_2220,LINJ_25_1460,5671.A4I122,5671.A4I1I6,0.154
857,LINJ_24_2220,LINJ_36_4020,5671.A4I122,5671.A4ID13,0.206
858,LINJ_24_2220,LINJ_36_1730,5671.A4I122,5671.A4IDD6,0.106
859,LINJ_24_2220,DHFR-TS,5671.A4I122,5671.Q8MQV3,0.122
860,LINJ_24_2220,LINJ_30_1780,5671.A4I122,5671.A4I5K5,0.156
861,LINJ_24_2220,CRK3,5671.A4I122,5671.A4ICT0,0.156
862,LINJ_24_2220,LINJ_26_2540,5671.A4I122,5671.A4I2I8,0.091
863,LINJ_24_2220,LINJ_36_5580,5671.A4I122,5671.A4IC77,0.091
864,LINJ_24_2220,LINJ_28_0110,5671.A4I122,5671.A4I384,0.106
865,LINJ_24_2220,LINJ_35_1310,5671.A4I122,5671.A4IB24,0.107
866,LINJ_24_2220,LINJ_03_0520,5671.A4I122,5671.E9AG43,0.074
868,LINJ_24_2220,RPT6,5671.A4I122,5671.A4IE38,0.073
869,LINJ_24_2220,CYC8,5671.A4I122,5671.A4I1W9,0.112
870,LINJ_24_2220,CYC6,5671.A4I122,5671.A4I8F7,0.112
871,LINJ_24_2220,LINJ.12.0190,5671.A4I122,5671.E9AGB0,0.074
872,LINJ_24_2220,LINJ_28_2450,5671.A4I122,5671.A4I3V9,0.097
873,LINJ_24_2220,LINJ_32_0730,5671.A4I122,5671.A4I7L2,0.065
874,LINJ_24_2220,LINJ_26_2460,5671.A4I122,5671.A4I2H1,0.113
875,LINJ_24_2220,LINJ_29_1420,5671.A4I122,5671.E9AHI7,0.113
876,LINJ_24_2220,LMAIRK,5671.A4I122,5671.A4I3C6,0.113
877,LINJ_24_2220,LINJ_33_2910,5671.A4I122,5671.A4I9B7,0.109
879,LINJ_24_2350,LINJ_27_0920,5671.A4I135,5671.A4I2Q7,0.066
880,LINJ_24_2350,LINJ_19_0150,5671.A4I135,5671.E9AGR8,0.452
885,LINJ_25_0540,LINJ_33_3410,5671.A4I194,5671.A4I9G7,0.073
886,LINJ_25_0960,LINJ_30_3310,5671.A4I1D4,5671.A4I610,0.124
887,LINJ_25_0960,LINJ_26_2100,5671.A4I1D4,5671.A4I2D8,0.266
888,LINJ_25_1360,LINJ.12.0190,5671.A4I1H6,5671.E9AGB0,0.072
889,LINJ_25_1360,PABP1,5671.A4I1H6,5671.A4IC57,0.13
890,LINJ_25_1360,LINJ_03_0520,5671.A4I1H6,5671.E9AG43,0.072
891,LINJ_25_1360,LINJ_28_0110,5671.A4I1H6,5671.A4I384,0.18
892,LINJ_25_1360,91E11,5671.A4I1H6,5671.Q9GNZ8,0.18
893,LINJ_25_1360,LINJ_36_1730,5671.A4I1H6,5671.A4IDD6,0.182
894,LINJ_25_1360,LINJ_26_2540,5671.A4I1H6,5671.A4I2I8,0.343
895,LINJ_25_1360,LINJ_36_5580,5671.A4I1H6,5671.A4IC77,0.343
896,LINJ_25_1360,LINJ_27_1150,5671.A4I1H6,5671.A4I2S6,0.67
898,LINJ_25_1460,LINJ_33_2910,5671.A4I1I6,5671.A4I9B7,0.154
899,LINJ_25_1460,LINJ_35_1310,5671.A4I1I6,5671.A4IB24,0.154
902,LINJ_25_1580,MPK11,5671.A4I1J8,5671.A4I910,0.174
903,LINJ_25_1580,LMPK,5671.A4I1J8,5671.A4ICA4,0.174
906,LINJ_25_2070,LINJ_34_1840,5671.A4I1P7,5671.A4I9Y5,0.298
907,LINJ_25_2070,MPK11,5671.A4I1P7,5671.A4I910,0.197
910,CYC8,LINJ_26_2460,5671.A4I1W9,5671.A4I2H1,0.168
911,CYC8,LINJ_29_1420,5671.A4I1W9,5671.E9AHI7,0.168
912,CYC8,LMAIRK,5671.A4I1W9,5671.A4I3C6,0.168
913,CYC8,LINJ_36_4020,5671.A4I1W9,5671.A4ID13,0.166
914,CYC8,LINJ_32_1520,5671.A4I1W9,5671.A4I7W3,0.369
915,CYC8,LINJ_33_2910,5671.A4I1W9,5671.A4I9B7,0.112
917,CYC8,LINJ_30_1780,5671.A4I1W9,5671.A4I5K5,0.3
918,CYC8,CRK3,5671.A4I1W9,5671.A4ICT0,0.3
919,CYC8,LINJ_36_5580,5671.A4I1W9,5671.A4IC77,0.294
920,CYC8,LINJ_26_2540,5671.A4I1W9,5671.A4I2I8,0.294
921,CYC8,LINJ_29_2830,5671.A4I1W9,5671.A4I4Y0,0.647
923,LINJ_26_0590,LINJ_30_1700,5671.A4I1Z4,5671.A4I5J7,0.068
925,LINJ_26_0590,LINJ_33_2520,5671.A4I1Z4,5671.E9AHQ7,0.117
926,LINJ_26_0590,LINJ_27_1150,5671.A4I1Z4,5671.A4I2S6,0.434
927,LINJ_26_0590,LINJ_21_1330,5671.A4I1Z4,5671.E9AGX7,0.434
928,LINJ_26_0590,LINJ_32_3470,5671.A4I1Z4,5671.A4I8F2,0.434
929,LINJ_26_0590,LINJ_30_2830,5671.A4I1Z4,5671.A4I5W0,0.699
930,LINJ_26_0590,LINJ_32_1940,5671.A4I1Z4,5671.A4I800,0.699
931,LINJ_26_0590,LINJ_36_2130,5671.A4I1Z4,5671.A4IDH4,0.699
932,LINJ_26_0630,GCVL-2,5671.A4I1Z8,5671.A4I8F6,0.284
933,LINJ_26_0630,LINJ_31_2720,5671.A4I1Z8,5671.E9AHL8,0.284
934,LINJ_26_0630,GCVL-1,5671.A4I1Z8,5671.A4I4P1,0.284
935,LINJ_26_2100,LMPK,5671.A4I2D8,5671.A4ICA4,0.263
936,LINJ_26_2100,LINJ_30_2930,5671.A4I2D8,5671.A4I5X0,0.263
937,LINJ_26_2100,MPK11,5671.A4I2D8,5671.A4I910,0.263
938,LINJ_26_2100,LINJ_36_0780,5671.A4I2D8,5671.A4ICR2,0.263
939,LINJ_26_2100,LINJ_32_0520,5671.A4I2D8,5671.A4I7N3,0.271
940,LINJ_26_2100,LINJ_27_0940,5671.A4I2D8,5671.A4I2Q9,0.159
941,LINJ_26_2100,LINJ_32_2160,5671.A4I2D8,5671.A4I825,0.271
942,LINJ_26_2100,LINJ_35_1720,5671.A4I2D8,5671.A4IB73,0.323
943,LINJ_26_2100,LINJ_30_3310,5671.A4I2D8,5671.A4I610,0.266
944,LINJ_26_2100,LINJ_35_2030,5671.A4I2D8,5671.A4IBA2,0.266
945,LINJ_26_2100,DHFR-TS,5671.A4I2D8,5671.Q8MQV3,0.124
946,LINJ_26_2460,LINJ_35_1310,5671.A4I2H1,5671.A4IB24,0.146
949,LINJ_26_2460,CYC6,5671.A4I2H1,5671.A4I8F7,0.168
950,LINJ_26_2460,LINJ_36_1730,5671.A4I2H1,5671.A4IDD6,0.069
951,LINJ_26_2460,CRK3,5671.A4I2H1,5671.A4ICT0,0.161
952,LINJ_26_2460,LINJ_30_1780,5671.A4I2H1,5671.A4I5K5,0.161
953,LINJ_26_2460,LINJ_28_0110,5671.A4I2H1,5671.A4I384,0.069
954,LINJ_26_2460,LINJ_03_0520,5671.A4I2H1,5671.E9AG43,0.071
955,LINJ_26_2460,LINJ.12.0190,5671.A4I2H1,5671.E9AGB0,0.071
956,LINJ_26_2460,RPT6,5671.A4I2H1,5671.A4IE38,0.064
957,LINJ_26_2460,LINJ_28_2450,5671.A4I2H1,5671.A4I3V9,0.123
958,LINJ_26_2460,LINJ_33_2910,5671.A4I2H1,5671.A4I9B7,0.113
959,LINJ_26_2460,LINJ_36_5580,5671.A4I2H1,5671.A4IC77,0.298
960,LINJ_26_2460,LINJ_26_2540,5671.A4I2H1,5671.A4I2I8,0.298
961,LINJ_26_2460,LINJ_36_4020,5671.A4I2H1,5671.A4ID13,0.653
962,LINJ_26_2540,LINJ_19_0140,5671.A4I2I8,5671.E9AGR7,0.271
963,LINJ_26_2540,LINJ_33_2520,5671.A4I2I8,5671.E9AHQ7,0.204
964,LINJ_26_2540,LINJ_32_1900,5671.A4I2I8,5671.A4I7Z6,0.068
965,LINJ_26_2540,LINJ_30_1780,5671.A4I2I8,5671.A4I5K5,0.197
966,LINJ_26_2540,LINJ_33_2910,5671.A4I2I8,5671.A4I9B7,0.091
967,LINJ_26_2540,CRK3,5671.A4I2I8,5671.A4ICT0,0.197
968,LINJ_26_2540,CYC6,5671.A4I2I8,5671.A4I8F7,0.294
969,LINJ_26_2540,LMAIRK,5671.A4I2I8,5671.A4I3C6,0.298
970,LINJ_26_2540,LINJ_29_1420,5671.A4I2I8,5671.E9AHI7,0.298
971,LINJ_26_2540,LINJ_29_2830,5671.A4I2I8,5671.A4I4Y0,0.671
972,LINJ_27_0090,LINJ_33_1690,5671.A4I2K5,5671.A4I931,0.197
973,LINJ_27_0370,LINJ_19_0150,5671.A4I2M3,5671.E9AGR8,0.301
974,LINJ_27_0370,LINJ_33_3360,5671.A4I2M3,5671.A4I9G2,0.169
975,LINJ_27_0370,LINJ_33_2520,5671.A4I2M3,5671.E9AHQ7,0.127
976,LINJ_27_0370,LINJ_28_0110,5671.A4I2M3,5671.A4I384,0.173
977,LINJ_27_0370,LINJ_36_1730,5671.A4I2M3,5671.A4IDD6,0.173
978,LINJ_27_0370,LINJ_03_0520,5671.A4I2M3,5671.E9AG43,0.159
979,LINJ_27_0370,91E11,5671.A4I2M3,5671.Q9GNZ8,0.299
980,LINJ_27_0370,LINJ.12.0190,5671.A4I2M3,5671.E9AGB0,0.257
981,LINJ_27_0370,RPT6,5671.A4I2M3,5671.A4IE38,0.182
982,LINJ_27_0920,LINJ_33_3360,5671.A4I2Q7,5671.A4I9G2,0.169
983,LINJ_27_0920,LINJ_19_0150,5671.A4I2Q7,5671.E9AGR8,0.159
984,LINJ_27_0940,LINJ_36_0880,5671.A4I2Q9,5671.A4ICQ2,0.07
985,LINJ_27_0940,LINJ_33_3360,5671.A4I2Q9,5671.A4I9G2,0.316
990,LINJ_27_1150,LINJ_30_1700,5671.A4I2S6,5671.A4I5J7,0.083
991,LINJ_27_1150,LINJ.12.0190,5671.A4I2S6,5671.E9AGB0,0.137
992,LINJ_27_1150,LINJ_03_0520,5671.A4I2S6,5671.E9AG43,0.145
993,LINJ_27_1150,LINJ_30_1070,5671.A4I2S6,5671.A4I5D2,0.076
994,LINJ_27_1150,DHFR-TS,5671.A4I2S6,5671.Q8MQV3,0.068
995,LINJ_27_1150,91E11,5671.A4I2S6,5671.Q9GNZ8,0.154
996,LINJ_27_1150,LINJ_33_2520,5671.A4I2S6,5671.E9AHQ7,0.185
997,LINJ_27_1150,LINJ_19_0150,5671.A4I2S6,5671.E9AGR8,0.042
998,LINJ_27_1150,LINJ_21_1330,5671.A4I2S6,5671.E9AGX7,0.999
999,LINJ_27_1150,LINJ_32_3470,5671.A4I2S6,5671.A4I8F2,0.999
1000,LINJ_27_1170,RPT6,5671.A4I2S8,5671.A4IE38,0.084
1001,LINJ_27_1860,LINJ_33_2520,5671.A4I302,5671.E9AHQ7,0.158
1002,LINJ_27_1860,LINJ_35_1720,5671.A4I302,5671.A4IB73,0.169
1004,LINJ_27_2390,LINJ_36_1840,5671.A4I345,5671.A4IDE7,0.106
1005,LINJ_27_2390,LINJ_30_2920,5671.A4I345,5671.A4I5W9,0.106
1007,LINJ_27_2390,LINJ_33_2860,5671.A4I345,5671.A4I9B2,0.276
1008,LINJ_28_0110,LINJ_35_1310,5671.A4I384,5671.A4IB24,0.106
1009,LINJ_28_0110,LINJ_24_0170,5671.A4I384,5671.E9AH29,0.173
1010,LINJ_28_0110,LINJ_29_1420,5671.A4I384,5671.E9AHI7,0.069
1011,LINJ_28_0110,LMAIRK,5671.A4I384,5671.A4I3C6,0.069
1012,LINJ_28_0110,LINJ_33_2910,5671.A4I384,5671.A4I9B7,0.106
1013,LINJ_28_0110,RPT6,5671.A4I384,5671.A4IE38,0.999
1014,LINJ_28_0110,91E11,5671.A4I384,5671.Q9GNZ8,0.998
1015,LINJ_28_0110,LINJ_36_1730,5671.A4I384,5671.A4IDD6,0.998
1016,LINJ_28_0110,LINJ_03_0520,5671.A4I384,5671.E9AG43,0.999
1017,LINJ_28_0110,LINJ.12.0190,5671.A4I384,5671.E9AGB0,0.997
1018,LINJ_28_0170,LINJ_30_2930,5671.A4I390,5671.A4I5X0,0.275
1019,LINJ_28_0170,LMPK,5671.A4I390,5671.A4ICA4,0.275
1020,LINJ_28_0170,MPK11,5671.A4I390,5671.A4I910,0.275
1021,LINJ_28_0170,LINJ_36_0780,5671.A4I390,5671.A4ICR2,0.275
1022,LMAIRK,LINJ_35_1310,5671.A4I3C6,5671.A4IB24,0.146
1025,LMAIRK,LINJ_36_1730,5671.A4I3C6,5671.A4IDD6,0.069
1026,LMAIRK,LINJ_30_1780,5671.A4I3C6,5671.A4I5K5,0.161
1027,LMAIRK,LINJ_03_0520,5671.A4I3C6,5671.E9AG43,0.071
1028,LMAIRK,LINJ.12.0190,5671.A4I3C6,5671.E9AGB0,0.071
1029,LMAIRK,RPT6,5671.A4I3C6,5671.A4IE38,0.064
1030,LMAIRK,LINJ_28_2450,5671.A4I3C6,5671.A4I3V9,0.123
1031,LMAIRK,CRK3,5671.A4I3C6,5671.A4ICT0,0.161
1032,LMAIRK,LINJ_33_2910,5671.A4I3C6,5671.A4I9B7,0.113
1033,LMAIRK,CYC6,5671.A4I3C6,5671.A4I8F7,0.168
1034,LMAIRK,LINJ_36_5580,5671.A4I3C6,5671.A4IC77,0.298
1035,LMAIRK,LINJ_36_4020,5671.A4I3C6,5671.A4ID13,0.653
1036,RAD51,LINJ_32_1520,5671.A4I3C9,5671.A4I7W3,0.304
1037,RAD51,LINJ_31_0560,5671.A4I3C9,5671.A4I6L1,0.656
1039,RAD51,DMC1,5671.A4I3C9,5671.A4IC25,0.645
1040,RAD51,LINJ_33_2620,5671.A4I3C9,5671.E9AHR7,0.645
1041,LINJ_28_0860,LINJ_36_6370,5671.A4I3F5,5671.A4IE23,0.127
1043,LINJ_28_0860,LINJ_31_2960,5671.A4I3F5,5671.A4I790,0.043
1044,LINJ_28_1350,LINJ_33_2520,5671.A4I3K3,5671.E9AHQ7,0.172
1046,LDK,LINJ_29_2830,5671.A4I3S8,5671.A4I4Y0,0.628
1047,LINJ_28_2440,LINJ_34_1900,5671.A4I3V8,5671.A4IAM7,0.292
1048,LINJ_28_2450,LINJ_30_1780,5671.A4I3V9,5671.A4I5K5,0.049
1049,LINJ_28_2450,CRK3,5671.A4I3V9,5671.A4ICT0,0.049
1051,LINJ_28_2450,LINJ_29_1420,5671.A4I3V9,5671.E9AHI7,0.123
1058,LINJ_29_1550,LINJ_34_3370,5671.A4I4K7,5671.A4IAC5,0.297
1059,ABCH2,LINJ_31_3080,5671.A4I4M8,5671.A4I7A2,0.103
1060,GCVL-1,LINJ.12.0830,5671.A4I4P1,5671.E9AGI7,0.112
1061,GCVL-1,LINJ_29_2350,5671.A4I4P1,5671.A4I4T3,0.112
1064,GCVL-1,LINJ_34_0150,5671.A4I4P1,5671.A4I9I3,0.069
1068,LINJ_29_2350,LINJ_31_2720,5671.A4I4T3,5671.E9AHL8,0.112
1069,LINJ_29_2350,GCVL-2,5671.A4I4T3,5671.A4I8F6,0.112
1070,LINJ_29_2410,LINJ_35_1730,5671.A4I4U4,5671.A4IB74,0.332
1071,LINJ_29_2410,LINJ_34_1530,5671.A4I4U4,5671.A4I9V5,0.196
1073,LINJ_29_2600,LINJ_33_1810,5671.A4I4W3,5671.A4I967,0.157
1074,LINJ_29_2600,LINJ_30_2930,5671.A4I4W3,5671.A4I5X0,0.174
1075,LINJ_29_2600,LINJ_32_1900,5671.A4I4W3,5671.A4I7Z6,0.063
1076,LINJ_29_2600,LINJ_19_0130,5671.A4I4W3,5671.E9AGR6,0.11
1077,LINJ_29_2600,LINJ_36_4020,5671.A4I4W3,5671.A4ID13,0.252
1078,LINJ_29_2600,LMPK,5671.A4I4W3,5671.A4ICA4,0.174
1079,LINJ_29_2600,LINJ_35_1310,5671.A4I4W3,5671.A4IB24,0.253
1080,LINJ_29_2600,MPK11,5671.A4I4W3,5671.A4I910,0.174
1081,LINJ_29_2600,LINJ_34_1840,5671.A4I4W3,5671.A4I9Y5,0.29
1083,VPS4,DHFR-TS,5671.A4I4W4,5671.Q8MQV3,0.073
1084,LINJ_29_2830,LINJ_33_2520,5671.A4I4Y0,5671.E9AHQ7,0.301
1085,LINJ_29_2830,LINJ_32_1520,5671.A4I4Y0,5671.A4I7W3,0.287
1086,LINJ_29_2830,CRK3,5671.A4I4Y0,5671.A4ICT0,0.506
1087,LINJ_29_2830,LINJ_30_1780,5671.A4I4Y0,5671.A4I5K5,0.506
1088,LINJ_29_2830,CYC6,5671.A4I4Y0,5671.A4I8F7,0.647
1089,LINJ_29_2830,LINJ_36_5580,5671.A4I4Y0,5671.A4IC77,0.671
1090,LINJ_29_2940,PABP1,5671.A4I4Y5,5671.A4IC57,0.196
1091,LINJ_29_2940,LINJ_33_2910,5671.A4I4Y5,5671.A4I9B7,0.159
1092,LINJ_29_2940,LINJ_35_1310,5671.A4I4Y5,5671.A4IB24,0.159
1093,LINJ_30_0970,LINJ_35_1310,5671.A4I5C2,5671.A4IB24,0.293
1094,LINJ_30_1070,LINJ.12.0190,5671.A4I5D2,5671.E9AGB0,0.285
1095,LINJ_30_1070,91E11,5671.A4I5D2,5671.Q9GNZ8,0.113
1096,LINJ_30_1070,LINJ_03_0520,5671.A4I5D2,5671.E9AG43,0.285
1098,LINJ_30_1700,LINJ_32_3470,5671.A4I5J7,5671.A4I8F2,0.083
1099,LINJ_30_1700,LINJ_21_1330,5671.A4I5J7,5671.E9AGX7,0.083
1100,LINJ_30_1700,LINJ_30_2830,5671.A4I5J7,5671.A4I5W0,0.083
1101,LINJ_30_1700,LINJ_32_1940,5671.A4I5J7,5671.A4I800,0.083
1102,LINJ_30_1700,LINJ_36_2130,5671.A4I5J7,5671.A4IDH4,0.083
1103,LINJ_30_1700,LINJ_33_2520,5671.A4I5J7,5671.E9AHQ7,0.112
1104,LINJ_30_1710,LINJ_32_0520,5671.A4I5J8,5671.A4I7N3,0.181
1105,LINJ_30_1780,LINJ_03_0520,5671.A4I5K5,5671.E9AG43,0.079
1107,LINJ_30_1780,LINJ.12.0190,5671.A4I5K5,5671.E9AGB0,0.121
1108,LINJ_30_1780,RPT6,5671.A4I5K5,5671.A4IE38,0.131
1109,LINJ_30_1780,LINJ_36_4020,5671.A4I5K5,5671.A4ID13,0.08
1110,LINJ_30_1780,LINJ_33_2910,5671.A4I5K5,5671.A4I9B7,0.156
1111,LINJ_30_1780,LINJ_29_1420,5671.A4I5K5,5671.E9AHI7,0.161
1112,LINJ_30_1780,LINJ_36_5580,5671.A4I5K5,5671.A4IC77,0.197
1113,LINJ_30_1780,LINJ_32_1520,5671.A4I5K5,5671.A4I7W3,0.31
1114,LINJ_30_1780,CYC6,5671.A4I5K5,5671.A4I8F7,0.3
1115,LINJ_30_2830,LINJ_32_3470,5671.A4I5W0,5671.A4I8F2,0.056
1116,LINJ_30_2830,DHFR-TS,5671.A4I5W0,5671.Q8MQV3,0.079
1117,LINJ_30_2830,LINJ_33_2520,5671.A4I5W0,5671.E9AHQ7,0.261
1118,LINJ_30_2920,LINJ_24_1890,5671.A4I5W9,5671.E9AH89,0.106
1119,LINJ_30_2920,LINJ_35_1240,5671.A4I5W9,5671.A4IB17,0.106
1120,LINJ_30_2920,LINJ_36_3570,5671.A4I5W9,5671.A4ID56,0.106
1122,LINJ_30_2930,LINJ_34_1840,5671.A4I5X0,5671.A4I9Y5,0.294
1123,LINJ_30_3430,LINJ.12.0190,5671.A4I628,5671.E9AGB0,0.074
1124,LINJ_30_3430,LINJ_03_0520,5671.A4I628,5671.E9AG43,0.074
1126,LINJ_30_3430,LINJ_34_0150,5671.A4I628,5671.A4I9I3,0.06
1129,LINJ_30_3610,LINJ_33_1690,5671.A4I646,5671.A4I931,0.197
1131,ABCC4,LINJ_32_1310,5671.A4I6Q3,5671.A4I7U2,0.16
1133,LINJ_31_3080,LINJ_31_3260,5671.A4I7A2,5671.A4I7C0,0.071
1135,LINJ_31_3260,LINJ_34_0150,5671.A4I7C0,5671.A4I9I3,0.042
1142,LINJ_32_0730,LINJ_35_1310,5671.A4I7L2,5671.A4IB24,0.07
1143,LINJ_32_0730,LINJ_33_2910,5671.A4I7L2,5671.A4I9B7,0.065
1144,LINJ_32_0520,LINJ_34_3370,5671.A4I7N3,5671.A4IAC5,0.31
1145,LINJ_32_1310,LINJ_32_3060,5671.A4I7U2,5671.A4I8B2,0.152
1146,LINJ_32_1520,LINJ_35_1310,5671.A4I7W3,5671.A4IB24,0.101
1147,LINJ_32_1520,DMC1,5671.A4I7W3,5671.A4IC25,0.294
1148,LINJ_32_1520,LINJ_33_2620,5671.A4I7W3,5671.E9AHR7,0.294
1149,LINJ_32_1520,CYC6,5671.A4I7W3,5671.A4I8F7,0.369
1150,LINJ_32_1520,CRK3,5671.A4I7W3,5671.A4ICT0,0.31
1151,LINJ_32_1940,LINJ_32_3470,5671.A4I800,5671.A4I8F2,0.056
1152,LINJ_32_1940,DHFR-TS,5671.A4I800,5671.Q8MQV3,0.079
1153,LINJ_32_1940,LINJ_33_2520,5671.A4I800,5671.E9AHQ7,0.261
1155,LINJ_32_2160,LINJ_36_0880,5671.A4I825,5671.A4ICQ2,0.278
1156,LINJ_32_2160,LINJ_33_3360,5671.A4I825,5671.A4I9G2,0.155
1157,LINJ_32_2160,LINJ_34_3370,5671.A4I825,5671.A4IAC5,0.31
1158,LINJ_32_3060,LINJ_36_4020,5671.A4I8B2,5671.A4ID13,0.151
1159,LINJ_32_3240,LINJ_36_4020,5671.A4I8C9,5671.A4ID13,0.252
1160,LINJ_32_3240,LINJ_35_1310,5671.A4I8C9,5671.A4IB24,0.253
1162,LINJ_32_3470,LINJ_36_2130,5671.A4I8F2,5671.A4IDH4,0.056
1163,LINJ_32_3470,DHFR-TS,5671.A4I8F2,5671.Q8MQV3,0.068
1166,LINJ_32_3470,LINJ_33_2520,5671.A4I8F2,5671.E9AHQ7,0.185
1167,LINJ_32_3470,LINJ_21_1330,5671.A4I8F2,5671.E9AGX7,0.999
1168,GCVL-2,LINJ.12.0830,5671.A4I8F6,5671.E9AGI7,0.112
1169,GCVL-2,LINJ_34_0150,5671.A4I8F6,5671.A4I9I3,0.069
1172,CYC6,LINJ_29_1420,5671.A4I8F7,5671.E9AHI7,0.168
1173,CYC6,LINJ_36_4020,5671.A4I8F7,5671.A4ID13,0.166
1174,CYC6,LINJ_33_2910,5671.A4I8F7,5671.A4I9B7,0.112
1175,CYC6,LINJ_36_5580,5671.A4I8F7,5671.A4IC77,0.294
1176,CYC6,CRK1,5671.A4I8F7,5671.E9AGX6,0.267
1177,CYC6,CRK3,5671.A4I8F7,5671.A4ICT0,0.3
1178,MPK11,LINJ_34_1840,5671.A4I910,5671.A4I9Y5,0.294
1180,LINJ_33_1690,LINJ_36_3570,5671.A4I931,5671.A4ID56,0.076
1181,LINJ_33_1810,LINJ_36_6370,5671.A4I967,5671.A4IE23,0.195
1183,LINJ_33_2860,LINJ_24_1890,5671.A4I9B2,5671.E9AH89,0.276
1184,LINJ_33_2860,LINJ_35_1240,5671.A4I9B2,5671.A4IB17,0.276
1185,LINJ_33_2860,LINJ_36_3570,5671.A4I9B2,5671.A4ID56,0.276
1186,LINJ_33_2910,CRK3,5671.A4I9B7,5671.A4ICT0,0.156
1187,LINJ_33_2910,LINJ_35_1310,5671.A4I9B7,5671.A4IB24,0.074
1188,LINJ_33_2910,LINJ_36_5580,5671.A4I9B7,5671.A4IC77,0.091
1189,LINJ_33_2910,LINJ_29_1420,5671.A4I9B7,5671.E9AHI7,0.113
1190,LINJ_33_2910,LINJ_36_1730,5671.A4I9B7,5671.A4IDD6,0.106
1191,LINJ_33_2910,LINJ_03_0520,5671.A4I9B7,5671.E9AG43,0.074
1192,LINJ_33_2910,LINJ.12.0190,5671.A4I9B7,5671.E9AGB0,0.074
1194,LINJ_33_2910,RPT6,5671.A4I9B7,5671.A4IE38,0.073
1195,LINJ_33_3360,LINJ_34_3300,5671.A4I9G2,5671.A4IAB8,0.169
1196,LINJ_33_3360,LINJ_35_1270,5671.A4I9G2,5671.A4IB20,0.169
1197,LINJ_33_3360,LINJ_24_0170,5671.A4I9G2,5671.E9AH29,0.169
1199,LINJ_34_0150,LINJ_31_2720,5671.A4I9I3,5671.E9AHL8,0.069
1200,LINJ_34_0150,PGKC,5671.A4I9I3,5671.E9AGT9,0.06
1201,LINJ_34_0150,LINJ_36_1840,5671.A4I9I3,5671.A4IDE7,0.068
1202,LINJ_34_1530,LINJ_35_1730,5671.A4I9V5,5671.A4IB74,0.158
1203,LINJ_34_1530,LINJ_34_1900,5671.A4I9V5,5671.A4IAM7,0.159
1204,LINJ_34_1530,LINJ_35_1720,5671.A4I9V5,5671.A4IB73,0.153
1205,LINJ_34_1840,LINJ_19_0140,5671.A4I9Y5,5671.E9AGR7,0.284
1206,LINJ_34_1840,CRK3,5671.A4I9Y5,5671.A4ICT0,0.105
1207,LINJ_34_1840,LINJ_36_0780,5671.A4I9Y5,5671.A4ICR2,0.294
1208,LINJ_34_1840,LMPK,5671.A4I9Y5,5671.A4ICA4,0.294
1209,LINJ_34_2500,LINJ_33_2520,5671.A4IA43,5671.E9AHQ7,0.158
1211,LINJ_34_3300,LINJ_35_1310,5671.A4IAB8,5671.A4IB24,0.159
1212,LINJ_34_1900,LINJ_36_7340,5671.A4IAM7,5671.A4ICE0,0.292
1215,LINJ_35_1240,LINJ_36_1840,5671.A4IB17,5671.A4IDE7,0.106
1217,LINJ_35_1270,91E11,5671.A4IB20,5671.Q9GNZ8,0.28
1218,LINJ_35_1270,LINJ_03_0520,5671.A4IB20,5671.E9AG43,0.156
1220,LINJ_35_1310,LINJ_36_6370,5671.A4IB24,5671.A4IE23,0.067
1221,LINJ_35_1310,LINJ_03_0520,5671.A4IB24,5671.E9AG43,0.074
1222,LINJ_35_1310,LINJ_36_1730,5671.A4IB24,5671.A4IDD6,0.106
1223,LINJ_35_1310,LINJ.12.0190,5671.A4IB24,5671.E9AGB0,0.074
1224,LINJ_35_1310,LINJ_29_1420,5671.A4IB24,5671.E9AHI7,0.146
1225,LINJ_35_1310,RPT6,5671.A4IB24,5671.A4IE38,0.073
1226,LINJ_35_1310,LINJ_36_4020,5671.A4IB24,5671.A4ID13,0.293
1229,LINJ_35_1720,LINJ_36_5320,5671.A4IB73,5671.A4IDT1,0.922
1230,LINJ_35_2600,LINJ_33_2520,5671.A4IBG5,5671.E9AHQ7,0.172
1234,LINJ_36_5580,LINJ_33_2520,5671.A4IC77,5671.E9AHQ7,0.204
1235,LINJ_36_5580,CRK3,5671.A4IC77,5671.A4ICT0,0.197
1236,LINJ_36_5580,LINJ_29_1420,5671.A4IC77,5671.E9AHI7,0.298
1238,CRK3,LINJ_03_0520,5671.A4ICT0,5671.E9AG43,0.079
1240,CRK3,LINJ.12.0190,5671.A4ICT0,5671.E9AGB0,0.121
1241,CRK3,RPT6,5671.A4ICT0,5671.A4IE38,0.131
1242,CRK3,LINJ_36_4020,5671.A4ICT0,5671.A4ID13,0.08
1243,CRK3,LINJ_29_1420,5671.A4ICT0,5671.E9AHI7,0.161
1244,LINJ_36_4020,LINJ_29_1420,5671.A4ID13,5671.E9AHI7,0.653
1245,LINJ_36_3570,LINJ_36_1840,5671.A4ID56,5671.A4IDE7,0.106
1247,LINJ_36_1730,LINJ_29_1420,5671.A4IDD6,5671.E9AHI7,0.069
1248,LINJ_36_1730,LINJ_24_0170,5671.A4IDD6,5671.E9AH29,0.173
1249,LINJ_36_1730,LINJ_03_0520,5671.A4IDD6,5671.E9AG43,0.999
1250,LINJ_36_1730,LINJ.12.0190,5671.A4IDD6,5671.E9AGB0,0.994
1251,LINJ_36_1730,91E11,5671.A4IDD6,5671.Q9GNZ8,0.998
1252,LINJ_36_1730,RPT6,5671.A4IDD6,5671.A4IE38,0.991
1253,LINJ_36_1840,LINJ_24_1890,5671.A4IDE7,5671.E9AH89,0.106
1255,LINJ_36_2130,DHFR-TS,5671.A4IDH4,5671.Q8MQV3,0.079
1256,LINJ_36_2130,LINJ_33_2520,5671.A4IDH4,5671.E9AHQ7,0.261
1258,RPT6,LINJ_29_1420,5671.A4IE38,5671.E9AHI7,0.064
1259,RPT6,LINJ_24_0170,5671.A4IE38,5671.E9AH29,0.182
1260,RPT6,LINJ_03_0520,5671.A4IE38,5671.E9AG43,0.999
1261,RPT6,LINJ.12.0190,5671.A4IE38,5671.E9AGB0,0.999
1262,RPT6,91E11,5671.A4IE38,5671.Q9GNZ8,0.999
1263,LINJ_03_0520,LINJ_21_1330,5671.E9AG43,5671.E9AGX7,0.137
1264,LINJ_03_0520,LINJ_29_1420,5671.E9AG43,5671.E9AHI7,0.071
1265,LINJ_03_0520,PGKC,5671.E9AG43,5671.E9AGT9,0.074
1266,LINJ_03_0520,LINJ_24_0170,5671.E9AG43,5671.E9AH29,0.159
1267,LINJ_03_0520,91E11,5671.E9AG43,5671.Q9GNZ8,0.999
1268,LINJ_03_0520,LINJ.12.0190,5671.E9AG43,5671.E9AGB0,0.999
1269,LINJ.12.0190,LINJ_29_1420,5671.E9AGB0,5671.E9AHI7,0.071
1270,LINJ.12.0190,PGKC,5671.E9AGB0,5671.E9AGT9,0.074
1271,LINJ.12.0190,LINJ_24_0170,5671.E9AGB0,5671.E9AH29,0.257
1272,LINJ.12.0190,91E11,5671.E9AGB0,5671.Q9GNZ8,0.999
1273,LINJ.12.0610,LINJ_33_2520,5671.E9AGF3,5671.E9AHQ7,0.66
1274,LINJ.12.0830,LINJ_31_2720,5671.E9AGI7,5671.E9AHL8,0.112
1275,LINJ_19_0150,LINJ_21_1330,5671.E9AGR8,5671.E9AGX7,0.042
1276,LINJ_19_0150,LINJ_24_0170,5671.E9AGR8,5671.E9AH29,0.301
1279,LINJ_21_1330,DHFR-TS,5671.E9AGX7,5671.Q8MQV3,0.068
1280,LINJ_21_1330,LINJ_33_2520,5671.E9AGX7,5671.E9AHQ7,0.185
1281,LINJ_21_1330,91E11,5671.E9AGX7,5671.Q9GNZ8,0.154
1282,LINJ_24_0170,LINJ_33_2520,5671.E9AH29,5671.E9AHQ7,0.127
1283,LINJ_24_0170,91E11,5671.E9AH29,5671.Q9GNZ8,0.299
