,node_1,node_2,id1,id2,combined_score
0,H1A-1,H1A-2,5671.A0A381MFJ0,5671.A4HY23,0.9
1,CYP51,LINJ_23_0580,5671.A2TEF2,5671.A4I093,0.422
2,CYP51,LINJ_33_1690,5671.A2TEF2,5671.A4I931,0.448
3,CYP51,TRYR,5671.A2TEF2,5671.A4HSF7,0.455
4,CYP51,LINJ_30_3610,5671.A2TEF2,5671.A4I646,0.524
5,CYP51,MPK3,5671.A2TEF2,5671.A4HUG1,0.546
6,CYP51,LINJ_27_0090,5671.A2TEF2,5671.A4I2K5,0.616
7,CYP51,LINJ_21_0740,5671.A2TEF2,5671.A4HZ67,0.628
8,CYP51,DHFR-TS,5671.A2TEF2,5671.Q8MQV3,0.664
9,CYP51,NMT,5671.A2TEF2,5671.A4I7H1,0.733
10,LINJ_01_0270,GCVL-2,5671.A4HRE8,5671.A4I8F6,0.422
11,LINJ_01_0270,GCVL-1,5671.A4HRE8,5671.A4I4P1,0.422
12,LINJ_01_0270,LINJ_31_2720,5671.A4HRE8,5671.E9AHL8,0.422
13,LINJ_01_0270,LINJ_26_0590,5671.A4HRE8,5671.A4I1Z4,0.47
14,LINJ_01_0270,LINJ_02_0360,5671.A4HRE8,5671.A4HRN6,0.546
15,LINJ_01_0270,TRYR,5671.A4HRE8,5671.A4HSF7,0.717
16,LINJ_01_0490,LINJ_02_0100,5671.A4HRH0,5671.A4HRL5,0.515
17,LINJ_01_0490,LINJ_01_0510,5671.A4HRH0,5671.A4HRH2,0.613
18,LINJ_01_0490,LINJ_03_0220,5671.A4HRH0,5671.A4HRT4,0.614
19,LINJ_01_0490,LINJ_01_0540,5671.A4HRH0,5671.A4HRH5,0.614
20,LINJ_01_0490,LINJ_13_0300,5671.A4HRH0,5671.A4HVG5,0.69
21,LINJ_01_0510,LINJ_02_0100,5671.A4HRH2,5671.A4HRL5,0.515
22,LINJ_01_0510,LINJ_01_0540,5671.A4HRH2,5671.A4HRH5,0.61
23,LINJ_01_0510,LINJ_03_0220,5671.A4HRH2,5671.A4HRT4,0.614
24,LINJ_01_0510,LINJ_13_0300,5671.A4HRH2,5671.A4HVG5,0.69
25,LINJ_01_0540,LINJ_02_0100,5671.A4HRH5,5671.A4HRL5,0.515
26,LINJ_01_0540,LINJ_03_0220,5671.A4HRH5,5671.A4HRT4,0.615
27,LINJ_01_0540,LINJ_13_0300,5671.A4HRH5,5671.A4HVG5,0.69
28,LINJ_02_0100,LINJ_34_0990,5671.A4HRL5,5671.A4I9Q1,0.4
29,LINJ_02_0100,LINJ_33_1930,5671.A4HRL5,5671.A4I978,0.406
30,LINJ_02_0100,LINJ_19_0360,5671.A4HRL5,5671.A4HY58,0.406
31,LINJ_02_0100,LINJ_15_0180,5671.A4HRL5,5671.A4HWB5,0.406
32,LINJ_02_0100,LINJ_21_2010,5671.A4HRL5,5671.A4HZH0,0.406
33,LINJ_02_0100,LINJ_36_4460,5671.A4HRL5,5671.A4IE49,0.406
34,LINJ_02_0100,GSK3,5671.A4HRL5,5671.A4HXQ3,0.42
35,LINJ_02_0100,LINJ_34_1900,5671.A4HRL5,5671.A4IAM7,0.436
36,LINJ_02_0100,CRK3,5671.A4HRL5,5671.A4ICT0,0.438
37,LINJ_02_0100,LINJ_30_1780,5671.A4HRL5,5671.A4I5K5,0.438
38,LINJ_02_0100,LINJ_05_0550,5671.A4HRL5,5671.A4HSH7,0.438
39,LINJ_02_0100,LINJ_11_0110,5671.A4HRL5,5671.A4HUS3,0.438
40,LINJ_02_0100,CRK,5671.A4HRL5,5671.A4HWZ4,0.438
41,LINJ_02_0100,LINJ_29_2830,5671.A4HRL5,5671.A4I4Y0,0.447
42,LINJ_02_0100,LINJ_20_1140,5671.A4HRL5,5671.A4HYV4,0.509
43,LINJ_02_0100,LINJ_13_0300,5671.A4HRL5,5671.A4HVG5,0.515
44,LINJ_02_0100,LINJ_03_0220,5671.A4HRL5,5671.A4HRT4,0.515
45,LINJ_02_0100,LINJ_02_0360,5671.A4HRL5,5671.A4HRN6,0.612
46,LINJ_02_0100,LINJ_28_2440,5671.A4HRL5,5671.A4I3V8,0.656
47,LINJ_02_0100,LINJ_13_0170,5671.A4HRL5,5671.A4HVF3,0.656
48,LINJ_02_0100,LINJ_36_7340,5671.A4HRL5,5671.A4ICE0,0.656
49,LINJ_02_0100,LINJ_14_0140,5671.A4HRL5,5671.A4HVV6,0.656
50,LINJ_02_0100,DMC1,5671.A4HRL5,5671.A4IC25,0.703
51,LINJ_02_0100,LINJ_33_2620,5671.A4HRL5,5671.E9AHR7,0.703
52,LINJ_02_0100,RAD51,5671.A4HRL5,5671.A4I3C9,0.798
53,LINJ_02_0100,LINJ_17_0070,5671.A4HRL5,5671.A4HX71,0.902
54,LINJ_02_0100,LINJ_32_1520,5671.A4HRL5,5671.A4I7W3,0.999
55,LINJ_02_0230,LINJ_21_0870,5671.A4HRM3,5671.A4HZ80,0.41
56,LINJ_02_0230,LINJ_10_1250,5671.A4HRM3,5671.A4HUM8,0.48
57,LINJ_02_0230,LINJ_30_1710,5671.A4HRM3,5671.A4I5J8,0.507
58,LINJ_02_0230,LINJ_09_0900,5671.A4HRM3,5671.A4HU06,0.551
59,LINJ_02_0230,LINJ_32_2160,5671.A4HRM3,5671.A4I825,0.59
60,LINJ_02_0230,Rab11,5671.A4HRM3,5671.A4HUK3,0.638
61,LINJ_02_0230,LINJ_27_0940,5671.A4HRM3,5671.A4I2Q9,0.657
62,LINJ_02_0230,LINJ_20_0820,5671.A4HRM3,5671.A4HYS3,0.657
63,LINJ_02_0230,LINJ_14_0820,5671.A4HRM3,5671.A4HW20,0.662
64,LINJ_02_0230,LINJ_10_1260,5671.A4HRM3,5671.A4HUM9,0.683
65,LINJ_02_0230,LINJ_13_0220,5671.A4HRM3,5671.A4HVF7,0.689
66,LINJ_02_0230,LINJ_18_1140,5671.A4HRM3,5671.A4HXY7,0.701
67,LINJ_02_0230,LINJ_32_0520,5671.A4HRM3,5671.A4I7N3,0.712
68,LINJ_02_0230,LINJ_36_0880,5671.A4HRM3,5671.A4ICQ2,0.731
69,LINJ_02_0270,LINJ_25_0540,5671.A4HRM7,5671.A4I194,0.447
70,LINJ_02_0330,LINJ_29_2600,5671.A4HRN3,5671.A4I4W3,0.422
71,LINJ_02_0330,LINJ_27_1860,5671.A4HRN3,5671.A4I302,0.465
72,LINJ_02_0330,DHFR-TS,5671.A4HRN3,5671.Q8MQV3,0.472
73,LINJ_02_0330,LINJ_34_1530,5671.A4HRN3,5671.A4I9V5,0.48
74,LINJ_02_0330,LINJ_05_0100,5671.A4HRN3,5671.A4HSD9,0.499
75,LINJ_02_0330,LINJ_26_2100,5671.A4HRN3,5671.A4I2D8,0.499
76,LINJ_02_0330,LINJ_09_0520,5671.A4HRN3,5671.A4HTW1,0.499
77,LINJ_02_0330,LINJ_35_1720,5671.A4HRN3,5671.A4IB73,0.905
78,LINJ_02_0330,LINJ_36_5320,5671.A4HRN3,5671.A4IDT1,0.982
79,LINJ_02_0360,LINJ_29_0770,5671.A4HRN6,5671.A4I4C7,0.401
80,LINJ_02_0360,LMAIRK,5671.A4HRN6,5671.A4I3C6,0.439
81,LINJ_02_0360,LINJ_26_2460,5671.A4HRN6,5671.A4I2H1,0.439
82,LINJ_02_0360,LINJ_29_1420,5671.A4HRN6,5671.E9AHI7,0.439
83,LINJ_02_0360,LINJ_19_0360,5671.A4HRN6,5671.A4HY58,0.444
84,LINJ_02_0360,LINJ_36_4460,5671.A4HRN6,5671.A4IE49,0.444
85,LINJ_02_0360,LINJ_21_2010,5671.A4HRN6,5671.A4HZH0,0.444
86,LINJ_02_0360,LINJ_15_0180,5671.A4HRN6,5671.A4HWB5,0.444
87,LINJ_02_0360,LINJ_33_1930,5671.A4HRN6,5671.A4I978,0.444
88,LINJ_02_0360,LINJ_35_1310,5671.A4HRN6,5671.A4IB24,0.471
89,LINJ_02_0360,LINJ_07_1000,5671.A4HRN6,5671.A4HTB1,0.471
90,LINJ_02_0360,LINJ_04_0680,5671.A4HRN6,5671.A4HS64,0.471
91,LINJ_02_0360,LINJ_17_0070,5671.A4HRN6,5671.A4HX71,0.472
92,LINJ_02_0360,LINJ_32_0730,5671.A4HRN6,5671.A4I7L2,0.478
93,LINJ_02_0360,LINJ_22_1260,5671.A4HRN6,5671.A4I000,0.482
94,LINJ_02_0360,LINJ_07_0790,5671.A4HRN6,5671.A4HT95,0.482
95,LINJ_02_0360,LINJ_36_6370,5671.A4HRN6,5671.A4IE23,0.482
96,LINJ_02_0360,KATNAL2,5671.A4HRN6,5671.A4HVM4,0.509
97,LINJ_02_0360,LINJ_29_2940,5671.A4HRN6,5671.A4I4Y5,0.54
98,LINJ_02_0360,LINJ_32_0050,5671.A4HRN6,5671.A4I7G8,0.564
99,LINJ_02_0360,LINJ_21_0740,5671.A4HRN6,5671.A4HZ67,0.647
100,LINJ_02_0360,RAD51,5671.A4HRN6,5671.A4I3C9,0.648
101,LINJ_02_0360,TOP2,5671.A4HRN6,5671.A4HWL4,0.752
102,LINJ_02_0360,LINJ_28_2450,5671.A4HRN6,5671.A4I3V9,0.752
103,LINJ_02_0360,LINJ_25_1460,5671.A4HRN6,5671.A4I1I6,0.823
104,LINJ_03_0150,LINJ_11_0060,5671.A4HRS7,5671.A4HUR8,0.578
105,LINJ_03_0150,DHFR-TS,5671.A4HRS7,5671.Q8MQV3,0.692
106,LINJ_03_0190,LINJ_27_2390,5671.A4HRT1,5671.A4I345,0.428
107,LINJ_03_0190,LINJ_36_3570,5671.A4HRT1,5671.A4ID56,0.428
108,LINJ_03_0190,LINJ_24_1890,5671.A4HRT1,5671.E9AH89,0.428
109,LINJ_03_0190,LINJ_35_1240,5671.A4HRT1,5671.A4IB17,0.428
110,LINJ_03_0190,LINJ_16_1430,5671.A4HRT1,5671.A4HX32,0.506
111,LINJ_03_0190,DHFR-TS,5671.A4HRT1,5671.Q8MQV3,0.645
112,LINJ_03_0190,LINJ_23_0580,5671.A4HRT1,5671.A4I093,0.725
113,LINJ_03_0190,GCVL-1,5671.A4HRT1,5671.A4I4P1,0.86
114,LINJ_03_0190,LINJ_31_2720,5671.A4HRT1,5671.E9AHL8,0.86
115,LINJ_03_0190,GCVL-2,5671.A4HRT1,5671.A4I8F6,0.86
116,LINJ_03_0200,LINJ_28_0170,5671.A4HRT2,5671.A4I390,0.402
117,LINJ_03_0200,LINJ_26_2100,5671.A4HRT2,5671.A4I2D8,0.41
118,LINJ_03_0200,LINJ_05_0100,5671.A4HRT2,5671.A4HSD9,0.41
119,LINJ_03_0200,LINJ_09_0520,5671.A4HRT2,5671.A4HTW1,0.41
120,LINJ_03_0200,LINJ_26_2540,5671.A4HRT2,5671.A4I2I8,0.46
121,LINJ_03_0200,LINJ_34_1840,5671.A4HRT2,5671.A4I9Y5,0.523
122,LINJ_03_0200,LINJ_25_2070,5671.A4HRT2,5671.A4I1P7,0.526
123,LINJ_03_0200,LINJ_15_1630,5671.A4HRT2,5671.A4HWP5,0.537
124,LINJ_03_0200,LINJ_29_2600,5671.A4HRT2,5671.A4I4W3,0.54
125,LINJ_03_0200,LINJ_19_0130,5671.A4HRT2,5671.E9AGR6,0.596
126,LINJ_03_0220,LINJ_13_0300,5671.A4HRT4,5671.A4HVG5,0.69
127,LINJ_03_0790,LINJ_30_3430,5671.A4HRW8,5671.A4I628,0.401
128,LINJ_03_0790,PGKC,5671.A4HRW8,5671.E9AGT9,0.401
129,LINJ_03_0790,LINJ_04_1170,5671.A4HRW8,5671.A4HSB4,0.591
130,LINJ_03_0870,LINJ_09_0270,5671.A4HRX5,5671.A4HTU3,0.42
131,LINJ_04_0030,PDEA,5671.A4HRZ8,5671.A4HXY3,0.423
132,LINJ_04_0030,PKAC1,5671.A4HRZ8,5671.A4HXY2,0.557
133,LINJ_04_0430,LINJ_13_1500,5671.A4HS39,5671.A4HVS3,0.419
134,LINJ_04_0680,91E11,5671.A4HS64,5671.Q9GNZ8,0.417
135,LINJ_04_0680,LINJ_36_6370,5671.A4HS64,5671.A4IE23,0.417
136,LINJ_04_0680,LINJ_07_0790,5671.A4HS64,5671.A4HT95,0.417
137,LINJ_04_0680,LINJ_22_1260,5671.A4HS64,5671.A4I000,0.417
138,LINJ_04_0680,LINJ_13_0990,5671.A4HS64,5671.A4HVN7,0.425
139,LINJ_04_0680,LINJ_28_0110,5671.A4HS64,5671.A4I384,0.426
140,LINJ_04_0680,LINJ_22_0440,5671.A4HS64,5671.A4HZT4,0.427
141,LINJ_04_0680,LINJ_22_0490,5671.A4HS64,5671.A4HZT9,0.434
142,LINJ_04_0680,LINJ_03_0520,5671.A4HS64,5671.E9AG43,0.434
143,LINJ_04_0680,LINJ_21_2200,5671.A4HS64,5671.A4HZI9,0.435
144,LINJ_04_0680,LINJ_34_3300,5671.A4HS64,5671.A4IAB8,0.438
145,LINJ_04_0680,LINJ_20_1580,5671.A4HS64,5671.A4HZ08,0.438
146,LINJ_04_0680,LINJ_36_1730,5671.A4HS64,5671.A4IDD6,0.441
147,LINJ_04_0680,LINJ.12.0190,5671.A4HS64,5671.E9AGB0,0.454
148,LINJ_04_0680,LINJ_29_2940,5671.A4HS64,5671.A4I4Y5,0.454
149,LINJ_04_0680,LINJ_32_1520,5671.A4HS64,5671.A4I7W3,0.456
150,LINJ_04_0680,LINJ_26_2460,5671.A4HS64,5671.A4I2H1,0.459
151,LINJ_04_0680,LINJ_29_1420,5671.A4HS64,5671.E9AHI7,0.459
152,LINJ_04_0680,LMAIRK,5671.A4HS64,5671.A4I3C6,0.459
153,LINJ_04_0680,LINJ_30_0970,5671.A4HS64,5671.A4I5C2,0.461
154,LINJ_04_0680,LINJ_25_1460,5671.A4HS64,5671.A4I1I6,0.481
155,LINJ_04_0680,RPT6,5671.A4HS64,5671.A4IE38,0.489
156,LINJ_04_0680,LINJ_06_0140,5671.A4HS64,5671.A4HSQ5,0.498
157,LINJ_04_0680,KATNAL2,5671.A4HS64,5671.A4HVM4,0.509
158,LINJ_04_0680,LINJ_16_0070,5671.A4HS64,5671.A4HWQ5,0.536
159,LINJ_04_0680,LINJ_32_3240,5671.A4HS64,5671.A4I8C9,0.554
160,LINJ_04_0680,LINJ_29_2600,5671.A4HS64,5671.A4I4W3,0.554
161,LINJ_04_0680,LINJ_33_2910,5671.A4HS64,5671.A4I9B7,0.599
162,LINJ_04_0680,LINJ_22_0480,5671.A4HS64,5671.A4HZT8,0.601
163,LINJ_04_0680,LINJ_36_4020,5671.A4HS64,5671.A4ID13,0.633
164,LINJ_04_0680,LINJ_29_0770,5671.A4HS64,5671.A4I4C7,0.638
165,LINJ_04_0680,LINJ_24_2220,5671.A4HS64,5671.A4I122,0.647
166,LINJ_04_0680,LINJ_32_0730,5671.A4HS64,5671.A4I7L2,0.661
167,LINJ_04_1170,KATNAL2,5671.A4HSB4,5671.A4HVM4,0.426
168,LINJ_04_1170,LINJ_36_3570,5671.A4HSB4,5671.A4ID56,0.49
169,LINJ_04_1170,LINJ_23_0580,5671.A4HSB4,5671.A4I093,0.494
170,LINJ_04_1170,LINJ_26_0300,5671.A4HSB4,5671.A4I1W7,0.591
171,LINJ_04_1170,PGKC,5671.A4HSB4,5671.E9AGT9,0.667
172,LINJ_04_1170,LINJ_30_3430,5671.A4HSB4,5671.A4I628,0.668
173,LINJ_04_1170,LINJ_34_0150,5671.A4HSB4,5671.A4I9I3,0.685
174,LINJ_05_0100,MPK11,5671.A4HSD9,5671.A4I910,0.41
175,LINJ_05_0100,LINJ_24_0680,5671.A4HSD9,5671.A4I0Q5,0.41
176,LINJ_05_0100,LINJ_10_0200,5671.A4HSD9,5671.A4HUC8,0.41
177,LINJ_05_0100,LINJ_36_0780,5671.A4HSD9,5671.A4ICR2,0.41
178,LINJ_05_0100,MPK3,5671.A4HSD9,5671.A4HUG1,0.41
179,LINJ_05_0100,LMPK,5671.A4HSD9,5671.A4ICA4,0.41
180,LINJ_05_0100,LINJ_30_2930,5671.A4HSD9,5671.A4I5X0,0.41
181,LINJ_05_0100,MPK4,5671.A4HSD9,5671.A4HYH4,0.41
182,LINJ_05_0100,LINJ_26_2540,5671.A4HSD9,5671.A4I2I8,0.419
183,LINJ_05_0100,LINJ_36_5580,5671.A4HSD9,5671.A4IC77,0.419
184,LINJ_05_0100,LINJ_32_0520,5671.A4HSD9,5671.A4I7N3,0.425
185,LINJ_05_0100,LINJ_14_0820,5671.A4HSD9,5671.A4HW20,0.427
186,LINJ_05_0100,Rab11,5671.A4HSD9,5671.A4HUK3,0.427
187,LINJ_05_0100,LINJ_20_0820,5671.A4HSD9,5671.A4HYS3,0.442
188,LINJ_05_0100,LINJ_27_0940,5671.A4HSD9,5671.A4I2Q9,0.442
189,LINJ_05_0100,LINJ_32_2160,5671.A4HSD9,5671.A4I825,0.475
190,LINJ_05_0100,LINJ_09_0900,5671.A4HSD9,5671.A4HU06,0.475
191,LINJ_05_0100,LINJ_35_1720,5671.A4HSD9,5671.A4IB73,0.499
192,LINJ_05_0100,LINJ_25_0960,5671.A4HSD9,5671.A4I1D4,0.519
193,LINJ_05_0100,LINJ_35_2030,5671.A4HSD9,5671.A4IBA2,0.519
194,LINJ_05_0100,LINJ_30_3310,5671.A4HSD9,5671.A4I610,0.519
195,LINJ_05_0100,LINJ_18_1110,5671.A4HSD9,5671.A4HXY4,0.519
196,LINJ_05_0100,DHFR-TS,5671.A4HSD9,5671.Q8MQV3,0.53
197,LINJ_05_0100,KATNAL2,5671.A4HSD9,5671.A4HVM4,0.589
198,TRYR,LINJ_30_1070,5671.A4HSF7,5671.A4I5D2,0.404
199,TRYR,LINJ_34_0150,5671.A4HSF7,5671.A4I9I3,0.407
200,TRYR,LINJ.12.0830,5671.A4HSF7,5671.E9AGI7,0.451
201,TRYR,LINJ_29_2350,5671.A4HSF7,5671.A4I4T3,0.451
202,TRYR,LINJ_26_0630,5671.A4HSF7,5671.A4I1Z8,0.493
203,TRYR,DHFR-TS,5671.A4HSF7,5671.Q8MQV3,0.941
204,LINJ_05_0550,LINJ_17_0070,5671.A4HSH7,5671.A4HX71,0.409
205,LINJ_05_0550,LINJ_21_0210,5671.A4HSH7,5671.A4HZA2,0.409
206,LINJ_05_0550,TOP2,5671.A4HSH7,5671.A4HWL4,0.414
207,LINJ_05_0550,LINJ_28_2450,5671.A4HSH7,5671.A4I3V9,0.414
208,LINJ_05_0550,LINJ_22_0490,5671.A4HSH7,5671.A4HZT9,0.415
209,LINJ_05_0550,LINJ_03_0520,5671.A4HSH7,5671.E9AG43,0.415
210,LINJ_05_0550,DHFR-TS,5671.A4HSH7,5671.Q8MQV3,0.421
211,LINJ_05_0550,LINJ_22_0440,5671.A4HSH7,5671.A4HZT4,0.423
212,LINJ_05_0550,LINJ_13_0990,5671.A4HSH7,5671.A4HVN7,0.423
213,LINJ_05_0550,LINJ.12.0190,5671.A4HSH7,5671.E9AGB0,0.424
214,LINJ_05_0550,RPT6,5671.A4HSH7,5671.A4IE38,0.426
215,LINJ_05_0550,LINJ_36_4020,5671.A4HSH7,5671.A4ID13,0.428
216,LINJ_05_0550,LINJ_33_2910,5671.A4HSH7,5671.A4I9B7,0.466
217,LINJ_05_0550,LINJ_34_1840,5671.A4HSH7,5671.A4I9Y5,0.469
218,LINJ_05_0550,LINJ_26_2460,5671.A4HSH7,5671.A4I2H1,0.496
219,LINJ_05_0550,LINJ_20_0020,5671.A4HSH7,5671.A4HYJ4,0.541
220,LINJ_05_0550,LINJ_36_5580,5671.A4HSH7,5671.A4IC77,0.55
221,LINJ_05_0550,LMAIRK,5671.A4HSH7,5671.A4I3C6,0.582
222,LINJ_05_0550,LINJ_32_1520,5671.A4HSH7,5671.A4I7W3,0.587
223,LINJ_05_0550,LINJ_29_1420,5671.A4HSH7,5671.E9AHI7,0.589
224,LINJ_05_0550,LINJ_24_2220,5671.A4HSH7,5671.A4I122,0.605
225,LINJ_05_0550,LINJ_26_2540,5671.A4HSH7,5671.A4I2I8,0.611
226,LINJ_05_0550,CYC8,5671.A4HSH7,5671.A4I1W9,0.641
227,LINJ_05_0550,CYC6,5671.A4HSH7,5671.A4I8F7,0.734
228,LINJ_05_0550,LINJ_29_2830,5671.A4HSH7,5671.A4I4Y0,0.77
229,LINJ_06_0030,LINJ_32_0050,5671.A4HSP6,5671.A4I7G8,0.526
230,LINJ_06_0140,GSK3,5671.A4HSQ5,5671.A4HXQ3,0.401
231,LINJ_06_0140,LINJ_34_3300,5671.A4HSQ5,5671.A4IAB8,0.408
232,LINJ_06_0140,LINJ_20_1580,5671.A4HSQ5,5671.A4HZ08,0.408
233,LINJ_06_0140,LINJ_35_1310,5671.A4HSQ5,5671.A4IB24,0.498
234,LINJ_06_0140,LINJ_07_1000,5671.A4HSQ5,5671.A4HTB1,0.498
235,LINJ_06_0140,LINJ_09_1280,5671.A4HSQ5,5671.A4HU44,0.508
236,LINJ_06_0140,LINJ_24_0170,5671.A4HSQ5,5671.E9AH29,0.508
237,LINJ_06_0140,LINJ_27_0370,5671.A4HSQ5,5671.A4I2M3,0.508
238,LINJ_06_0140,LINJ_24_2220,5671.A4HSQ5,5671.A4I122,0.523
239,LINJ_06_0140,DHFR-TS,5671.A4HSQ5,5671.Q8MQV3,0.547
240,LINJ_06_0140,LINJ_29_0770,5671.A4HSQ5,5671.A4I4C7,0.56
241,LINJ_06_0140,LINJ_33_2910,5671.A4HSQ5,5671.A4I9B7,0.606
242,LINJ_06_0140,LINJ_16_0070,5671.A4HSQ5,5671.A4HWQ5,0.622
243,LINJ_06_0140,KATNAL2,5671.A4HSQ5,5671.A4HVM4,0.88
244,LINJ_06_0140,LINJ_22_0440,5671.A4HSQ5,5671.A4HZT4,0.999
245,LINJ_06_0140,LINJ_22_0490,5671.A4HSQ5,5671.A4HZT9,0.999
246,LINJ_06_0140,LINJ_36_1730,5671.A4HSQ5,5671.A4IDD6,0.999
247,LINJ_06_0140,91E11,5671.A4HSQ5,5671.Q9GNZ8,0.999
248,LINJ_06_0140,LINJ.12.0003,5671.A4HSQ5,5671.A4HV47,0.999
249,LINJ_06_0140,LINJ_21_2200,5671.A4HSQ5,5671.A4HZI9,0.999
250,LINJ_06_0140,RPT6,5671.A4HSQ5,5671.A4IE38,0.999
251,LINJ_06_0140,LINJ_28_0110,5671.A4HSQ5,5671.A4I384,0.999
252,LINJ_06_0140,LINJ_13_0990,5671.A4HSQ5,5671.A4HVN7,0.999
253,LINJ_06_0140,LINJ_03_0520,5671.A4HSQ5,5671.E9AG43,0.999
254,LINJ_06_0140,LINJ.12.0190,5671.A4HSQ5,5671.E9AGB0,0.999
255,LINJ_07_0410,LINJ_27_1150,5671.A4HT43,5671.A4I2S6,0.445
256,LINJ_07_0510,LINJ_35_2080,5671.A4HT82,5671.A4IBA6,0.491
257,LINJ_07_0790,LINJ_22_0630,5671.A4HT95,5671.A4HZV1,0.401
258,LINJ_07_0790,LINJ_18_0650,5671.A4HT95,5671.A4HXU0,0.401
259,LINJ_07_0790,LINJ_22_0990,5671.A4HT95,5671.A4HZY8,0.401
260,LINJ_07_0790,LINJ_07_1030,5671.A4HT95,5671.A4HTB4,0.401
261,LINJ_07_0790,LINJ_33_1810,5671.A4HT95,5671.A4I967,0.401
262,LINJ_07_0790,LINJ_07_1000,5671.A4HT95,5671.A4HTB1,0.417
263,LINJ_07_0790,LINJ_35_1310,5671.A4HT95,5671.A4IB24,0.417
264,LINJ_07_1000,LINJ_36_6370,5671.A4HTB1,5671.A4IE23,0.417
265,LINJ_07_1000,91E11,5671.A4HTB1,5671.Q9GNZ8,0.417
266,LINJ_07_1000,LINJ_22_1260,5671.A4HTB1,5671.A4I000,0.417
267,LINJ_07_1000,LINJ_13_0990,5671.A4HTB1,5671.A4HVN7,0.425
268,LINJ_07_1000,LINJ_28_0110,5671.A4HTB1,5671.A4I384,0.426
269,LINJ_07_1000,LINJ_22_0440,5671.A4HTB1,5671.A4HZT4,0.427
270,LINJ_07_1000,LINJ_22_0490,5671.A4HTB1,5671.A4HZT9,0.434
271,LINJ_07_1000,LINJ_03_0520,5671.A4HTB1,5671.E9AG43,0.434
272,LINJ_07_1000,LINJ_21_2200,5671.A4HTB1,5671.A4HZI9,0.435
273,LINJ_07_1000,LINJ_20_1580,5671.A4HTB1,5671.A4HZ08,0.438
274,LINJ_07_1000,LINJ_34_3300,5671.A4HTB1,5671.A4IAB8,0.438
275,LINJ_07_1000,LINJ_36_1730,5671.A4HTB1,5671.A4IDD6,0.441
276,LINJ_07_1000,LINJ_29_2940,5671.A4HTB1,5671.A4I4Y5,0.454
277,LINJ_07_1000,LINJ.12.0190,5671.A4HTB1,5671.E9AGB0,0.454
278,LINJ_07_1000,LINJ_32_1520,5671.A4HTB1,5671.A4I7W3,0.456
279,LINJ_07_1000,LINJ_29_1420,5671.A4HTB1,5671.E9AHI7,0.459
280,LINJ_07_1000,LINJ_26_2460,5671.A4HTB1,5671.A4I2H1,0.459
281,LINJ_07_1000,LMAIRK,5671.A4HTB1,5671.A4I3C6,0.459
282,LINJ_07_1000,LINJ_30_0970,5671.A4HTB1,5671.A4I5C2,0.461
283,LINJ_07_1000,LINJ_25_1460,5671.A4HTB1,5671.A4I1I6,0.481
284,LINJ_07_1000,RPT6,5671.A4HTB1,5671.A4IE38,0.489
285,LINJ_07_1000,KATNAL2,5671.A4HTB1,5671.A4HVM4,0.509
286,LINJ_07_1000,LINJ_16_0070,5671.A4HTB1,5671.A4HWQ5,0.536
287,LINJ_07_1000,LINJ_32_3240,5671.A4HTB1,5671.A4I8C9,0.554
288,LINJ_07_1000,LINJ_29_2600,5671.A4HTB1,5671.A4I4W3,0.554
289,LINJ_07_1000,LINJ_33_2910,5671.A4HTB1,5671.A4I9B7,0.599
290,LINJ_07_1000,LINJ_22_0480,5671.A4HTB1,5671.A4HZT8,0.624
291,LINJ_07_1000,LINJ_36_4020,5671.A4HTB1,5671.A4ID13,0.633
292,LINJ_07_1000,LINJ_29_0770,5671.A4HTB1,5671.A4I4C7,0.638
293,LINJ_07_1000,LINJ_24_2220,5671.A4HTB1,5671.A4I122,0.647
294,LINJ_07_1000,LINJ_32_0730,5671.A4HTB1,5671.A4I7L2,0.661
295,LINJ_07_1030,LINJ_36_6370,5671.A4HTB4,5671.A4IE23,0.401
296,LINJ_07_1030,LINJ_22_1260,5671.A4HTB4,5671.A4I000,0.401
297,LINJ_07_1030,LINJ_21_1990,5671.A4HTB4,5671.A4HZG8,0.411
298,LINJ_07_1030,LINJ_09_0270,5671.A4HTB4,5671.A4HTU3,0.49
299,LINJ_07_1210,LINJ_34_1900,5671.A4HTD0,5671.A4IAM7,0.413
300,LINJ_07_1210,LINJ_13_1590,5671.A4HTD0,5671.A4HVT2,0.422
301,LINJ_07_1210,LINJ_35_2080,5671.A4HTD0,5671.A4IBA6,0.455
302,LINJ_09_0100,LINJ_32_3470,5671.A4HTS6,5671.A4I8F2,0.42
303,LINJ_09_0100,LINJ_25_1360,5671.A4HTS6,5671.A4I1H6,0.425
304,LINJ_09_0100,LINJ_29_2940,5671.A4HTS6,5671.A4I4Y5,0.657
305,LINJ_09_0270,LINJ_25_2070,5671.A4HTU3,5671.A4I1P7,0.404
306,LINJ_09_0270,LINJ_29_2830,5671.A4HTU3,5671.A4I4Y0,0.406
307,LINJ_09_0270,LINJ_29_2510,5671.A4HTU3,5671.A4I4V4,0.42
308,LINJ_09_0270,LINJ_24_0280,5671.A4HTU3,5671.E9AH40,0.42
309,LINJ_09_0270,LINJ_35_2660,5671.A4HTU3,5671.A4IBC9,0.42
310,LINJ_09_0270,LINJ_35_0190,5671.A4HTU3,5671.A4IAS0,0.42
311,LINJ_09_0270,LINJ_35_1070,5671.A4HTU3,5671.A4IB02,0.478
312,LINJ_09_0270,LINJ_19_0130,5671.A4HTU3,5671.E9AGR6,0.479
313,LINJ_09_0270,LINJ_18_0650,5671.A4HTU3,5671.A4HXU0,0.485
314,LINJ_09_0270,LINJ_15_1630,5671.A4HTU3,5671.A4HWP5,0.492
315,LINJ_09_0270,LINJ_29_2600,5671.A4HTU3,5671.A4I4W3,0.5
316,LINJ_09_0520,LINJ_10_0200,5671.A4HTW1,5671.A4HUC8,0.41
317,LINJ_09_0520,LINJ_36_0780,5671.A4HTW1,5671.A4ICR2,0.41
318,LINJ_09_0520,MPK11,5671.A4HTW1,5671.A4I910,0.41
319,LINJ_09_0520,LINJ_24_0680,5671.A4HTW1,5671.A4I0Q5,0.41
320,LINJ_09_0520,LMPK,5671.A4HTW1,5671.A4ICA4,0.41
321,LINJ_09_0520,MPK3,5671.A4HTW1,5671.A4HUG1,0.41
322,LINJ_09_0520,LINJ_30_2930,5671.A4HTW1,5671.A4I5X0,0.41
323,LINJ_09_0520,MPK4,5671.A4HTW1,5671.A4HYH4,0.41
324,LINJ_09_0520,LINJ_32_0520,5671.A4HTW1,5671.A4I7N3,0.425
325,LINJ_09_0520,LINJ_14_0820,5671.A4HTW1,5671.A4HW20,0.427
326,LINJ_09_0520,Rab11,5671.A4HTW1,5671.A4HUK3,0.427
327,LINJ_09_0520,LINJ_20_0820,5671.A4HTW1,5671.A4HYS3,0.442
328,LINJ_09_0520,LINJ_27_0940,5671.A4HTW1,5671.A4I2Q9,0.442
329,LINJ_09_0520,LINJ_36_5580,5671.A4HTW1,5671.A4IC77,0.458
330,LINJ_09_0520,LINJ_26_2540,5671.A4HTW1,5671.A4I2I8,0.458
331,LINJ_09_0520,LINJ_32_2160,5671.A4HTW1,5671.A4I825,0.475
332,LINJ_09_0520,LINJ_09_0900,5671.A4HTW1,5671.A4HU06,0.475
333,LINJ_09_0520,LINJ_35_1720,5671.A4HTW1,5671.A4IB73,0.499
334,LINJ_09_0520,LINJ_35_2030,5671.A4HTW1,5671.A4IBA2,0.519
335,LINJ_09_0520,LINJ_25_0960,5671.A4HTW1,5671.A4I1D4,0.519
336,LINJ_09_0520,LINJ_18_1110,5671.A4HTW1,5671.A4HXY4,0.519
337,LINJ_09_0520,LINJ_30_3310,5671.A4HTW1,5671.A4I610,0.519
338,LINJ_09_0520,DHFR-TS,5671.A4HTW1,5671.Q8MQV3,0.53
339,LINJ_09_0520,KATNAL2,5671.A4HTW1,5671.A4HVM4,0.589
340,LINJ_09_0900,LINJ_36_0880,5671.A4HU06,5671.A4ICQ2,0.406
341,LINJ_09_0900,LINJ_33_3360,5671.A4HU06,5671.A4I9G2,0.408
342,LINJ_09_0900,LINJ_10_1260,5671.A4HU06,5671.A4HUM9,0.443
343,LINJ_09_0900,LINJ_13_0220,5671.A4HU06,5671.A4HVF7,0.446
344,LINJ_09_0900,LINJ_18_1140,5671.A4HU06,5671.A4HXY7,0.448
345,LINJ_09_0900,LINJ_26_2100,5671.A4HU06,5671.A4I2D8,0.475
346,LINJ_09_0900,LINJ_34_3370,5671.A4HU06,5671.A4IAC5,0.532
347,LINJ_09_0970,GSK3,5671.A4HU13,5671.A4HXQ3,0.458
348,LINJ_09_0970,LINJ_31_2960,5671.A4HU13,5671.A4I790,0.553
349,LINJ_09_1280,LINJ_19_0150,5671.A4HU44,5671.E9AGR8,0.434
350,LINJ_09_1280,LINJ.12.0003,5671.A4HU44,5671.A4HV47,0.454
351,LINJ_09_1280,LINJ_33_3360,5671.A4HU44,5671.A4I9G2,0.458
352,LINJ_09_1280,LINJ_33_2520,5671.A4HU44,5671.E9AHQ7,0.472
353,LINJ_09_1280,LINJ_21_2200,5671.A4HU44,5671.A4HZI9,0.478
354,LINJ_09_1280,LINJ_03_0520,5671.A4HU44,5671.E9AG43,0.483
355,LINJ_09_1280,LINJ_28_0110,5671.A4HU44,5671.A4I384,0.489
356,LINJ_09_1280,LINJ_36_1730,5671.A4HU44,5671.A4IDD6,0.495
357,LINJ_09_1280,LINJ_22_0440,5671.A4HU44,5671.A4HZT4,0.538
358,LINJ_09_1280,RPT6,5671.A4HU44,5671.A4IE38,0.55
359,LINJ_09_1280,LINJ.12.0190,5671.A4HU44,5671.E9AGB0,0.554
360,LINJ_09_1280,91E11,5671.A4HU44,5671.Q9GNZ8,0.569
361,LINJ_09_1280,LINJ_22_0490,5671.A4HU44,5671.A4HZT9,0.615
362,LINJ_09_1280,LINJ_13_0990,5671.A4HU44,5671.A4HVN7,0.624
363,LINJ_09_1280,LINJ_24_1970,5671.A4HU44,5671.A4I0Z7,0.723
364,LINJ_10_0090,LINJ_34_2500,5671.A4HUB8,5671.A4IA43,0.412
365,LINJ_10_0090,LINJ_24_1970,5671.A4HUB8,5671.A4I0Z7,0.414
366,LINJ_10_0090,LINJ_36_5050,5671.A4HUB8,5671.A4IDR0,0.428
367,LINJ_10_0090,LINJ_20_0020,5671.A4HUB8,5671.A4HYJ4,0.459
368,LINJ_10_0090,LINJ_33_0060,5671.A4HUB8,5671.A4I8M2,0.506
369,LINJ_10_0200,LINJ_28_0170,5671.A4HUC8,5671.A4I390,0.402
370,LINJ_10_0200,LINJ_29_1420,5671.A4HUC8,5671.E9AHI7,0.405
371,LINJ_10_0200,LINJ_26_2100,5671.A4HUC8,5671.A4I2D8,0.41
372,LINJ_10_0200,LINJ_28_3240,5671.A4HUC8,5671.A4I435,0.446
373,LINJ_10_0200,LINJ_25_2070,5671.A4HUC8,5671.A4I1P7,0.474
374,LINJ_10_0200,LINJ_34_1840,5671.A4HUC8,5671.A4I9Y5,0.515
375,LINJ_10_0200,LINJ_29_2600,5671.A4HUC8,5671.A4I4W3,0.521
376,MPK3,LINJ_28_0170,5671.A4HUG1,5671.A4I390,0.402
377,MPK3,LINJ_26_2100,5671.A4HUG1,5671.A4I2D8,0.41
378,MPK3,NMT,5671.A4HUG1,5671.A4I7H1,0.412
379,MPK3,LINJ_15_1630,5671.A4HUG1,5671.A4HWP5,0.45
380,MPK3,LINJ_34_1840,5671.A4HUG1,5671.A4I9Y5,0.496
381,LINJ_10_0830,LINJ_20_0020,5671.A4HUJ0,5671.A4HYJ4,0.402
382,Rab11,LINJ_33_3360,5671.A4HUK3,5671.A4I9G2,0.408
383,Rab11,LINJ_26_2540,5671.A4HUK3,5671.A4I2I8,0.415
384,Rab11,LINJ_36_5580,5671.A4HUK3,5671.A4IC77,0.415
385,Rab11,LINJ_26_2100,5671.A4HUK3,5671.A4I2D8,0.427
386,Rab11,LINJ_18_1140,5671.A4HUK3,5671.A4HXY7,0.457
387,Rab11,LINJ_13_0220,5671.A4HUK3,5671.A4HVF7,0.468
388,Rab11,LINJ_10_1250,5671.A4HUK3,5671.A4HUM8,0.469
389,Rab11,LINJ_10_1260,5671.A4HUK3,5671.A4HUM9,0.492
390,Rab11,LINJ_30_1710,5671.A4HUK3,5671.A4I5J8,0.505
391,Rab11,LMPK,5671.A4HUK3,5671.A4ICA4,0.584
392,Rab11,LINJ_34_3370,5671.A4HUK3,5671.A4IAC5,0.828
393,LINJ_10_1250,LINJ_10_1260,5671.A4HUM8,5671.A4HUM9,0.43
394,LINJ_10_1250,LINJ_13_0220,5671.A4HUM8,5671.A4HVF7,0.489
395,LINJ_10_1250,LINJ_18_1140,5671.A4HUM8,5671.A4HXY7,0.494
396,LINJ_10_1250,LINJ_14_0820,5671.A4HUM8,5671.A4HW20,0.51
397,LINJ_10_1250,LINJ_32_0520,5671.A4HUM8,5671.A4I7N3,0.603
398,LINJ_10_1260,LINJ_20_0820,5671.A4HUM9,5671.A4HYS3,0.431
399,LINJ_10_1260,LINJ_27_0940,5671.A4HUM9,5671.A4I2Q9,0.431
400,LINJ_10_1260,LINJ_32_0050,5671.A4HUM9,5671.A4I7G8,0.462
401,LINJ_10_1260,LINJ_32_2160,5671.A4HUM9,5671.A4I825,0.47
402,LINJ_10_1260,LINJ_30_1710,5671.A4HUM9,5671.A4I5J8,0.485
403,LINJ_10_1260,LINJ_33_3360,5671.A4HUM9,5671.A4I9G2,0.526
404,LINJ_10_1260,LINJ_14_0820,5671.A4HUM9,5671.A4HW20,0.528
405,LINJ_11_0040,LINJ_31_3080,5671.A4HUR6,5671.A4I7A2,0.482
406,LINJ_11_0040,KATNAL2,5671.A4HUR6,5671.A4HVM4,0.546
407,LINJ_11_0060,LINJ_30_3430,5671.A4HUR8,5671.A4I628,0.408
408,LINJ_11_0060,PGKC,5671.A4HUR8,5671.E9AGT9,0.408
409,LINJ_11_0060,LINJ_34_1910,5671.A4HUR8,5671.A4I9Y7,0.476
410,LINJ_11_0060,LINJ_16_1430,5671.A4HUR8,5671.A4HX32,0.588
411,LINJ_11_0060,DHFR-TS,5671.A4HUR8,5671.Q8MQV3,0.681
412,LINJ_11_0110,LINJ_29_2600,5671.A4HUS3,5671.A4I4W3,0.406
413,LINJ_11_0110,TOP2,5671.A4HUS3,5671.A4HWL4,0.414
414,LINJ_11_0110,LINJ_28_2450,5671.A4HUS3,5671.A4I3V9,0.414
415,LINJ_11_0110,LINJ_22_0490,5671.A4HUS3,5671.A4HZT9,0.415
416,LINJ_11_0110,LINJ_03_0520,5671.A4HUS3,5671.E9AG43,0.415
417,LINJ_11_0110,DHFR-TS,5671.A4HUS3,5671.Q8MQV3,0.421
418,LINJ_11_0110,LINJ_13_0990,5671.A4HUS3,5671.A4HVN7,0.423
419,LINJ_11_0110,LINJ_22_0440,5671.A4HUS3,5671.A4HZT4,0.423
420,LINJ_11_0110,LINJ.12.0190,5671.A4HUS3,5671.E9AGB0,0.424
421,LINJ_11_0110,RPT6,5671.A4HUS3,5671.A4IE38,0.426
422,LINJ_11_0110,LINJ_36_4020,5671.A4HUS3,5671.A4ID13,0.428
423,LINJ_11_0110,LINJ_17_0070,5671.A4HUS3,5671.A4HX71,0.451
424,LINJ_11_0110,LINJ_25_2070,5671.A4HUS3,5671.A4I1P7,0.452
425,LINJ_11_0110,LINJ_33_2910,5671.A4HUS3,5671.A4I9B7,0.466
426,LINJ_11_0110,LINJ_34_1840,5671.A4HUS3,5671.A4I9Y5,0.49
427,LINJ_11_0110,LINJ_26_2460,5671.A4HUS3,5671.A4I2H1,0.496
428,LINJ_11_0110,LINJ_20_0020,5671.A4HUS3,5671.A4HYJ4,0.541
429,LINJ_11_0110,LINJ_36_5580,5671.A4HUS3,5671.A4IC77,0.55
430,LINJ_11_0110,LMAIRK,5671.A4HUS3,5671.A4I3C6,0.581
431,LINJ_11_0110,LINJ_32_1520,5671.A4HUS3,5671.A4I7W3,0.587
432,LINJ_11_0110,LINJ_29_1420,5671.A4HUS3,5671.E9AHI7,0.601
433,LINJ_11_0110,LINJ_24_2220,5671.A4HUS3,5671.A4I122,0.605
434,LINJ_11_0110,CYC6,5671.A4HUS3,5671.A4I8F7,0.641
435,LINJ_11_0110,CYC8,5671.A4HUS3,5671.A4I1W9,0.641
436,LINJ_11_0110,LINJ_26_2540,5671.A4HUS3,5671.A4I2I8,0.735
437,LINJ_11_0110,LINJ_29_2830,5671.A4HUS3,5671.A4I4Y0,0.795
438,LINJ_11_0600,LINJ_36_2850,5671.A4HUX0,5671.A4ICH8,0.407
439,LINJ_11_0600,LINJ_23_0580,5671.A4HUX0,5671.A4I093,0.426
440,LINJ_11_0600,GMPR,5671.A4HUX0,5671.A4HXF5,0.505
441,LINJ_11_0600,LINJ_19_1590,5671.A4HUX0,5671.A4HYI5,0.505
442,LINJ_11_0600,LINJ_16_1430,5671.A4HUX0,5671.A4HX32,0.609
443,LINJ_11_0600,LINJ_34_0150,5671.A4HUX0,5671.A4I9I3,0.628
444,LINJ_11_0600,LINJ_31_3080,5671.A4HUX0,5671.A4I7A2,0.638
445,LINJ_11_0600,LINJ_31_3260,5671.A4HUX0,5671.A4I7C0,0.999
446,LINJ.12.0003,LINJ_30_1070,5671.A4HV47,5671.A4I5D2,0.406
447,LINJ.12.0003,GSK3,5671.A4HV47,5671.A4HXQ3,0.453
448,LINJ.12.0003,LINJ_24_0170,5671.A4HV47,5671.E9AH29,0.454
449,LINJ.12.0003,LINJ_27_0370,5671.A4HV47,5671.A4I2M3,0.454
450,LINJ.12.0003,LINJ_21_0960,5671.A4HV47,5671.A4HZM5,0.455
451,LINJ.12.0003,LINJ_24_2220,5671.A4HV47,5671.A4I122,0.619
452,LINJ.12.0003,LINJ_33_2910,5671.A4HV47,5671.A4I9B7,0.656
453,LINJ.12.0003,KATNAL2,5671.A4HV47,5671.A4HVM4,0.983
454,LINJ.12.0003,RPT6,5671.A4HV47,5671.A4IE38,0.998
455,LINJ.12.0003,LINJ.12.0190,5671.A4HV47,5671.E9AGB0,0.998
456,LINJ.12.0003,LINJ_22_0490,5671.A4HV47,5671.A4HZT9,0.999
457,LINJ.12.0003,LINJ_36_1730,5671.A4HV47,5671.A4IDD6,0.999
458,LINJ.12.0003,91E11,5671.A4HV47,5671.Q9GNZ8,0.999
459,LINJ.12.0003,LINJ_21_2200,5671.A4HV47,5671.A4HZI9,0.999
460,LINJ.12.0003,LINJ_22_0440,5671.A4HV47,5671.A4HZT4,0.999
461,LINJ.12.0003,LINJ_28_0110,5671.A4HV47,5671.A4I384,0.999
462,LINJ.12.0003,LINJ_03_0520,5671.A4HV47,5671.E9AG43,0.999
463,LINJ.12.0003,LINJ_13_0990,5671.A4HV47,5671.A4HVN7,0.999
464,LINJ_13_0170,LINJ_34_1900,5671.A4HVF3,5671.A4IAM7,0.441
465,LINJ_13_0170,LINJ_21_0740,5671.A4HVF3,5671.A4HZ67,0.59
466,LINJ_13_0220,VPS4,5671.A4HVF7,5671.A4I4W4,0.403
467,LINJ_13_0220,LINJ_32_2160,5671.A4HVF7,5671.A4I825,0.453
468,LINJ_13_0220,LINJ_14_0820,5671.A4HVF7,5671.A4HW20,0.502
469,LINJ_13_0220,LINJ_30_1710,5671.A4HVF7,5671.A4I5J8,0.517
470,LINJ_13_0220,LINJ_32_0520,5671.A4HVF7,5671.A4I7N3,0.641
471,LINJ_13_0220,LINJ_20_1140,5671.A4HVF7,5671.A4HYV4,0.903
472,LINJ_13_0220,LINJ_24_2090,5671.A4HVF7,5671.A4I109,0.943
473,LINJ_13_0650,CRK1,5671.A4HVK4,5671.E9AGX6,0.678
474,KATNAL2,LINJ_27_0940,5671.A4HVM4,5671.A4I2Q9,0.404
475,KATNAL2,LINJ_24_0170,5671.A4HVM4,5671.E9AH29,0.411
476,KATNAL2,PGKC,5671.A4HVM4,5671.E9AGT9,0.415
477,KATNAL2,LINJ_30_3430,5671.A4HVM4,5671.A4I628,0.415
478,KATNAL2,DHFR-TS,5671.A4HVM4,5671.Q8MQV3,0.418
479,KATNAL2,LINJ_33_2620,5671.A4HVM4,5671.E9AHR7,0.419
480,KATNAL2,DMC1,5671.A4HVM4,5671.A4IC25,0.419
481,KATNAL2,LINJ_35_1270,5671.A4HVM4,5671.A4IB20,0.429
482,KATNAL2,LINJ_21_0960,5671.A4HVM4,5671.A4HZM5,0.46
483,KATNAL2,LINJ_19_0150,5671.A4HVM4,5671.E9AGR8,0.46
484,KATNAL2,LINJ_28_2450,5671.A4HVM4,5671.A4I3V9,0.464
485,KATNAL2,TOP2,5671.A4HVM4,5671.A4HWL4,0.464
486,KATNAL2,RAD51,5671.A4HVM4,5671.A4I3C9,0.471
487,KATNAL2,LMAIRK,5671.A4HVM4,5671.A4I3C6,0.472
488,KATNAL2,LINJ_26_2460,5671.A4HVM4,5671.A4I2H1,0.472
489,KATNAL2,LINJ_29_1420,5671.A4HVM4,5671.E9AHI7,0.472
490,KATNAL2,LINJ_29_2600,5671.A4HVM4,5671.A4I4W3,0.478
491,KATNAL2,LINJ_32_3240,5671.A4HVM4,5671.A4I8C9,0.478
492,KATNAL2,GSK3,5671.A4HVM4,5671.A4HXQ3,0.478
493,KATNAL2,LINJ_33_2520,5671.A4HVM4,5671.E9AHQ7,0.482
494,KATNAL2,LINJ_34_0990,5671.A4HVM4,5671.A4I9Q1,0.482
495,KATNAL2,LINJ_25_0960,5671.A4HVM4,5671.A4I1D4,0.491
496,KATNAL2,LINJ_18_1110,5671.A4HVM4,5671.A4HXY4,0.491
497,KATNAL2,LINJ_35_2030,5671.A4HVM4,5671.A4IBA2,0.491
498,KATNAL2,LINJ_30_3310,5671.A4HVM4,5671.A4I610,0.491
499,KATNAL2,LINJ_24_1970,5671.A4HVM4,5671.A4I0Z7,0.492
500,KATNAL2,LINJ_24_2220,5671.A4HVM4,5671.A4I122,0.509
501,KATNAL2,LINJ_35_1310,5671.A4HVM4,5671.A4IB24,0.509
502,KATNAL2,LINJ_22_0480,5671.A4HVM4,5671.A4HZT8,0.509
503,KATNAL2,LINJ_33_2910,5671.A4HVM4,5671.A4I9B7,0.509
504,KATNAL2,VPS4,5671.A4HVM4,5671.A4I4W4,0.512
505,KATNAL2,ABCC4,5671.A4HVM4,5671.A4I6Q3,0.541
506,KATNAL2,LINJ_25_0540,5671.A4HVM4,5671.A4I194,0.545
507,KATNAL2,ABCH2,5671.A4HVM4,5671.A4I4M8,0.546
508,KATNAL2,LINJ_33_3360,5671.A4HVM4,5671.A4I9G2,0.552
509,KATNAL2,LINJ_19_0540,5671.A4HVM4,5671.A4HY76,0.587
510,KATNAL2,LINJ_26_2100,5671.A4HVM4,5671.A4I2D8,0.589
511,KATNAL2,LINJ_22_1070,5671.A4HVM4,5671.E9AGZ5,0.868
512,KATNAL2,LINJ_36_1730,5671.A4HVM4,5671.A4IDD6,0.88
513,KATNAL2,LINJ_28_0110,5671.A4HVM4,5671.A4I384,0.88
514,KATNAL2,LINJ_21_2200,5671.A4HVM4,5671.A4HZI9,0.88
515,KATNAL2,LINJ_03_0520,5671.A4HVM4,5671.E9AG43,0.925
516,KATNAL2,LINJ.12.0190,5671.A4HVM4,5671.E9AGB0,0.925
517,KATNAL2,LINJ_22_0490,5671.A4HVM4,5671.A4HZT9,0.927
518,KATNAL2,91E11,5671.A4HVM4,5671.Q9GNZ8,0.999
519,LINJ_13_0990,CRK,5671.A4HVN7,5671.A4HWZ4,0.423
520,LINJ_13_0990,CRK3,5671.A4HVN7,5671.A4ICT0,0.423
521,LINJ_13_0990,LINJ_30_1780,5671.A4HVN7,5671.A4I5K5,0.423
522,LINJ_13_0990,LINJ_35_1310,5671.A4HVN7,5671.A4IB24,0.425
523,LINJ_13_0990,LINJ_27_1150,5671.A4HVN7,5671.A4I2S6,0.426
524,LINJ_13_0990,LINJ_29_2410,5671.A4HVN7,5671.A4I4U4,0.429
525,LINJ_13_0990,LINJ_25_1360,5671.A4HVN7,5671.A4I1H6,0.431
526,LINJ_13_0990,LINJ_30_1070,5671.A4HVN7,5671.A4I5D2,0.437
527,LINJ_13_0990,LMAIRK,5671.A4HVN7,5671.A4I3C6,0.497
528,LINJ_13_0990,LINJ_26_2460,5671.A4HVN7,5671.A4I2H1,0.497
529,LINJ_13_0990,LINJ_29_1420,5671.A4HVN7,5671.E9AHI7,0.497
530,LINJ_13_0990,GSK3,5671.A4HVN7,5671.A4HXQ3,0.499
531,LINJ_13_0990,LINJ_24_2220,5671.A4HVN7,5671.A4I122,0.677
532,LINJ_13_0990,LINJ_27_0370,5671.A4HVN7,5671.A4I2M3,0.681
533,LINJ_13_0990,LINJ_33_2910,5671.A4HVN7,5671.A4I9B7,0.691
534,LINJ_13_0990,LINJ_24_0170,5671.A4HVN7,5671.E9AH29,0.696
535,LINJ_13_0990,LINJ_36_1730,5671.A4HVN7,5671.A4IDD6,0.998
536,LINJ_13_0990,LINJ_03_0520,5671.A4HVN7,5671.E9AG43,0.999
537,LINJ_13_0990,LINJ.12.0190,5671.A4HVN7,5671.E9AGB0,0.999
538,LINJ_13_0990,LINJ_22_0490,5671.A4HVN7,5671.A4HZT9,0.999
539,LINJ_13_0990,91E11,5671.A4HVN7,5671.Q9GNZ8,0.999
540,LINJ_13_0990,LINJ_21_2200,5671.A4HVN7,5671.A4HZI9,0.999
541,LINJ_13_0990,RPT6,5671.A4HVN7,5671.A4IE38,0.999
542,LINJ_13_0990,LINJ_28_0110,5671.A4HVN7,5671.A4I384,0.999
543,LINJ_13_0990,LINJ_22_0440,5671.A4HVN7,5671.A4HZT4,0.999
544,LINJ_13_1060,LINJ_31_2960,5671.A4HVP4,5671.A4I790,0.43
545,LINJ_13_1060,GSK3,5671.A4HVP4,5671.A4HXQ3,0.458
546,LINJ_13_1060,LINJ_36_3860,5671.A4HVP4,5671.A4ID29,0.48
547,LINJ_13_1500,LINJ_27_0510,5671.A4HVS3,5671.A4I2N6,0.419
548,LINJ_13_1500,LINJ_31_0450,5671.A4HVS3,5671.A4I6E4,0.419
549,LINJ_13_1500,LINJ_31_0480,5671.A4HVS3,5671.A4I6E6,0.419
550,LINJ_13_1500,LINJ_20_1230,5671.A4HVS3,5671.A4HYW2,0.419
551,LINJ_13_1500,LINJ_27_2520,5671.A4HVS3,5671.E9AHC1,0.419
552,LINJ_13_1500,LINJ_31_0420,5671.A4HVS3,5671.A4I6K5,0.419
553,LINJ_13_1500,LINJ_30_2040,5671.A4HVS3,5671.A4I5N1,0.419
554,LINJ_13_1580,LINJ_24_0170,5671.A4HVT1,5671.E9AH29,0.414
555,LINJ_13_1580,LINJ_33_3360,5671.A4HVT1,5671.A4I9G2,0.435
556,LINJ_13_1580,VPS4,5671.A4HVT1,5671.A4I4W4,0.466
557,LINJ_14_0020,LINJ_34_1900,5671.A4HVU4,5671.A4IAM7,0.433
558,LINJ_14_0020,LINJ_24_2090,5671.A4HVU4,5671.A4I109,0.521
559,LINJ_14_0020,LINJ_34_1530,5671.A4HVU4,5671.A4I9V5,0.535
560,LINJ_14_0020,LINJ_30_1060,5671.A4HVU4,5671.A4I5D1,0.647
561,LINJ_14_0020,LINJ_15_1630,5671.A4HVU4,5671.A4HWP5,0.647
562,LINJ_14_0140,LINJ_34_1900,5671.A4HVV6,5671.A4IAM7,0.441
563,LINJ_14_0140,LINJ_22_0480,5671.A4HVV6,5671.A4HZT8,0.45
564,LINJ_14_0140,LINJ_21_0740,5671.A4HVV6,5671.A4HZ67,0.59
565,LINJ_14_0580,LINJ_36_5050,5671.A4HVZ9,5671.A4IDR0,0.421
566,LINJ_14_0580,LINJ_19_0150,5671.A4HVZ9,5671.E9AGR8,0.444
567,LINJ_14_0580,LINJ_24_2350,5671.A4HVZ9,5671.A4I135,0.47
568,LINJ_14_0580,LINJ_24_1970,5671.A4HVZ9,5671.A4I0Z7,0.489
569,LINJ_14_0580,LINJ_27_0920,5671.A4HVZ9,5671.A4I2Q7,0.626
570,LINJ_14_0580,LINJ_33_0060,5671.A4HVZ9,5671.A4I8M2,0.646
571,LINJ_14_0580,LINJ_20_0020,5671.A4HVZ9,5671.A4HYJ4,0.734
572,LINJ_14_0580,LINJ_25_0440,5671.A4HVZ9,5671.A4I186,0.995
573,LINJ_14_0820,LINJ_33_3360,5671.A4HW20,5671.A4I9G2,0.408
574,LINJ_14_0820,LINJ_36_5580,5671.A4HW20,5671.A4IC77,0.415
575,LINJ_14_0820,LINJ_26_2540,5671.A4HW20,5671.A4I2I8,0.415
576,LINJ_14_0820,LINJ_26_2100,5671.A4HW20,5671.A4I2D8,0.427
577,LINJ_14_0820,LINJ_18_1140,5671.A4HW20,5671.A4HXY7,0.502
578,LINJ_14_0820,LINJ_30_1710,5671.A4HW20,5671.A4I5J8,0.521
579,LINJ_14_0820,LINJ_34_3370,5671.A4HW20,5671.A4IAC5,0.828
580,LINJ_15_0520,LINJ_33_3360,5671.A4HWE8,5671.A4I9G2,0.435
581,LINJ_15_0520,VPS4,5671.A4HWE8,5671.A4I4W4,0.509
582,TOP2,CRK3,5671.A4HWL4,5671.A4ICT0,0.414
583,TOP2,CRK,5671.A4HWL4,5671.A4HWZ4,0.414
584,TOP2,LINJ_30_1780,5671.A4HWL4,5671.A4I5K5,0.414
585,TOP2,LINJ_36_4020,5671.A4HWL4,5671.A4ID13,0.429
586,TOP2,LINJ_26_0590,5671.A4HWL4,5671.A4I1Z4,0.431
587,TOP2,LMAIRK,5671.A4HWL4,5671.A4I3C6,0.518
588,TOP2,LINJ_29_1420,5671.A4HWL4,5671.E9AHI7,0.518
589,TOP2,LINJ_26_2460,5671.A4HWL4,5671.A4I2H1,0.518
590,TOP2,LINJ_24_2220,5671.A4HWL4,5671.A4I122,0.708
591,TOP2,DHFR-TS,5671.A4HWL4,5671.Q8MQV3,0.798
592,LINJ_15_1540,PDEA,5671.A4HWN6,5671.A4HXY3,0.474
593,LINJ_15_1540,PKAC1,5671.A4HWN6,5671.A4HXY2,0.557
594,LINJ_15_1540,LINJ_29_2790,5671.A4HWN6,5671.A4I4X6,0.9
595,LINJ_15_1540,LINJ_15_1550,5671.A4HWN6,5671.A4HWN7,0.901
596,LINJ_15_1550,PDEA,5671.A4HWN7,5671.A4HXY3,0.476
597,LINJ_15_1550,PKAC1,5671.A4HWN7,5671.A4HXY2,0.557
598,LINJ_15_1550,LINJ_29_2790,5671.A4HWN7,5671.A4I4X6,0.9
599,LINJ_15_1630,GSK3,5671.A4HWP5,5671.A4HXQ3,0.414
600,LINJ_15_1630,LINJ_29_2600,5671.A4HWP5,5671.A4I4W3,0.647
601,LINJ_16_0070,LINJ_36_1730,5671.A4HWQ5,5671.A4IDD6,0.427
602,LINJ_16_0070,LINJ_33_3360,5671.A4HWQ5,5671.A4I9G2,0.435
603,LINJ_16_0070,LINJ_35_1310,5671.A4HWQ5,5671.A4IB24,0.536
604,LINJ_16_0070,LINJ_29_0770,5671.A4HWQ5,5671.A4I4C7,0.811
605,LINJ_16_0070,LINJ_20_1580,5671.A4HWQ5,5671.A4HZ08,0.98
606,LINJ_16_0070,LINJ_34_3300,5671.A4HWQ5,5671.A4IAB8,0.984
607,LINJ_16_0590,DHFR-TS,5671.A4HWV8,5671.Q8MQV3,0.416
608,LINJ_16_0590,LINJ_31_3260,5671.A4HWV8,5671.A4I7C0,0.499
609,LINJ_16_0590,LINJ_31_3080,5671.A4HWV8,5671.A4I7A2,0.545
610,LINJ_16_0590,LINJ_16_1430,5671.A4HWV8,5671.A4HX32,0.757
611,LINJ_16_0640,LINJ_24_2220,5671.A4HWW3,5671.A4I122,0.41
612,LINJ_16_0640,LINJ_25_0440,5671.A4HWW3,5671.A4I186,0.422
613,LINJ_16_0640,LINJ_25_1460,5671.A4HWW3,5671.A4I1I6,0.432
614,LINJ_16_0730,LINJ_34_1530,5671.A4HWX0,5671.A4I9V5,0.449
615,LINJ_16_0730,LINJ_29_2410,5671.A4HWX0,5671.A4I4U4,0.473
616,CRK,LINJ_30_3530,5671.A4HWZ4,5671.A4I638,0.414
617,CRK,LINJ_28_2450,5671.A4HWZ4,5671.A4I3V9,0.414
618,CRK,LINJ_22_0490,5671.A4HWZ4,5671.A4HZT9,0.415
619,CRK,LINJ_03_0520,5671.A4HWZ4,5671.E9AG43,0.415
620,CRK,DHFR-TS,5671.A4HWZ4,5671.Q8MQV3,0.421
621,CRK,LINJ_22_0440,5671.A4HWZ4,5671.A4HZT4,0.423
622,CRK,LINJ.12.0190,5671.A4HWZ4,5671.E9AGB0,0.424
623,CRK,RPT6,5671.A4HWZ4,5671.A4IE38,0.426
624,CRK,LINJ_21_0210,5671.A4HWZ4,5671.A4HZA2,0.427
625,CRK,LINJ_36_4020,5671.A4HWZ4,5671.A4ID13,0.428
626,CRK,LINJ_33_2910,5671.A4HWZ4,5671.A4I9B7,0.466
627,CRK,LINJ_34_1840,5671.A4HWZ4,5671.A4I9Y5,0.469
628,CRK,LINJ_26_2460,5671.A4HWZ4,5671.A4I2H1,0.496
629,CRK,LMAIRK,5671.A4HWZ4,5671.A4I3C6,0.538
630,CRK,LINJ_29_1420,5671.A4HWZ4,5671.E9AHI7,0.54
631,CRK,LINJ_20_0020,5671.A4HWZ4,5671.A4HYJ4,0.541
632,CRK,LINJ_36_5580,5671.A4HWZ4,5671.A4IC77,0.55
633,CRK,LINJ_26_2540,5671.A4HWZ4,5671.A4I2I8,0.55
634,CRK,LINJ_32_1520,5671.A4HWZ4,5671.A4I7W3,0.587
635,CRK,LINJ_24_2220,5671.A4HWZ4,5671.A4I122,0.605
636,CRK,CYC8,5671.A4HWZ4,5671.A4I1W9,0.734
637,CRK,CYC6,5671.A4HWZ4,5671.A4I8F7,0.783
638,CRK,LINJ_29_2830,5671.A4HWZ4,5671.A4I4Y0,0.8
639,LINJ_16_1430,LINJ_24_1890,5671.A4HX32,5671.E9AH89,0.414
640,LINJ_16_1430,LINJ_35_1240,5671.A4HX32,5671.A4IB17,0.414
641,LINJ_16_1430,LINJ_36_3570,5671.A4HX32,5671.A4ID56,0.414
642,LINJ_16_1430,LINJ_27_2390,5671.A4HX32,5671.A4I345,0.414
643,LINJ_16_1430,LINJ_30_2920,5671.A4HX32,5671.A4I5W9,0.506
644,LINJ_16_1430,LINJ_36_1840,5671.A4HX32,5671.A4IDE7,0.586
645,LINJ_16_1430,LINJ_31_3080,5671.A4HX32,5671.A4I7A2,0.732
646,LINJ_16_1430,LINJ_31_3260,5671.A4HX32,5671.A4I7C0,0.784
647,LINJ_17_0070,LINJ_36_5580,5671.A4HX71,5671.A4IC77,0.427
648,LINJ_17_0070,RAD51,5671.A4HX71,5671.A4I3C9,0.519
649,LINJ_17_0070,LINJ_26_2540,5671.A4HX71,5671.A4I2I8,0.528
650,LINJ_17_0070,LINJ_29_2830,5671.A4HX71,5671.A4I4Y0,0.819
651,LINJ_17_0070,LINJ_32_1520,5671.A4HX71,5671.A4I7W3,0.873
652,LINJ_17_0550,LINJ_34_1840,5671.A4HXC3,5671.A4I9Y5,0.454
653,LINJ_17_0550,LINJ_26_2540,5671.A4HXC3,5671.A4I2I8,0.573
654,GMPR,LINJ_32_3470,5671.A4HXF5,5671.A4I8F2,0.42
655,GMPR,LINJ_19_0540,5671.A4HXF5,5671.A4HY76,0.423
656,GMPR,LINJ_27_1150,5671.A4HXF5,5671.A4I2S6,0.461
657,GMPR,LINJ_19_0150,5671.A4HXF5,5671.E9AGR8,0.537
658,GMPR,DHFR-TS,5671.A4HXF5,5671.Q8MQV3,0.638
659,GMPR,LINJ_21_0960,5671.A4HXF5,5671.A4HZM5,0.708
660,GMPR,LINJ_19_1590,5671.A4HXF5,5671.A4HYI5,0.915
661,LINJ_18_0150,LINJ_33_2520,5671.A4HXP1,5671.E9AHQ7,0.847
662,GSK3,LINJ_29_2600,5671.A4HXQ3,5671.A4I4W3,0.414
663,GSK3,LINJ_36_5320,5671.A4HXQ3,5671.A4IDT1,0.432
664,GSK3,LINJ_34_1840,5671.A4HXQ3,5671.A4I9Y5,0.439
665,GSK3,PKAC1,5671.A4HXQ3,5671.A4HXY2,0.444
666,GSK3,LINJ_33_2520,5671.A4HXQ3,5671.E9AHQ7,0.449
667,GSK3,LINJ_28_0860,5671.A4HXQ3,5671.A4I3F5,0.453
668,GSK3,LINJ_36_1730,5671.A4HXQ3,5671.A4IDD6,0.472
669,GSK3,91E11,5671.A4HXQ3,5671.Q9GNZ8,0.472
670,GSK3,RPT6,5671.A4HXQ3,5671.A4IE38,0.476
671,GSK3,LINJ_03_0520,5671.A4HXQ3,5671.E9AG43,0.486
672,GSK3,LINJ_22_0440,5671.A4HXQ3,5671.A4HZT4,0.489
673,GSK3,LINJ_21_2200,5671.A4HXQ3,5671.A4HZI9,0.49
674,GSK3,LINJ_28_0110,5671.A4HXQ3,5671.A4I384,0.49
675,GSK3,LINJ.12.0190,5671.A4HXQ3,5671.E9AGB0,0.493
676,GSK3,LINJ_22_0490,5671.A4HXQ3,5671.A4HZT9,0.493
677,GSK3,CYC6,5671.A4HXQ3,5671.A4I8F7,0.497
678,GSK3,LINJ_25_1360,5671.A4HXQ3,5671.A4I1H6,0.506
679,GSK3,CRK1,5671.A4HXQ3,5671.E9AGX6,0.577
680,GSK3,LINJ_30_3530,5671.A4HXQ3,5671.A4I638,0.836
681,GSK3,LINJ_35_1030,5671.A4HXQ3,5671.A4IAZ8,0.837
682,LINJ_18_0650,LINJ_22_1260,5671.A4HXU0,5671.A4I000,0.401
683,LINJ_18_0650,LINJ_36_6370,5671.A4HXU0,5671.A4IE23,0.401
684,LINJ_18_0650,LINJ_21_1990,5671.A4HXU0,5671.A4HZG8,0.411
685,LINJ_18_0650,LINJ_29_2600,5671.A4HXU0,5671.A4I4W3,0.597
686,PKAC1,LINJ_26_2540,5671.A4HXY2,5671.A4I2I8,0.41
687,PKAC1,LINJ_29_2790,5671.A4HXY2,5671.A4I4X6,0.557
688,PKAC1,LINJ_29_2550,5671.A4HXY2,5671.A4I4V8,0.557
689,PDEA,LINJ_29_2790,5671.A4HXY3,5671.A4I4X6,0.423
690,PDEA,LINJ_29_2550,5671.A4HXY3,5671.A4I4V8,0.484
691,LINJ_18_1110,LINJ_26_2100,5671.A4HXY4,5671.A4I2D8,0.519
692,LINJ_18_1140,VPS4,5671.A4HXY7,5671.A4I4W4,0.403
693,LINJ_18_1140,LINJ_32_2160,5671.A4HXY7,5671.A4I825,0.444
694,LINJ_18_1140,LINJ_24_2090,5671.A4HXY7,5671.A4I109,0.453
695,LINJ_18_1140,LINJ_30_1710,5671.A4HXY7,5671.A4I5J8,0.533
696,LINJ_18_1140,LINJ_32_0520,5671.A4HXY7,5671.A4I7N3,0.645
697,LINJ_19_0540,LINJ_24_1970,5671.A4HY76,5671.A4I0Z7,0.407
698,LINJ_19_0540,LINJ_19_1590,5671.A4HY76,5671.A4HYI5,0.423
699,LINJ_19_0540,LINJ_32_3470,5671.A4HY76,5671.A4I8F2,0.44
700,LINJ_19_0540,NMT,5671.A4HY76,5671.A4I7H1,0.558
701,LINJ_19_0540,DHFR-TS,5671.A4HY76,5671.Q8MQV3,0.575
702,LINJ_19_0540,LINJ_21_0960,5671.A4HY76,5671.A4HZM5,0.968
703,MPK4,LINJ_28_0170,5671.A4HYH4,5671.A4I390,0.402
704,MPK4,LINJ_26_2100,5671.A4HYH4,5671.A4I2D8,0.41
705,MPK4,LINJ_34_1840,5671.A4HYH4,5671.A4I9Y5,0.531
706,MPK4,LINJ_28_2450,5671.A4HYH4,5671.A4I3V9,0.585
707,NOS,LINJ_33_2520,5671.A4HYH5,5671.E9AHQ7,0.457
708,NOS,DHFR-TS,5671.A4HYH5,5671.Q8MQV3,0.461
709,LINJ_19_1590,LINJ_27_1150,5671.A4HYI5,5671.A4I2S6,0.461
710,LINJ_19_1590,LINJ_32_3470,5671.A4HYI5,5671.A4I8F2,0.477
711,LINJ_19_1590,LINJ_19_0150,5671.A4HYI5,5671.E9AGR8,0.537
712,LINJ_19_1590,DHFR-TS,5671.A4HYI5,5671.Q8MQV3,0.638
713,LINJ_19_1590,LINJ_21_0960,5671.A4HYI5,5671.A4HZM5,0.688
714,LINJ_20_0020,LINJ_29_0770,5671.A4HYJ4,5671.A4I4C7,0.419
715,LINJ_20_0020,LINJ_27_1140,5671.A4HYJ4,5671.A4I2S5,0.419
716,LINJ_20_0020,LINJ_28_1210,5671.A4HYJ4,5671.A4I3I7,0.443
717,LINJ_20_0020,LINJ_32_0050,5671.A4HYJ4,5671.A4I7G8,0.474
718,LINJ_20_0020,LINJ_30_1460,5671.A4HYJ4,5671.A4I5H1,0.487
719,LINJ_20_0020,LINJ_36_5580,5671.A4HYJ4,5671.A4IC77,0.502
720,LINJ_20_0020,LINJ_26_2540,5671.A4HYJ4,5671.A4I2I8,0.502
721,LINJ_20_0020,CRK3,5671.A4HYJ4,5671.A4ICT0,0.541
722,LINJ_20_0020,LINJ_30_1780,5671.A4HYJ4,5671.A4I5K5,0.541
723,LINJ_20_0020,LINJ_24_1970,5671.A4HYJ4,5671.A4I0Z7,0.549
724,LINJ_20_0020,CYC6,5671.A4HYJ4,5671.A4I8F7,0.591
725,LINJ_20_0020,CYC8,5671.A4HYJ4,5671.A4I1W9,0.591
726,LINJ_20_0020,LINJ_27_0920,5671.A4HYJ4,5671.A4I2Q7,0.61
727,LINJ_20_0020,LINJ_33_0060,5671.A4HYJ4,5671.A4I8M2,0.643
728,LINJ_20_0020,LINJ_25_0440,5671.A4HYJ4,5671.A4I186,0.881
729,LINJ_20_0020,LINJ_24_2350,5671.A4HYJ4,5671.A4I135,0.888
730,LINJ_20_0020,LINJ_19_0150,5671.A4HYJ4,5671.E9AGR8,0.92
731,LINJ_20_0820,LINJ_26_2100,5671.A4HYS3,5671.A4I2D8,0.442
732,LINJ_20_0820,LINJ_24_1970,5671.A4HYS3,5671.A4I0Z7,0.479
733,LINJ_20_0820,LINJ_36_0880,5671.A4HYS3,5671.A4ICQ2,0.488
734,LINJ_20_0820,LINJ_33_3360,5671.A4HYS3,5671.A4I9G2,0.763
735,LINJ_20_1140,LINJ_33_2520,5671.A4HYV4,5671.E9AHQ7,0.472
736,LINJ_20_1140,LINJ_34_3370,5671.A4HYV4,5671.A4IAC5,0.902
737,LINJ_20_1140,LINJ_24_2090,5671.A4HYV4,5671.A4I109,0.908
738,LINJ_20_1140,LINJ_29_1550,5671.A4HYV4,5671.A4I4K7,0.91
739,LINJ_20_1450,LINJ_25_1460,5671.A4HYY3,5671.A4I1I6,0.781
740,LINJ_20_1580,LINJ_33_3360,5671.A4HZ08,5671.A4I9G2,0.435
741,LINJ_20_1580,LINJ_35_1310,5671.A4HZ08,5671.A4IB24,0.438
742,LINJ_20_1580,LINJ_29_0770,5671.A4HZ08,5671.A4I4C7,0.643
743,LINJ_21_0740,NMT,5671.A4HZ67,5671.A4I7H1,0.418
744,LINJ_21_0740,LINJ_33_2520,5671.A4HZ67,5671.E9AHQ7,0.465
745,LINJ_21_0740,LINJ_34_1900,5671.A4HZ67,5671.A4IAM7,0.559
746,LINJ_21_0740,LINJ_28_2440,5671.A4HZ67,5671.A4I3V8,0.59
747,LINJ_21_0740,LINJ_36_7340,5671.A4HZ67,5671.A4ICE0,0.59
748,LINJ_21_0210,LINJ_29_2830,5671.A4HZA2,5671.A4I4Y0,0.695
749,LINJ_21_1990,LINJ_33_1810,5671.A4HZG8,5671.A4I967,0.411
750,LINJ_21_1990,LINJ_22_0990,5671.A4HZG8,5671.A4HZY8,0.411
751,LINJ_21_1990,LINJ_22_0630,5671.A4HZG8,5671.A4HZV1,0.411
752,LINJ_21_2200,LINJ_32_3470,5671.A4HZI9,5671.A4I8F2,0.401
753,LINJ_21_2200,LINJ_35_1310,5671.A4HZI9,5671.A4IB24,0.435
754,LINJ_21_2200,LINJ_25_1360,5671.A4HZI9,5671.A4I1H6,0.44
755,LINJ_21_2200,LINJ_27_0370,5671.A4HZI9,5671.A4I2M3,0.478
756,LINJ_21_2200,LINJ_24_0170,5671.A4HZI9,5671.E9AH29,0.478
757,LINJ_21_2200,LINJ_21_1330,5671.A4HZI9,5671.E9AGX7,0.5
758,LINJ_21_2200,LMAIRK,5671.A4HZI9,5671.A4I3C6,0.5
759,LINJ_21_2200,LINJ_29_1420,5671.A4HZI9,5671.E9AHI7,0.5
760,LINJ_21_2200,LINJ_26_2460,5671.A4HZI9,5671.A4I2H1,0.5
761,LINJ_21_2200,LINJ_27_1150,5671.A4HZI9,5671.A4I2S6,0.612
762,LINJ_21_2200,LINJ_24_2220,5671.A4HZI9,5671.A4I122,0.647
763,LINJ_21_2200,LINJ_33_2910,5671.A4HZI9,5671.A4I9B7,0.675
764,LINJ_21_2200,LINJ.12.0190,5671.A4HZI9,5671.E9AGB0,0.999
765,LINJ_21_2200,LINJ_03_0520,5671.A4HZI9,5671.E9AG43,0.999
766,LINJ_21_2200,RPT6,5671.A4HZI9,5671.A4IE38,0.999
767,LINJ_21_2200,LINJ_22_0440,5671.A4HZI9,5671.A4HZT4,0.999
768,LINJ_21_2200,LINJ_28_0110,5671.A4HZI9,5671.A4I384,0.999
769,LINJ_21_2200,LINJ_22_0490,5671.A4HZI9,5671.A4HZT9,0.999
770,LINJ_21_2200,LINJ_36_1730,5671.A4HZI9,5671.A4IDD6,0.999
771,LINJ_21_2200,91E11,5671.A4HZI9,5671.Q9GNZ8,0.999
772,LINJ_21_0960,NMT,5671.A4HZM5,5671.A4I7H1,0.499
773,LINJ_21_0960,DHFR-TS,5671.A4HZM5,5671.Q8MQV3,0.592
774,LINJ_22_0440,LINJ_30_1070,5671.A4HZT4,5671.A4I5D2,0.4
775,LINJ_22_0440,LINJ_25_1360,5671.A4HZT4,5671.A4I1H6,0.403
776,LINJ_22_0440,LINJ_32_3470,5671.A4HZT4,5671.A4I8F2,0.412
777,LINJ_22_0440,LINJ_21_1330,5671.A4HZT4,5671.E9AGX7,0.413
778,LINJ_22_0440,LINJ_30_1780,5671.A4HZT4,5671.A4I5K5,0.423
779,LINJ_22_0440,CRK3,5671.A4HZT4,5671.A4ICT0,0.423
780,LINJ_22_0440,LINJ_35_1310,5671.A4HZT4,5671.A4IB24,0.427
781,LINJ_22_0440,LINJ_29_1420,5671.A4HZT4,5671.E9AHI7,0.508
782,LINJ_22_0440,LINJ_26_2460,5671.A4HZT4,5671.A4I2H1,0.508
783,LINJ_22_0440,LMAIRK,5671.A4HZT4,5671.A4I3C6,0.508
784,LINJ_22_0440,LINJ_27_0370,5671.A4HZT4,5671.A4I2M3,0.596
785,LINJ_22_0440,LINJ_24_0170,5671.A4HZT4,5671.E9AH29,0.624
786,LINJ_22_0440,LINJ_24_2220,5671.A4HZT4,5671.A4I122,0.662
787,LINJ_22_0440,LINJ_33_2910,5671.A4HZT4,5671.A4I9B7,0.677
788,LINJ_22_0440,LINJ_36_1730,5671.A4HZT4,5671.A4IDD6,0.998
789,LINJ_22_0440,LINJ_22_0490,5671.A4HZT4,5671.A4HZT9,0.999
790,LINJ_22_0440,91E11,5671.A4HZT4,5671.Q9GNZ8,0.999
791,LINJ_22_0440,RPT6,5671.A4HZT4,5671.A4IE38,0.999
792,LINJ_22_0440,LINJ_28_0110,5671.A4HZT4,5671.A4I384,0.999
793,LINJ_22_0440,LINJ_03_0520,5671.A4HZT4,5671.E9AG43,0.999
794,LINJ_22_0440,LINJ.12.0190,5671.A4HZT4,5671.E9AGB0,0.999
795,LINJ_22_0480,LINJ_29_0770,5671.A4HZT8,5671.A4I4C7,0.401
796,LINJ_22_0480,LINJ_28_2440,5671.A4HZT8,5671.A4I3V8,0.402
797,LINJ_22_0480,LINJ_29_2940,5671.A4HZT8,5671.A4I4Y5,0.424
798,LINJ_22_0480,LINJ_36_7340,5671.A4HZT8,5671.A4ICE0,0.444
799,LINJ_22_0480,LINJ_25_1460,5671.A4HZT8,5671.A4I1I6,0.456
800,LINJ_22_0480,LINJ_32_1520,5671.A4HZT8,5671.A4I7W3,0.468
801,LINJ_22_0480,LINJ_24_2220,5671.A4HZT8,5671.A4I122,0.588
802,LINJ_22_0480,LINJ_35_1310,5671.A4HZT8,5671.A4IB24,0.614
803,LINJ_22_0480,LINJ_32_0730,5671.A4HZT8,5671.A4I7L2,0.687
804,LINJ_22_0490,LINJ_21_1330,5671.A4HZT9,5671.E9AGX7,0.405
805,LINJ_22_0490,LINJ_30_1780,5671.A4HZT9,5671.A4I5K5,0.415
806,LINJ_22_0490,CRK3,5671.A4HZT9,5671.A4ICT0,0.415
807,LINJ_22_0490,LINJ_35_1310,5671.A4HZT9,5671.A4IB24,0.434
808,LINJ_22_0490,LINJ_26_2460,5671.A4HZT9,5671.A4I2H1,0.511
809,LINJ_22_0490,LINJ_29_1420,5671.A4HZT9,5671.E9AHI7,0.511
810,LINJ_22_0490,LMAIRK,5671.A4HZT9,5671.A4I3C6,0.511
811,LINJ_22_0490,PGKC,5671.A4HZT9,5671.E9AGT9,0.525
812,LINJ_22_0490,LINJ_30_3430,5671.A4HZT9,5671.A4I628,0.525
813,LINJ_22_0490,LINJ_30_1070,5671.A4HZT9,5671.A4I5D2,0.536
814,LINJ_22_0490,LINJ_24_2220,5671.A4HZT9,5671.A4I122,0.651
815,LINJ_22_0490,LINJ_27_0370,5671.A4HZT9,5671.A4I2M3,0.673
816,LINJ_22_0490,LINJ_33_2910,5671.A4HZT9,5671.A4I9B7,0.679
817,LINJ_22_0490,LINJ_24_0170,5671.A4HZT9,5671.E9AH29,0.694
818,LINJ_22_0490,LINJ_36_1730,5671.A4HZT9,5671.A4IDD6,0.998
819,LINJ_22_0490,LINJ_28_0110,5671.A4HZT9,5671.A4I384,0.999
820,LINJ_22_0490,RPT6,5671.A4HZT9,5671.A4IE38,0.999
821,LINJ_22_0490,91E11,5671.A4HZT9,5671.Q9GNZ8,0.999
822,LINJ_22_0490,LINJ_03_0520,5671.A4HZT9,5671.E9AG43,0.999
823,LINJ_22_0490,LINJ.12.0190,5671.A4HZT9,5671.E9AGB0,0.999
824,LINJ_22_0630,LINJ_36_6370,5671.A4HZV1,5671.A4IE23,0.401
825,LINJ_22_0630,LINJ_22_1260,5671.A4HZV1,5671.A4I000,0.401
826,LINJ_22_0630,LINJ_29_2600,5671.A4HZV1,5671.A4I4W3,0.404
827,LINJ_22_0990,LINJ_22_1260,5671.A4HZY8,5671.A4I000,0.401
828,LINJ_22_0990,LINJ_36_6370,5671.A4HZY8,5671.A4IE23,0.401
829,LINJ_22_1260,LINJ_33_1810,5671.A4I000,5671.A4I967,0.401
830,LINJ_22_1260,LINJ_35_1310,5671.A4I000,5671.A4IB24,0.417
831,LINJ_23_0580,LINJ_34_1900,5671.A4I093,5671.A4IAM7,0.421
832,LINJ_23_0580,LINJ_27_2390,5671.A4I093,5671.A4I345,0.441
833,LINJ_23_0580,LINJ_33_2860,5671.A4I093,5671.A4I9B2,0.445
834,LINJ_23_0580,LINJ_34_0150,5671.A4I093,5671.A4I9I3,0.451
835,LINJ_23_0580,LINJ_30_2920,5671.A4I093,5671.A4I5W9,0.725
836,LINJ_23_0580,LINJ_36_1840,5671.A4I093,5671.A4IDE7,0.774
837,LINJ_23_0580,LINJ_31_3080,5671.A4I093,5671.A4I7A2,0.942
838,LINJ_24_0680,LINJ_28_0170,5671.A4I0Q5,5671.A4I390,0.402
839,LINJ_24_0680,LINJ_26_2100,5671.A4I0Q5,5671.A4I2D8,0.41
840,LINJ_24_0680,LINJ_34_1840,5671.A4I0Q5,5671.A4I9Y5,0.422
841,LINJ_24_1500,LINJ_34_1840,5671.A4I0Y4,5671.A4I9Y5,0.455
842,LINJ_24_1970,LINJ_29_0770,5671.A4I0Z7,5671.A4I4C7,0.409
843,LINJ_24_1970,LINJ_32_1310,5671.A4I0Z7,5671.A4I7U2,0.416
844,LINJ_24_1970,LINJ_35_1270,5671.A4I0Z7,5671.A4IB20,0.437
845,LINJ_24_1970,LINJ_27_0940,5671.A4I0Z7,5671.A4I2Q9,0.479
846,LINJ_24_1970,LINJ_27_1140,5671.A4I0Z7,5671.A4I2S5,0.482
847,LINJ_24_1970,LINJ_30_1460,5671.A4I0Z7,5671.A4I5H1,0.499
848,LINJ_24_1970,LINJ_33_0060,5671.A4I0Z7,5671.A4I8M2,0.532
849,LINJ_24_1970,LINJ_27_0370,5671.A4I0Z7,5671.A4I2M3,0.723
850,LINJ_24_1970,LINJ_24_0170,5671.A4I0Z7,5671.E9AH29,0.723
851,LINJ_24_2090,LINJ_29_1550,5671.A4I109,5671.A4I4K7,0.909
852,LINJ_24_2090,LINJ_34_3370,5671.A4I109,5671.A4IAC5,0.929
853,LINJ_24_2220,LINJ_29_0770,5671.A4I122,5671.A4I4C7,0.401
854,LINJ_24_2220,RAD51,5671.A4I122,5671.A4I3C9,0.412
855,LINJ_24_2220,LINJ_29_2940,5671.A4I122,5671.A4I4Y5,0.433
856,LINJ_24_2220,LINJ_25_1460,5671.A4I122,5671.A4I1I6,0.456
857,LINJ_24_2220,LINJ_36_4020,5671.A4I122,5671.A4ID13,0.571
858,LINJ_24_2220,LINJ_36_1730,5671.A4I122,5671.A4IDD6,0.584
859,LINJ_24_2220,DHFR-TS,5671.A4I122,5671.Q8MQV3,0.6
860,LINJ_24_2220,LINJ_30_1780,5671.A4I122,5671.A4I5K5,0.605
861,LINJ_24_2220,CRK3,5671.A4I122,5671.A4ICT0,0.605
862,LINJ_24_2220,LINJ_26_2540,5671.A4I122,5671.A4I2I8,0.641
863,LINJ_24_2220,LINJ_36_5580,5671.A4I122,5671.A4IC77,0.641
864,LINJ_24_2220,LINJ_28_0110,5671.A4I122,5671.A4I384,0.647
865,LINJ_24_2220,LINJ_35_1310,5671.A4I122,5671.A4IB24,0.647
866,LINJ_24_2220,LINJ_03_0520,5671.A4I122,5671.E9AG43,0.66
867,LINJ_24_2220,91E11,5671.A4I122,5671.Q9GNZ8,0.674
868,LINJ_24_2220,RPT6,5671.A4I122,5671.A4IE38,0.677
869,LINJ_24_2220,CYC8,5671.A4I122,5671.A4I1W9,0.679
870,LINJ_24_2220,CYC6,5671.A4I122,5671.A4I8F7,0.679
871,LINJ_24_2220,LINJ.12.0190,5671.A4I122,5671.E9AGB0,0.687
872,LINJ_24_2220,LINJ_28_2450,5671.A4I122,5671.A4I3V9,0.708
873,LINJ_24_2220,LINJ_32_0730,5671.A4I122,5671.A4I7L2,0.736
874,LINJ_24_2220,LINJ_26_2460,5671.A4I122,5671.A4I2H1,0.812
875,LINJ_24_2220,LINJ_29_1420,5671.A4I122,5671.E9AHI7,0.812
876,LINJ_24_2220,LMAIRK,5671.A4I122,5671.A4I3C6,0.812
877,LINJ_24_2220,LINJ_33_2910,5671.A4I122,5671.A4I9B7,0.963
878,LINJ_24_2350,LINJ_33_0060,5671.A4I135,5671.A4I8M2,0.464
879,LINJ_24_2350,LINJ_27_0920,5671.A4I135,5671.A4I2Q7,0.465
880,LINJ_24_2350,LINJ_19_0150,5671.A4I135,5671.E9AGR8,0.674
881,LINJ_24_2350,LINJ_25_0440,5671.A4I135,5671.A4I186,0.706
882,LINJ_25_0440,LINJ_27_0920,5671.A4I186,5671.A4I2Q7,0.547
883,LINJ_25_0440,LINJ_19_0150,5671.A4I186,5671.E9AGR8,0.603
884,LINJ_25_0440,LINJ_33_0060,5671.A4I186,5671.A4I8M2,0.712
885,LINJ_25_0540,LINJ_33_3410,5671.A4I194,5671.A4I9G7,0.509
886,LINJ_25_0960,LINJ_30_3310,5671.A4I1D4,5671.A4I610,0.425
887,LINJ_25_0960,LINJ_26_2100,5671.A4I1D4,5671.A4I2D8,0.519
888,LINJ_25_1360,LINJ.12.0190,5671.A4I1H6,5671.E9AGB0,0.404
889,LINJ_25_1360,PABP1,5671.A4I1H6,5671.A4IC57,0.425
890,LINJ_25_1360,LINJ_03_0520,5671.A4I1H6,5671.E9AG43,0.433
891,LINJ_25_1360,LINJ_28_0110,5671.A4I1H6,5671.A4I384,0.459
892,LINJ_25_1360,91E11,5671.A4I1H6,5671.Q9GNZ8,0.463
893,LINJ_25_1360,LINJ_36_1730,5671.A4I1H6,5671.A4IDD6,0.464
894,LINJ_25_1360,LINJ_26_2540,5671.A4I1H6,5671.A4I2I8,0.469
895,LINJ_25_1360,LINJ_36_5580,5671.A4I1H6,5671.A4IC77,0.469
896,LINJ_25_1360,LINJ_27_1150,5671.A4I1H6,5671.A4I2S6,0.684
897,LINJ_25_1460,LINJ_27_1150,5671.A4I1I6,5671.A4I2S6,0.453
898,LINJ_25_1460,LINJ_33_2910,5671.A4I1I6,5671.A4I9B7,0.456
899,LINJ_25_1460,LINJ_35_1310,5671.A4I1I6,5671.A4IB24,0.481
900,LINJ_25_1460,LINJ_32_0050,5671.A4I1I6,5671.A4I7G8,0.547
901,LINJ_25_1460,LINJ_32_3470,5671.A4I1I6,5671.A4I8F2,0.635
902,LINJ_25_1580,MPK11,5671.A4I1J8,5671.A4I910,0.405
903,LINJ_25_1580,LMPK,5671.A4I1J8,5671.A4ICA4,0.42
904,LINJ_25_2070,LINJ_26_2540,5671.A4I1P7,5671.A4I2I8,0.411
905,LINJ_25_2070,LINJ_35_1070,5671.A4I1P7,5671.A4IB02,0.434
906,LINJ_25_2070,LINJ_34_1840,5671.A4I1P7,5671.A4I9Y5,0.469
907,LINJ_25_2070,MPK11,5671.A4I1P7,5671.A4I910,0.531
908,LINJ_26_0300,LINJ_30_3430,5671.A4I1W7,5671.A4I628,0.401
909,LINJ_26_0300,PGKC,5671.A4I1W7,5671.E9AGT9,0.401
910,CYC8,LINJ_26_2460,5671.A4I1W9,5671.A4I2H1,0.485
911,CYC8,LINJ_29_1420,5671.A4I1W9,5671.E9AHI7,0.485
912,CYC8,LMAIRK,5671.A4I1W9,5671.A4I3C6,0.485
913,CYC8,LINJ_36_4020,5671.A4I1W9,5671.A4ID13,0.486
914,CYC8,LINJ_32_1520,5671.A4I1W9,5671.A4I7W3,0.486
915,CYC8,LINJ_33_2910,5671.A4I1W9,5671.A4I9B7,0.507
916,CYC8,CYC6,5671.A4I1W9,5671.A4I8F7,0.598
917,CYC8,LINJ_30_1780,5671.A4I1W9,5671.A4I5K5,0.641
918,CYC8,CRK3,5671.A4I1W9,5671.A4ICT0,0.641
919,CYC8,LINJ_36_5580,5671.A4I1W9,5671.A4IC77,0.668
920,CYC8,LINJ_26_2540,5671.A4I1W9,5671.A4I2I8,0.668
921,CYC8,LINJ_29_2830,5671.A4I1W9,5671.A4I4Y0,0.889
922,LINJ_26_0590,LINJ_28_2450,5671.A4I1Z4,5671.A4I3V9,0.431
923,LINJ_26_0590,LINJ_30_1700,5671.A4I1Z4,5671.A4I5J7,0.638
924,LINJ_26_0590,DHFR-TS,5671.A4I1Z4,5671.Q8MQV3,0.705
925,LINJ_26_0590,LINJ_33_2520,5671.A4I1Z4,5671.E9AHQ7,0.733
926,LINJ_26_0590,LINJ_27_1150,5671.A4I1Z4,5671.A4I2S6,0.771
927,LINJ_26_0590,LINJ_21_1330,5671.A4I1Z4,5671.E9AGX7,0.774
928,LINJ_26_0590,LINJ_32_3470,5671.A4I1Z4,5671.A4I8F2,0.782
929,LINJ_26_0590,LINJ_30_2830,5671.A4I1Z4,5671.A4I5W0,0.913
930,LINJ_26_0590,LINJ_32_1940,5671.A4I1Z4,5671.A4I800,0.913
931,LINJ_26_0590,LINJ_36_2130,5671.A4I1Z4,5671.A4IDH4,0.913
932,LINJ_26_0630,GCVL-2,5671.A4I1Z8,5671.A4I8F6,0.422
933,LINJ_26_0630,LINJ_31_2720,5671.A4I1Z8,5671.E9AHL8,0.422
934,LINJ_26_0630,GCVL-1,5671.A4I1Z8,5671.A4I4P1,0.422
935,LINJ_26_2100,LMPK,5671.A4I2D8,5671.A4ICA4,0.41
936,LINJ_26_2100,LINJ_30_2930,5671.A4I2D8,5671.A4I5X0,0.41
937,LINJ_26_2100,MPK11,5671.A4I2D8,5671.A4I910,0.41
938,LINJ_26_2100,LINJ_36_0780,5671.A4I2D8,5671.A4ICR2,0.41
939,LINJ_26_2100,LINJ_32_0520,5671.A4I2D8,5671.A4I7N3,0.425
940,LINJ_26_2100,LINJ_27_0940,5671.A4I2D8,5671.A4I2Q9,0.442
941,LINJ_26_2100,LINJ_32_2160,5671.A4I2D8,5671.A4I825,0.475
942,LINJ_26_2100,LINJ_35_1720,5671.A4I2D8,5671.A4IB73,0.499
943,LINJ_26_2100,LINJ_30_3310,5671.A4I2D8,5671.A4I610,0.519
944,LINJ_26_2100,LINJ_35_2030,5671.A4I2D8,5671.A4IBA2,0.519
945,LINJ_26_2100,DHFR-TS,5671.A4I2D8,5671.Q8MQV3,0.53
946,LINJ_26_2460,LINJ_35_1310,5671.A4I2H1,5671.A4IB24,0.459
947,LINJ_26_2460,DHFR-TS,5671.A4I2H1,5671.Q8MQV3,0.481
948,LINJ_26_2460,91E11,5671.A4I2H1,5671.Q9GNZ8,0.483
949,LINJ_26_2460,CYC6,5671.A4I2H1,5671.A4I8F7,0.485
950,LINJ_26_2460,LINJ_36_1730,5671.A4I2H1,5671.A4IDD6,0.492
951,LINJ_26_2460,CRK3,5671.A4I2H1,5671.A4ICT0,0.496
952,LINJ_26_2460,LINJ_30_1780,5671.A4I2H1,5671.A4I5K5,0.496
953,LINJ_26_2460,LINJ_28_0110,5671.A4I2H1,5671.A4I384,0.503
954,LINJ_26_2460,LINJ_03_0520,5671.A4I2H1,5671.E9AG43,0.504
955,LINJ_26_2460,LINJ.12.0190,5671.A4I2H1,5671.E9AGB0,0.504
956,LINJ_26_2460,RPT6,5671.A4I2H1,5671.A4IE38,0.509
957,LINJ_26_2460,LINJ_28_2450,5671.A4I2H1,5671.A4I3V9,0.518
958,LINJ_26_2460,LINJ_33_2910,5671.A4I2H1,5671.A4I9B7,0.632
959,LINJ_26_2460,LINJ_36_5580,5671.A4I2H1,5671.A4IC77,0.713
960,LINJ_26_2460,LINJ_26_2540,5671.A4I2H1,5671.A4I2I8,0.713
961,LINJ_26_2460,LINJ_36_4020,5671.A4I2H1,5671.A4ID13,0.852
962,LINJ_26_2540,LINJ_19_0140,5671.A4I2I8,5671.E9AGR7,0.401
963,LINJ_26_2540,LINJ_33_2520,5671.A4I2I8,5671.E9AHQ7,0.5
964,LINJ_26_2540,LINJ_32_1900,5671.A4I2I8,5671.A4I7Z6,0.501
965,LINJ_26_2540,LINJ_30_1780,5671.A4I2I8,5671.A4I5K5,0.55
966,LINJ_26_2540,LINJ_33_2910,5671.A4I2I8,5671.A4I9B7,0.603
967,LINJ_26_2540,CRK3,5671.A4I2I8,5671.A4ICT0,0.612
968,LINJ_26_2540,CYC6,5671.A4I2I8,5671.A4I8F7,0.668
969,LINJ_26_2540,LMAIRK,5671.A4I2I8,5671.A4I3C6,0.757
970,LINJ_26_2540,LINJ_29_1420,5671.A4I2I8,5671.E9AHI7,0.765
971,LINJ_26_2540,LINJ_29_2830,5671.A4I2I8,5671.A4I4Y0,0.89
972,LINJ_27_0090,LINJ_33_1690,5671.A4I2K5,5671.A4I931,0.443
973,LINJ_27_0370,LINJ_19_0150,5671.A4I2M3,5671.E9AGR8,0.434
974,LINJ_27_0370,LINJ_33_3360,5671.A4I2M3,5671.A4I9G2,0.458
975,LINJ_27_0370,LINJ_33_2520,5671.A4I2M3,5671.E9AHQ7,0.472
976,LINJ_27_0370,LINJ_28_0110,5671.A4I2M3,5671.A4I384,0.489
977,LINJ_27_0370,LINJ_36_1730,5671.A4I2M3,5671.A4IDD6,0.495
978,LINJ_27_0370,LINJ_03_0520,5671.A4I2M3,5671.E9AG43,0.542
979,LINJ_27_0370,91E11,5671.A4I2M3,5671.Q9GNZ8,0.569
980,LINJ_27_0370,LINJ.12.0190,5671.A4I2M3,5671.E9AGB0,0.61
981,LINJ_27_0370,RPT6,5671.A4I2M3,5671.A4IE38,0.61
982,LINJ_27_0920,LINJ_33_3360,5671.A4I2Q7,5671.A4I9G2,0.435
983,LINJ_27_0920,LINJ_19_0150,5671.A4I2Q7,5671.E9AGR8,0.607
984,LINJ_27_0940,LINJ_36_0880,5671.A4I2Q9,5671.A4ICQ2,0.488
985,LINJ_27_0940,LINJ_33_3360,5671.A4I2Q9,5671.A4I9G2,0.763
986,LINJ_27_1140,LINJ_33_0060,5671.A4I2S5,5671.A4I8M2,0.418
987,LINJ_27_1150,LINJ_36_2130,5671.A4I2S6,5671.A4IDH4,0.4
988,LINJ_27_1150,LINJ_30_2830,5671.A4I2S6,5671.A4I5W0,0.4
989,LINJ_27_1150,LINJ_32_1940,5671.A4I2S6,5671.A4I800,0.4
990,LINJ_27_1150,LINJ_30_1700,5671.A4I2S6,5671.A4I5J7,0.403
991,LINJ_27_1150,LINJ.12.0190,5671.A4I2S6,5671.E9AGB0,0.426
992,LINJ_27_1150,LINJ_03_0520,5671.A4I2S6,5671.E9AG43,0.436
993,LINJ_27_1150,LINJ_30_1070,5671.A4I2S6,5671.A4I5D2,0.504
994,LINJ_27_1150,DHFR-TS,5671.A4I2S6,5671.Q8MQV3,0.538
995,LINJ_27_1150,91E11,5671.A4I2S6,5671.Q9GNZ8,0.553
996,LINJ_27_1150,LINJ_33_2520,5671.A4I2S6,5671.E9AHQ7,0.554
997,LINJ_27_1150,LINJ_19_0150,5671.A4I2S6,5671.E9AGR8,0.707
998,LINJ_27_1150,LINJ_21_1330,5671.A4I2S6,5671.E9AGX7,0.999
999,LINJ_27_1150,LINJ_32_3470,5671.A4I2S6,5671.A4I8F2,0.999
1000,LINJ_27_1170,RPT6,5671.A4I2S8,5671.A4IE38,0.585
1001,LINJ_27_1860,LINJ_33_2520,5671.A4I302,5671.E9AHQ7,0.442
1002,LINJ_27_1860,LINJ_35_1720,5671.A4I302,5671.A4IB73,0.465
1003,AKR,LINJ_33_2860,5671.A4I342,5671.A4I9B2,0.493
1004,LINJ_27_2390,LINJ_36_1840,5671.A4I345,5671.A4IDE7,0.428
1005,LINJ_27_2390,LINJ_30_2920,5671.A4I345,5671.A4I5W9,0.428
1006,LINJ_27_2390,DHFR-TS,5671.A4I345,5671.Q8MQV3,0.735
1007,LINJ_27_2390,LINJ_33_2860,5671.A4I345,5671.A4I9B2,0.981
1008,LINJ_28_0110,LINJ_35_1310,5671.A4I384,5671.A4IB24,0.426
1009,LINJ_28_0110,LINJ_24_0170,5671.A4I384,5671.E9AH29,0.489
1010,LINJ_28_0110,LINJ_29_1420,5671.A4I384,5671.E9AHI7,0.503
1011,LINJ_28_0110,LMAIRK,5671.A4I384,5671.A4I3C6,0.503
1012,LINJ_28_0110,LINJ_33_2910,5671.A4I384,5671.A4I9B7,0.688
1013,LINJ_28_0110,RPT6,5671.A4I384,5671.A4IE38,0.999
1014,LINJ_28_0110,91E11,5671.A4I384,5671.Q9GNZ8,0.999
1015,LINJ_28_0110,LINJ_36_1730,5671.A4I384,5671.A4IDD6,0.999
1016,LINJ_28_0110,LINJ_03_0520,5671.A4I384,5671.E9AG43,0.999
1017,LINJ_28_0110,LINJ.12.0190,5671.A4I384,5671.E9AGB0,0.999
1018,LINJ_28_0170,LINJ_30_2930,5671.A4I390,5671.A4I5X0,0.402
1019,LINJ_28_0170,LMPK,5671.A4I390,5671.A4ICA4,0.402
1020,LINJ_28_0170,MPK11,5671.A4I390,5671.A4I910,0.402
1021,LINJ_28_0170,LINJ_36_0780,5671.A4I390,5671.A4ICR2,0.402
1022,LMAIRK,LINJ_35_1310,5671.A4I3C6,5671.A4IB24,0.459
1023,LMAIRK,DHFR-TS,5671.A4I3C6,5671.Q8MQV3,0.481
1024,LMAIRK,91E11,5671.A4I3C6,5671.Q9GNZ8,0.483
1025,LMAIRK,LINJ_36_1730,5671.A4I3C6,5671.A4IDD6,0.492
1026,LMAIRK,LINJ_30_1780,5671.A4I3C6,5671.A4I5K5,0.496
1027,LMAIRK,LINJ_03_0520,5671.A4I3C6,5671.E9AG43,0.504
1028,LMAIRK,LINJ.12.0190,5671.A4I3C6,5671.E9AGB0,0.504
1029,LMAIRK,RPT6,5671.A4I3C6,5671.A4IE38,0.509
1030,LMAIRK,LINJ_28_2450,5671.A4I3C6,5671.A4I3V9,0.518
1031,LMAIRK,CRK3,5671.A4I3C6,5671.A4ICT0,0.579
1032,LMAIRK,LINJ_33_2910,5671.A4I3C6,5671.A4I9B7,0.632
1033,LMAIRK,CYC6,5671.A4I3C6,5671.A4I8F7,0.705
1034,LMAIRK,LINJ_36_5580,5671.A4I3C6,5671.A4IC77,0.713
1035,LMAIRK,LINJ_36_4020,5671.A4I3C6,5671.A4ID13,0.852
1036,RAD51,LINJ_32_1520,5671.A4I3C9,5671.A4I7W3,0.616
1037,RAD51,LINJ_31_0560,5671.A4I3C9,5671.A4I6L1,0.657
1038,RAD51,DHFR-TS,5671.A4I3C9,5671.Q8MQV3,0.833
1039,RAD51,DMC1,5671.A4I3C9,5671.A4IC25,0.848
1040,RAD51,LINJ_33_2620,5671.A4I3C9,5671.E9AHR7,0.873
1041,LINJ_28_0860,LINJ_36_6370,5671.A4I3F5,5671.A4IE23,0.405
1042,LINJ_28_0860,LINJ_36_3860,5671.A4I3F5,5671.A4ID29,0.508
1043,LINJ_28_0860,LINJ_31_2960,5671.A4I3F5,5671.A4I790,0.553
1044,LINJ_28_1350,LINJ_33_2520,5671.A4I3K3,5671.E9AHQ7,0.457
1045,LINJ_28_1350,DHFR-TS,5671.A4I3K3,5671.Q8MQV3,0.461
1046,LDK,LINJ_29_2830,5671.A4I3S8,5671.A4I4Y0,0.695
1047,LINJ_28_2440,LINJ_34_1900,5671.A4I3V8,5671.A4IAM7,0.441
1048,LINJ_28_2450,LINJ_30_1780,5671.A4I3V9,5671.A4I5K5,0.414
1049,LINJ_28_2450,CRK3,5671.A4I3V9,5671.A4ICT0,0.414
1050,LINJ_28_2450,LINJ_36_4020,5671.A4I3V9,5671.A4ID13,0.429
1051,LINJ_28_2450,LINJ_29_1420,5671.A4I3V9,5671.E9AHI7,0.518
1052,LINJ_28_2450,DHFR-TS,5671.A4I3V9,5671.Q8MQV3,0.798
1053,LINJ_29_0770,LINJ_33_2910,5671.A4I4C7,5671.A4I9B7,0.401
1054,LINJ_29_0770,LINJ_36_1730,5671.A4I4C7,5671.A4IDD6,0.431
1055,LINJ_29_0770,LINJ_33_0060,5671.A4I4C7,5671.A4I8M2,0.446
1056,LINJ_29_0770,LINJ_35_1310,5671.A4I4C7,5671.A4IB24,0.638
1057,LINJ_29_0770,LINJ_34_3300,5671.A4I4C7,5671.A4IAB8,0.643
1058,LINJ_29_1550,LINJ_34_3370,5671.A4I4K7,5671.A4IAC5,0.957
1059,ABCH2,LINJ_31_3080,5671.A4I4M8,5671.A4I7A2,0.482
1060,GCVL-1,LINJ.12.0830,5671.A4I4P1,5671.E9AGI7,0.455
1061,GCVL-1,LINJ_29_2350,5671.A4I4P1,5671.A4I4T3,0.455
1062,GCVL-1,LINJ_32_0050,5671.A4I4P1,5671.A4I7G8,0.47
1063,GCVL-1,LINJ_32_3470,5671.A4I4P1,5671.A4I8F2,0.517
1064,GCVL-1,LINJ_34_0150,5671.A4I4P1,5671.A4I9I3,0.564
1065,GCVL-1,LINJ_31_2720,5671.A4I4P1,5671.E9AHL8,0.905
1066,GCVL-1,DHFR-TS,5671.A4I4P1,5671.Q8MQV3,0.941
1067,GCVL-1,GCVL-2,5671.A4I4P1,5671.A4I8F6,0.994
1068,LINJ_29_2350,LINJ_31_2720,5671.A4I4T3,5671.E9AHL8,0.455
1069,LINJ_29_2350,GCVL-2,5671.A4I4T3,5671.A4I8F6,0.455
1070,LINJ_29_2410,LINJ_35_1730,5671.A4I4U4,5671.A4IB74,0.473
1071,LINJ_29_2410,LINJ_34_1530,5671.A4I4U4,5671.A4I9V5,0.517
1072,LINJ_29_2410,LINJ_32_1310,5671.A4I4U4,5671.A4I7U2,0.832
1073,LINJ_29_2600,LINJ_33_1810,5671.A4I4W3,5671.A4I967,0.415
1074,LINJ_29_2600,LINJ_30_2930,5671.A4I4W3,5671.A4I5X0,0.426
1075,LINJ_29_2600,LINJ_32_1900,5671.A4I4W3,5671.A4I7Z6,0.495
1076,LINJ_29_2600,LINJ_19_0130,5671.A4I4W3,5671.E9AGR6,0.514
1077,LINJ_29_2600,LINJ_36_4020,5671.A4I4W3,5671.A4ID13,0.536
1078,LINJ_29_2600,LMPK,5671.A4I4W3,5671.A4ICA4,0.537
1079,LINJ_29_2600,LINJ_35_1310,5671.A4I4W3,5671.A4IB24,0.554
1080,LINJ_29_2600,MPK11,5671.A4I4W3,5671.A4I910,0.562
1081,LINJ_29_2600,LINJ_34_1840,5671.A4I4W3,5671.A4I9Y5,0.673
1082,VPS4,MCA5,5671.A4I4W4,5671.A4IB59,0.469
1083,VPS4,DHFR-TS,5671.A4I4W4,5671.Q8MQV3,0.601
1084,LINJ_29_2830,LINJ_33_2520,5671.A4I4Y0,5671.E9AHQ7,0.429
1085,LINJ_29_2830,LINJ_32_1520,5671.A4I4Y0,5671.A4I7W3,0.658
1086,LINJ_29_2830,CRK3,5671.A4I4Y0,5671.A4ICT0,0.754
1087,LINJ_29_2830,LINJ_30_1780,5671.A4I4Y0,5671.A4I5K5,0.754
1088,LINJ_29_2830,CYC6,5671.A4I4Y0,5671.A4I8F7,0.889
1089,LINJ_29_2830,LINJ_36_5580,5671.A4I4Y0,5671.A4IC77,0.89
1090,LINJ_29_2940,PABP1,5671.A4I4Y5,5671.A4IC57,0.408
1091,LINJ_29_2940,LINJ_33_2910,5671.A4I4Y5,5671.A4I9B7,0.424
1092,LINJ_29_2940,LINJ_35_1310,5671.A4I4Y5,5671.A4IB24,0.454
1093,LINJ_30_0970,LINJ_35_1310,5671.A4I5C2,5671.A4IB24,0.461
1094,LINJ_30_1070,LINJ.12.0190,5671.A4I5D2,5671.E9AGB0,0.41
1095,LINJ_30_1070,91E11,5671.A4I5D2,5671.Q9GNZ8,0.44
1096,LINJ_30_1070,LINJ_03_0520,5671.A4I5D2,5671.E9AG43,0.556
1097,LINJ_30_1460,LINJ_33_0060,5671.A4I5H1,5671.A4I8M2,0.423
1098,LINJ_30_1700,LINJ_32_3470,5671.A4I5J7,5671.A4I8F2,0.403
1099,LINJ_30_1700,LINJ_21_1330,5671.A4I5J7,5671.E9AGX7,0.403
1100,LINJ_30_1700,LINJ_30_2830,5671.A4I5J7,5671.A4I5W0,0.436
1101,LINJ_30_1700,LINJ_32_1940,5671.A4I5J7,5671.A4I800,0.436
1102,LINJ_30_1700,LINJ_36_2130,5671.A4I5J7,5671.A4IDH4,0.436
1103,LINJ_30_1700,LINJ_33_2520,5671.A4I5J7,5671.E9AHQ7,0.541
1104,LINJ_30_1710,LINJ_32_0520,5671.A4I5J8,5671.A4I7N3,0.632
1105,LINJ_30_1780,LINJ_03_0520,5671.A4I5K5,5671.E9AG43,0.415
1106,LINJ_30_1780,DHFR-TS,5671.A4I5K5,5671.Q8MQV3,0.421
1107,LINJ_30_1780,LINJ.12.0190,5671.A4I5K5,5671.E9AGB0,0.424
1108,LINJ_30_1780,RPT6,5671.A4I5K5,5671.A4IE38,0.426
1109,LINJ_30_1780,LINJ_36_4020,5671.A4I5K5,5671.A4ID13,0.428
1110,LINJ_30_1780,LINJ_33_2910,5671.A4I5K5,5671.A4I9B7,0.466
1111,LINJ_30_1780,LINJ_29_1420,5671.A4I5K5,5671.E9AHI7,0.496
1112,LINJ_30_1780,LINJ_36_5580,5671.A4I5K5,5671.A4IC77,0.55
1113,LINJ_30_1780,LINJ_32_1520,5671.A4I5K5,5671.A4I7W3,0.587
1114,LINJ_30_1780,CYC6,5671.A4I5K5,5671.A4I8F7,0.641
1115,LINJ_30_2830,LINJ_32_3470,5671.A4I5W0,5671.A4I8F2,0.483
1116,LINJ_30_2830,DHFR-TS,5671.A4I5W0,5671.Q8MQV3,0.529
1117,LINJ_30_2830,LINJ_33_2520,5671.A4I5W0,5671.E9AHQ7,0.595
1118,LINJ_30_2920,LINJ_24_1890,5671.A4I5W9,5671.E9AH89,0.428
1119,LINJ_30_2920,LINJ_35_1240,5671.A4I5W9,5671.A4IB17,0.428
1120,LINJ_30_2920,LINJ_36_3570,5671.A4I5W9,5671.A4ID56,0.428
1121,LINJ_30_2920,DHFR-TS,5671.A4I5W9,5671.Q8MQV3,0.645
1122,LINJ_30_2930,LINJ_34_1840,5671.A4I5X0,5671.A4I9Y5,0.422
1123,LINJ_30_3430,LINJ.12.0190,5671.A4I628,5671.E9AGB0,0.517
1124,LINJ_30_3430,LINJ_03_0520,5671.A4I628,5671.E9AG43,0.559
1125,LINJ_30_3430,DHFR-TS,5671.A4I628,5671.Q8MQV3,0.592
1126,LINJ_30_3430,LINJ_34_0150,5671.A4I628,5671.A4I9I3,0.621
1127,LINJ_30_3430,PGKC,5671.A4I628,5671.E9AGT9,0.905
1128,LINJ_30_3530,CRK1,5671.A4I638,5671.E9AGX6,0.533
1129,LINJ_30_3610,LINJ_33_1690,5671.A4I646,5671.A4I931,0.443
1130,LINJ_31_0560,LINJ_35_1270,5671.A4I6L1,5671.A4IB20,0.567
1131,ABCC4,LINJ_32_1310,5671.A4I6Q3,5671.A4I7U2,0.444
1132,LINJ_31_3080,LINJ_34_0150,5671.A4I7A2,5671.A4I9I3,0.491
1133,LINJ_31_3080,LINJ_31_3260,5671.A4I7A2,5671.A4I7C0,0.698
1134,LINJ_31_3080,LINJ_33_2860,5671.A4I7A2,5671.A4I9B2,0.716
1135,LINJ_31_3260,LINJ_34_0150,5671.A4I7C0,5671.A4I9I3,0.503
1136,LINJ_31_3260,LINJ_33_2860,5671.A4I7C0,5671.A4I9B2,0.775
1137,LINJ_32_0050,LINJ_31_2720,5671.A4I7G8,5671.E9AHL8,0.47
1138,LINJ_32_0050,GCVL-2,5671.A4I7G8,5671.A4I8F6,0.583
1139,LINJ_32_0050,LINJ_33_3360,5671.A4I7G8,5671.A4I9G2,0.618
1140,NMT,CRK1,5671.A4I7H1,5671.E9AGX6,0.414
1141,NMT,DHFR-TS,5671.A4I7H1,5671.Q8MQV3,0.434
1142,LINJ_32_0730,LINJ_35_1310,5671.A4I7L2,5671.A4IB24,0.661
1143,LINJ_32_0730,LINJ_33_2910,5671.A4I7L2,5671.A4I9B7,0.729
1144,LINJ_32_0520,LINJ_34_3370,5671.A4I7N3,5671.A4IAC5,0.532
1145,LINJ_32_1310,LINJ_32_3060,5671.A4I7U2,5671.A4I8B2,0.521
1146,LINJ_32_1520,LINJ_35_1310,5671.A4I7W3,5671.A4IB24,0.456
1147,LINJ_32_1520,DMC1,5671.A4I7W3,5671.A4IC25,0.484
1148,LINJ_32_1520,LINJ_33_2620,5671.A4I7W3,5671.E9AHR7,0.484
1149,LINJ_32_1520,CYC6,5671.A4I7W3,5671.A4I8F7,0.486
1150,LINJ_32_1520,CRK3,5671.A4I7W3,5671.A4ICT0,0.587
1151,LINJ_32_1940,LINJ_32_3470,5671.A4I800,5671.A4I8F2,0.483
1152,LINJ_32_1940,DHFR-TS,5671.A4I800,5671.Q8MQV3,0.529
1153,LINJ_32_1940,LINJ_33_2520,5671.A4I800,5671.E9AHQ7,0.595
1154,LINJ_32_1940,LINJ_36_2130,5671.A4I800,5671.A4IDH4,0.902
1155,LINJ_32_2160,LINJ_36_0880,5671.A4I825,5671.A4ICQ2,0.406
1156,LINJ_32_2160,LINJ_33_3360,5671.A4I825,5671.A4I9G2,0.408
1157,LINJ_32_2160,LINJ_34_3370,5671.A4I825,5671.A4IAC5,0.532
1158,LINJ_32_3060,LINJ_36_4020,5671.A4I8B2,5671.A4ID13,0.441
1159,LINJ_32_3240,LINJ_36_4020,5671.A4I8C9,5671.A4ID13,0.536
1160,LINJ_32_3240,LINJ_35_1310,5671.A4I8C9,5671.A4IB24,0.554
1161,LINJ_32_3470,PABP1,5671.A4I8F2,5671.A4IC57,0.42
1162,LINJ_32_3470,LINJ_36_2130,5671.A4I8F2,5671.A4IDH4,0.483
1163,LINJ_32_3470,DHFR-TS,5671.A4I8F2,5671.Q8MQV3,0.505
1164,LINJ_32_3470,LINJ_31_2720,5671.A4I8F2,5671.E9AHL8,0.517
1165,LINJ_32_3470,GCVL-2,5671.A4I8F2,5671.A4I8F6,0.517
1166,LINJ_32_3470,LINJ_33_2520,5671.A4I8F2,5671.E9AHQ7,0.6
1167,LINJ_32_3470,LINJ_21_1330,5671.A4I8F2,5671.E9AGX7,0.999
1168,GCVL-2,LINJ.12.0830,5671.A4I8F6,5671.E9AGI7,0.455
1169,GCVL-2,LINJ_34_0150,5671.A4I8F6,5671.A4I9I3,0.564
1170,GCVL-2,LINJ_31_2720,5671.A4I8F6,5671.E9AHL8,0.916
1171,GCVL-2,DHFR-TS,5671.A4I8F6,5671.Q8MQV3,0.941
1172,CYC6,LINJ_29_1420,5671.A4I8F7,5671.E9AHI7,0.485
1173,CYC6,LINJ_36_4020,5671.A4I8F7,5671.A4ID13,0.486
1174,CYC6,LINJ_33_2910,5671.A4I8F7,5671.A4I9B7,0.507
1175,CYC6,LINJ_36_5580,5671.A4I8F7,5671.A4IC77,0.668
1176,CYC6,CRK1,5671.A4I8F7,5671.E9AGX6,0.804
1177,CYC6,CRK3,5671.A4I8F7,5671.A4ICT0,0.911
1178,MPK11,LINJ_34_1840,5671.A4I910,5671.A4I9Y5,0.529
1179,LINJ_33_1690,LINJ_36_1840,5671.A4I931,5671.A4IDE7,0.4
1180,LINJ_33_1690,LINJ_36_3570,5671.A4I931,5671.A4ID56,0.503
1181,LINJ_33_1810,LINJ_36_6370,5671.A4I967,5671.A4IE23,0.401
1182,LINJ_33_2860,DHFR-TS,5671.A4I9B2,5671.Q8MQV3,0.589
1183,LINJ_33_2860,LINJ_24_1890,5671.A4I9B2,5671.E9AH89,0.626
1184,LINJ_33_2860,LINJ_35_1240,5671.A4I9B2,5671.A4IB17,0.626
1185,LINJ_33_2860,LINJ_36_3570,5671.A4I9B2,5671.A4ID56,0.626
1186,LINJ_33_2910,CRK3,5671.A4I9B7,5671.A4ICT0,0.466
1187,LINJ_33_2910,LINJ_35_1310,5671.A4I9B7,5671.A4IB24,0.599
1188,LINJ_33_2910,LINJ_36_5580,5671.A4I9B7,5671.A4IC77,0.603
1189,LINJ_33_2910,LINJ_29_1420,5671.A4I9B7,5671.E9AHI7,0.632
1190,LINJ_33_2910,LINJ_36_1730,5671.A4I9B7,5671.A4IDD6,0.644
1191,LINJ_33_2910,LINJ_03_0520,5671.A4I9B7,5671.E9AG43,0.678
1192,LINJ_33_2910,LINJ.12.0190,5671.A4I9B7,5671.E9AGB0,0.685
1193,LINJ_33_2910,91E11,5671.A4I9B7,5671.Q9GNZ8,0.687
1194,LINJ_33_2910,RPT6,5671.A4I9B7,5671.A4IE38,0.691
1195,LINJ_33_3360,LINJ_34_3300,5671.A4I9G2,5671.A4IAB8,0.435
1196,LINJ_33_3360,LINJ_35_1270,5671.A4I9G2,5671.A4IB20,0.435
1197,LINJ_33_3360,LINJ_24_0170,5671.A4I9G2,5671.E9AH29,0.458
1198,LINJ_34_0150,DHFR-TS,5671.A4I9I3,5671.Q8MQV3,0.524
1199,LINJ_34_0150,LINJ_31_2720,5671.A4I9I3,5671.E9AHL8,0.564
1200,LINJ_34_0150,PGKC,5671.A4I9I3,5671.E9AGT9,0.621
1201,LINJ_34_0150,LINJ_36_1840,5671.A4I9I3,5671.A4IDE7,0.859
1202,LINJ_34_1530,LINJ_35_1730,5671.A4I9V5,5671.A4IB74,0.449
1203,LINJ_34_1530,LINJ_34_1900,5671.A4I9V5,5671.A4IAM7,0.469
1204,LINJ_34_1530,LINJ_35_1720,5671.A4I9V5,5671.A4IB73,0.48
1205,LINJ_34_1840,LINJ_19_0140,5671.A4I9Y5,5671.E9AGR7,0.451
1206,LINJ_34_1840,CRK3,5671.A4I9Y5,5671.A4ICT0,0.465
1207,LINJ_34_1840,LINJ_36_0780,5671.A4I9Y5,5671.A4ICR2,0.465
1208,LINJ_34_1840,LMPK,5671.A4I9Y5,5671.A4ICA4,0.511
1209,LINJ_34_2500,LINJ_33_2520,5671.A4IA43,5671.E9AHQ7,0.427
1210,LINJ_34_2500,DHFR-TS,5671.A4IA43,5671.Q8MQV3,0.461
1211,LINJ_34_3300,LINJ_35_1310,5671.A4IAB8,5671.A4IB24,0.438
1212,LINJ_34_1900,LINJ_36_7340,5671.A4IAM7,5671.A4ICE0,0.441
1213,LINJ_34_1900,DHFR-TS,5671.A4IAM7,5671.Q8MQV3,0.605
1214,LINJ_35_1030,CRK1,5671.A4IAZ8,5671.E9AGX6,0.58
1215,LINJ_35_1240,LINJ_36_1840,5671.A4IB17,5671.A4IDE7,0.428
1216,LINJ_35_1240,DHFR-TS,5671.A4IB17,5671.Q8MQV3,0.73
1217,LINJ_35_1270,91E11,5671.A4IB20,5671.Q9GNZ8,0.408
1218,LINJ_35_1270,LINJ_03_0520,5671.A4IB20,5671.E9AG43,0.457
1219,LINJ_35_1310,91E11,5671.A4IB24,5671.Q9GNZ8,0.417
1220,LINJ_35_1310,LINJ_36_6370,5671.A4IB24,5671.A4IE23,0.417
1221,LINJ_35_1310,LINJ_03_0520,5671.A4IB24,5671.E9AG43,0.434
1222,LINJ_35_1310,LINJ_36_1730,5671.A4IB24,5671.A4IDD6,0.441
1223,LINJ_35_1310,LINJ.12.0190,5671.A4IB24,5671.E9AGB0,0.454
1224,LINJ_35_1310,LINJ_29_1420,5671.A4IB24,5671.E9AHI7,0.459
1225,LINJ_35_1310,RPT6,5671.A4IB24,5671.A4IE38,0.489
1226,LINJ_35_1310,LINJ_36_4020,5671.A4IB24,5671.A4ID13,0.633
1227,MCA5,DHFR-TS,5671.A4IB59,5671.Q8MQV3,0.412
1228,LINJ_35_1720,DHFR-TS,5671.A4IB73,5671.Q8MQV3,0.472
1229,LINJ_35_1720,LINJ_36_5320,5671.A4IB73,5671.A4IDT1,0.982
1230,LINJ_35_2600,LINJ_33_2520,5671.A4IBG5,5671.E9AHQ7,0.457
1231,LINJ_35_2600,DHFR-TS,5671.A4IBG5,5671.Q8MQV3,0.461
1232,DMC1,DHFR-TS,5671.A4IC25,5671.Q8MQV3,0.651
1233,PABP1,LINJ_36_2130,5671.A4IC57,5671.A4IDH4,0.611
1234,LINJ_36_5580,LINJ_33_2520,5671.A4IC77,5671.E9AHQ7,0.5
1235,LINJ_36_5580,CRK3,5671.A4IC77,5671.A4ICT0,0.55
1236,LINJ_36_5580,LINJ_29_1420,5671.A4IC77,5671.E9AHI7,0.713
1237,LINJ_36_2850,DHFR-TS,5671.A4ICH8,5671.Q8MQV3,0.576
1238,CRK3,LINJ_03_0520,5671.A4ICT0,5671.E9AG43,0.415
1239,CRK3,DHFR-TS,5671.A4ICT0,5671.Q8MQV3,0.421
1240,CRK3,LINJ.12.0190,5671.A4ICT0,5671.E9AGB0,0.424
1241,CRK3,RPT6,5671.A4ICT0,5671.A4IE38,0.426
1242,CRK3,LINJ_36_4020,5671.A4ICT0,5671.A4ID13,0.428
1243,CRK3,LINJ_29_1420,5671.A4ICT0,5671.E9AHI7,0.58
1244,LINJ_36_4020,LINJ_29_1420,5671.A4ID13,5671.E9AHI7,0.852
1245,LINJ_36_3570,LINJ_36_1840,5671.A4ID56,5671.A4IDE7,0.436
1246,LINJ_36_3570,DHFR-TS,5671.A4ID56,5671.Q8MQV3,0.73
1247,LINJ_36_1730,LINJ_29_1420,5671.A4IDD6,5671.E9AHI7,0.492
1248,LINJ_36_1730,LINJ_24_0170,5671.A4IDD6,5671.E9AH29,0.495
1249,LINJ_36_1730,LINJ_03_0520,5671.A4IDD6,5671.E9AG43,0.999
1250,LINJ_36_1730,LINJ.12.0190,5671.A4IDD6,5671.E9AGB0,0.999
1251,LINJ_36_1730,91E11,5671.A4IDD6,5671.Q9GNZ8,0.999
1252,LINJ_36_1730,RPT6,5671.A4IDD6,5671.A4IE38,0.999
1253,LINJ_36_1840,LINJ_24_1890,5671.A4IDE7,5671.E9AH89,0.428
1254,LINJ_36_1840,DHFR-TS,5671.A4IDE7,5671.Q8MQV3,0.645
1255,LINJ_36_2130,DHFR-TS,5671.A4IDH4,5671.Q8MQV3,0.529
1256,LINJ_36_2130,LINJ_33_2520,5671.A4IDH4,5671.E9AHQ7,0.595
1257,LINJ_36_5500,DHFR-TS,5671.A4IDU8,5671.Q8MQV3,0.523
1258,RPT6,LINJ_29_1420,5671.A4IE38,5671.E9AHI7,0.509
1259,RPT6,LINJ_24_0170,5671.A4IE38,5671.E9AH29,0.634
1260,RPT6,LINJ_03_0520,5671.A4IE38,5671.E9AG43,0.999
1261,RPT6,LINJ.12.0190,5671.A4IE38,5671.E9AGB0,0.999
1262,RPT6,91E11,5671.A4IE38,5671.Q9GNZ8,0.999
1263,LINJ_03_0520,LINJ_21_1330,5671.E9AG43,5671.E9AGX7,0.431
1264,LINJ_03_0520,LINJ_29_1420,5671.E9AG43,5671.E9AHI7,0.504
1265,LINJ_03_0520,PGKC,5671.E9AG43,5671.E9AGT9,0.559
1266,LINJ_03_0520,LINJ_24_0170,5671.E9AG43,5671.E9AH29,0.581
1267,LINJ_03_0520,91E11,5671.E9AG43,5671.Q9GNZ8,0.999
1268,LINJ_03_0520,LINJ.12.0190,5671.E9AG43,5671.E9AGB0,0.999
1269,LINJ.12.0190,LINJ_29_1420,5671.E9AGB0,5671.E9AHI7,0.504
1270,LINJ.12.0190,PGKC,5671.E9AGB0,5671.E9AGT9,0.517
1271,LINJ.12.0190,LINJ_24_0170,5671.E9AGB0,5671.E9AH29,0.633
1272,LINJ.12.0190,91E11,5671.E9AGB0,5671.Q9GNZ8,0.999
1273,LINJ.12.0610,LINJ_33_2520,5671.E9AGF3,5671.E9AHQ7,0.847
1274,LINJ.12.0830,LINJ_31_2720,5671.E9AGI7,5671.E9AHL8,0.455
1275,LINJ_19_0150,LINJ_21_1330,5671.E9AGR8,5671.E9AGX7,0.427
1276,LINJ_19_0150,LINJ_24_0170,5671.E9AGR8,5671.E9AH29,0.434
1277,LINJ_19_0150,DHFR-TS,5671.E9AGR8,5671.Q8MQV3,0.575
1278,PGKC,DHFR-TS,5671.E9AGT9,5671.Q8MQV3,0.592
1279,LINJ_21_1330,DHFR-TS,5671.E9AGX7,5671.Q8MQV3,0.505
1280,LINJ_21_1330,LINJ_33_2520,5671.E9AGX7,5671.E9AHQ7,0.577
1281,LINJ_21_1330,91E11,5671.E9AGX7,5671.Q9GNZ8,0.584
1282,LINJ_24_0170,LINJ_33_2520,5671.E9AH29,5671.E9AHQ7,0.472
1283,LINJ_24_0170,91E11,5671.E9AH29,5671.Q9GNZ8,0.569
1284,LINJ_24_1890,DHFR-TS,5671.E9AH89,5671.Q8MQV3,0.73
1285,LINJ_29_1420,DHFR-TS,5671.E9AHI7,5671.Q8MQV3,0.481
1286,LINJ_29_1420,91E11,5671.E9AHI7,5671.Q9GNZ8,0.483
1287,LINJ_31_2720,DHFR-TS,5671.E9AHL8,5671.Q8MQV3,0.941
1288,LINJ_33_2620,DHFR-TS,5671.E9AHR7,5671.Q8MQV3,0.651
