,stringId_A,stringId_B,preferredName_A,preferredName_B,ncbiTaxonId,score,nscore,fscore,pscore,ascore,escore,dscore,tscore,hscore
0,5671.A0A381MP32,5671.A4IDJ2,LINJ_02_0680,LINJ_36_2310,5671,0.426,0.0,0.0,0.0,0.0,0.0,0.0,0.427,0.0
1,5671.A0A381MP32,5671.A4IDH5,LINJ_02_0680,LINJ_36_2140,5671,0.436,0.066,0.0,0.0,0.339,0.083,0.0,0.122,0.0
2,5671.A4HRC6,5671.A4I9I4,LINJ_01_0050,LINJ_34_0160,5671,0.503,0.057,0.0,0.0,0.046,0.042,0.449,0.116,0.0
3,5671.A4HRC6,5671.A4I9I5,LINJ_01_0050,mMDH,5671,0.503,0.057,0.0,0.0,0.046,0.042,0.449,0.116,0.0
4,5671.A4HRC6,5671.A4HTK1,LINJ_01_0050,LINJ_08_0540,5671,0.58,0.0,0.0,0.0,0.0,0.0,0.0,0.58,0.0
5,5671.A4HRC6,5671.A4I9H1,LINJ_01_0050,LINJ_34_0030,5671,0.58,0.0,0.0,0.0,0.0,0.0,0.0,0.58,0.0
6,5671.A4HRC6,5671.A4I1F4,LINJ_01_0050,ALDH2,5671,0.828,0.0,0.0,0.0,0.048,0.0,0.8,0.171,0.0
7,5671.A4HRC6,5671.A4I0C2,LINJ_01_0050,LINJ_23_0880,5671,0.93,0.141,0.0,0.0,0.062,0.063,0.9,0.223,0.0
8,5671.A4HRH3,5671.A4HYB7,LINJ_01_0520,LINJ_19_0970,5671,0.45,0.08,0.0,0.175,0.047,0.0,0.307,0.072,68.6
9,5671.A4HRH3,5671.A4HYA8,LINJ_01_0520,LINJ_19_0950,5671,0.451,0.08,0.0,0.176,0.047,0.0,0.307,0.072,81.3
10,5671.A4HRH3,5671.A4I5B1,LINJ_01_0520,LINJ_30_0850,5671,0.478,0.0,0.0,0.0,0.0,0.153,0.409,0.0,0.0
11,5671.A4HRH3,5671.A4HRH6,LINJ_01_0520,LINJ_01_0550,5671,0.6,0.0,0.0,0.0,0.0,0.0,0.6,0.0,197.6
12,5671.A4HRH6,5671.A4I5B1,LINJ_01_0550,LINJ_30_0850,5671,0.478,0.0,0.0,0.0,0.0,0.153,0.409,0.0,0.0
13,5671.A4HRM6,5671.A4HYT8,LINJ_02_0260,LINJ_20_0970,5671,0.407,0.0,0.0,0.0,0.0,0.189,0.292,0.051,60.8
14,5671.A4HRZ6,5671.A4I980,LINJ_04_0010,LINJ_33_2210,5671,0.425,0.093,0.0,0.0,0.044,0.1,0.304,0.105,92.8
15,5671.A4HRZ6,5671.A4HXD4,LINJ_04_0010,LINJ_17_0660,5671,0.481,0.0,0.0,0.204,0.076,0.307,0.0,0.101,300.4
16,5671.A4HRZ6,5671.A4I8W5,LINJ_04_0010,LINJ_33_1060,5671,0.499,0.0,0.0,0.233,0.076,0.307,0.0,0.101,204.5
17,5671.A4HS02,5671.Q9GPZ9,LINJ_04_0070,LINJ_34_3220,5671,0.949,0.0,0.0,0.411,0.0,0.9,0.0,0.213,0.0
18,5671.A4HSA9,5671.A4I980,LINJ_04_1120,LINJ_33_2210,5671,0.507,0.093,0.0,0.131,0.044,0.148,0.304,0.105,73.6
19,5671.A4HSC0,5671.A4I1U3,LINJ_04_1230,LINJ_26_0050,5671,0.414,0.0,0.0,0.391,0.0,0.0,0.0,0.078,0.0
20,5671.A4HSC0,5671.A4I564,LINJ_04_1230,MPK12,5671,0.438,0.0,0.0,0.381,0.0,0.065,0.104,0.045,0.0
21,5671.A4HSC0,5671.A4I9H1,LINJ_04_1230,LINJ_34_0030,5671,0.464,0.0,0.0,0.276,0.045,0.061,0.137,0.192,0.0
22,5671.A4HSC0,5671.E9AHC6,LINJ_04_1230,LINJ_27_2570,5671,0.481,0.0,0.0,0.43,0.058,0.067,0.062,0.067,0.0
23,5671.A4HSC0,5671.A4HXE5,LINJ_04_1230,LINJ_17_0770,5671,0.481,0.0,0.0,0.0,0.061,0.066,0.283,0.272,53.5
24,5671.A4HSC0,5671.A4HZS7,LINJ_04_1230,LINJ_22_0370,5671,0.486,0.0,0.0,0.331,0.0,0.103,0.134,0.128,0.0
25,5671.A4HSC0,5671.A4IBT9,LINJ_04_1230,LINJ_35_4060,5671,0.539,0.0,0.0,0.0,0.0,0.0,0.116,0.5,0.0
26,5671.A4HSC0,5671.A4IBT4,LINJ_04_1230,LINJ_35_4010,5671,0.615,0.0,0.0,0.2,0.0,0.0,0.116,0.5,0.0
27,5671.A4HSD0,5671.A4I053,LINJ_05_0150,LINJ_23_0170,5671,0.431,0.0,0.002,0.431,0.0,0.0,0.0,0.0,0.0
28,5671.A4HSE2,5671.A4HZS7,LINJ_05_0130,LINJ_22_0370,5671,0.42,0.0,0.0,0.319,0.042,0.11,0.106,0.055,0.0
29,5671.A4HSE2,5671.A4IC37,LINJ_05_0130,BT1-2,5671,0.521,0.0,0.006,0.519,0.045,0.0,0.0,0.0,0.0
30,5671.A4HSE2,5671.A4IDC2,LINJ_05_0130,LINJ_36_1590,5671,0.522,0.0,0.0,0.52,0.045,0.0,0.0,0.0,0.0
31,5671.A4HSE2,5671.A4HYX6,LINJ_05_0130,LINJ_20_1370,5671,0.55,0.0,0.0,0.507,0.0,0.0,0.121,0.046,0.0
32,5671.A4HSE2,5671.A4I9H1,LINJ_05_0130,LINJ_34_0030,5671,0.56,0.0,0.0,0.503,0.046,0.085,0.0,0.106,0.0
33,5671.A4HSF4,5671.A4I564,LINJ_05_0220,MPK12,5671,0.402,0.0,0.0,0.0,0.0,0.275,0.196,0.058,0.0
34,5671.A4HSF4,5671.A4HVU2,LINJ_05_0220,LINJ_13_1380,5671,0.402,0.0,0.0,0.0,0.0,0.275,0.196,0.058,0.0
35,5671.A4HSF4,5671.A4I9H1,LINJ_05_0220,LINJ_34_0030,5671,0.445,0.0,0.0,0.0,0.0,0.088,0.403,0.063,0.0
36,5671.A4HSF4,5671.A4HTK1,LINJ_05_0220,LINJ_08_0540,5671,0.445,0.0,0.0,0.0,0.0,0.088,0.403,0.063,0.0
37,5671.A4HSG1,5671.A4I9H1,LINJ_05_0390,LINJ_34_0030,5671,0.422,0.0,0.0,0.338,0.0,0.155,0.0,0.05,0.0
38,5671.A4HSG1,5671.A4ICP8,LINJ_05_0390,MKK5,5671,0.431,0.0,0.0,0.18,0.048,0.284,0.086,0.058,120.2
39,5671.A4HSG1,5671.A4I140,LINJ_05_0390,LINJ_24_2410,5671,0.437,0.0,0.0,0.189,0.048,0.284,0.086,0.058,90.1
40,5671.A4HSI6,5671.E9AH38,LINJ_05_0640,LINJ_24_0260,5671,0.519,0.0,0.0,0.0,0.0,0.266,0.367,0.048,0.0
41,5671.A4HSI6,5671.A4HVT6,LINJ_05_0640,LINJ_13_1630,5671,0.519,0.0,0.0,0.0,0.0,0.266,0.367,0.048,0.0
42,5671.A4HSI6,5671.A4HTK1,LINJ_05_0640,LINJ_08_0540,5671,0.7,0.0,0.0,0.0,0.0,0.115,0.663,0.075,0.0
43,5671.A4HSI6,5671.A4I9H1,LINJ_05_0640,LINJ_34_0030,5671,0.7,0.0,0.0,0.0,0.0,0.115,0.663,0.075,0.0
44,5671.A4HSZ7,5671.P62884,PDI-1,LACK1,5671,0.405,0.0,0.0,0.0,0.0,0.164,0.0,0.318,0.0
45,5671.A4HSZ7,5671.A4I4D6,PDI-1,LINJ_29_0860,5671,0.427,0.0,0.0,0.0,0.0,0.114,0.341,0.098,0.0
46,5671.A4HSZ7,5671.A4IDU0,PDI-1,LINJ_36_5410,5671,0.503,0.0,0.0,0.0,0.046,0.077,0.0,0.481,0.0
47,5671.A4HSZ7,5671.A4HTK1,PDI-1,LINJ_08_0540,5671,0.939,0.0,0.0,0.0,0.0,0.07,0.924,0.217,0.0
48,5671.A4HSZ7,5671.A4I9H1,PDI-1,LINJ_34_0030,5671,0.939,0.0,0.0,0.0,0.0,0.07,0.924,0.217,0.0
49,5671.A4HT46,5671.A4I7S6,LINJ_07_0440,LINJ_32_1150,5671,0.706,0.0,0.0,0.0,0.19,0.0,0.582,0.204,92.4
50,5671.A4HT46,5671.A4IAG7,LINJ_07_0440,LINJ_34_3790,5671,0.706,0.0,0.0,0.0,0.19,0.0,0.582,0.204,78.2
51,5671.A4HT72,5671.A4IAK2,LINJ_07_0610,LINJ_34_4140,5671,0.4,0.0,0.0,0.0,0.0,0.149,0.303,0.071,0.0
52,5671.A4HT72,5671.A4I7Z9,LINJ_07_0610,LINJ_32_1930,5671,0.402,0.0,0.0,0.142,0.084,0.0,0.301,0.0,87.4
53,5671.A4HT72,5671.E9AH38,LINJ_07_0610,LINJ_24_0260,5671,0.445,0.0,0.0,0.0,0.078,0.271,0.227,0.059,0.0
54,5671.A4HT72,5671.A4HVT6,LINJ_07_0610,LINJ_13_1630,5671,0.445,0.0,0.0,0.0,0.078,0.271,0.227,0.059,0.0
55,5671.A4HT72,5671.A4HYX6,LINJ_07_0610,LINJ_20_1370,5671,0.446,0.0,0.0,0.0,0.045,0.297,0.216,0.072,0.0
56,5671.A4HT72,5671.E9AG93,LINJ_07_0610,LINJ_08_1250,5671,0.446,0.0,0.0,0.0,0.045,0.297,0.216,0.072,0.0
57,5671.A4HT72,5671.E9AGQ4,LINJ_07_0610,RAB7,5671,0.508,0.0,0.0,0.128,0.0,0.113,0.405,0.058,128.3
58,5671.A4HT72,5671.E9AH25,LINJ_07_0610,LINJ_24_0130,5671,0.572,0.098,0.0,0.0,0.043,0.301,0.361,0.062,0.0
59,5671.A4HT72,5671.A4HTK1,LINJ_07_0610,LINJ_08_0540,5671,0.675,0.0,0.0,0.0,0.041,0.278,0.527,0.126,0.0
60,5671.A4HT72,5671.A4I9H1,LINJ_07_0610,LINJ_34_0030,5671,0.675,0.0,0.0,0.0,0.041,0.278,0.527,0.126,0.0
61,5671.A4HTK1,5671.A4I569,LINJ_08_0540,LINJ_30_0420,5671,0.406,0.0,0.0,0.0,0.104,0.284,0.135,0.057,0.0
62,5671.A4HTK1,5671.A4HXS2,LINJ_08_0540,LINJ_18_0470,5671,0.406,0.0,0.0,0.0,0.104,0.284,0.135,0.057,0.0
63,5671.A4HTK1,5671.E9AGZ4,LINJ_08_0540,LINJ_22_0920,5671,0.419,0.0,0.0,0.0,0.142,0.154,0.229,0.085,0.0
64,5671.A4HTK1,5671.E9AH79,LINJ_08_0540,LINJ_24_1790,5671,0.428,0.0,0.0,0.0,0.104,0.284,0.135,0.091,0.0
65,5671.A4HTK1,5671.E9AG71,LINJ_08_0540,LINJ_06_1220,5671,0.436,0.0,0.0,0.0,0.0,0.286,0.0,0.243,0.0
66,5671.A4HTK1,5671.A4I9Z1,LINJ_08_0540,LINJ_34_1950,5671,0.448,0.0,0.0,0.0,0.042,0.088,0.403,0.067,0.0
67,5671.A4HTK1,5671.A4I317,LINJ_08_0540,LINJ_27_2130,5671,0.448,0.0,0.0,0.0,0.042,0.088,0.403,0.067,0.0
68,5671.A4HTK1,5671.A4HZ69,LINJ_08_0540,LINJ_21_0760,5671,0.448,0.0,0.0,0.0,0.042,0.088,0.403,0.067,0.0
69,5671.A4HTK1,5671.A4HTL4,LINJ_08_0540,LINJ_08_0670,5671,0.462,0.0,0.0,0.0,0.0,0.287,0.132,0.202,0.0
70,5671.A4HTK1,5671.A4I6V7,LINJ_08_0540,LINJ_31_1870,5671,0.462,0.0,0.0,0.0,0.0,0.287,0.132,0.202,0.0
71,5671.A4HTK1,5671.A4HUJ5,LINJ_08_0540,LINJ_10_0880,5671,0.465,0.0,0.0,0.0,0.046,0.287,0.132,0.202,0.0
72,5671.A4HTK1,5671.A4HUX9,LINJ_08_0540,LINJ_11_0700,5671,0.475,0.0,0.0,0.0,0.0,0.115,0.411,0.075,0.0
73,5671.A4HTK1,5671.A4I3P6,LINJ_08_0540,LINJ_28_1800,5671,0.476,0.0,0.0,0.0,0.0,0.298,0.132,0.21,0.0
74,5671.A4HTK1,5671.A4I1T4,LINJ_08_0540,LINJ_25_2450,5671,0.476,0.0,0.0,0.0,0.0,0.298,0.132,0.21,0.0
75,5671.A4HTK1,5671.A4I5B1,LINJ_08_0540,LINJ_30_0850,5671,0.497,0.0,0.0,0.0,0.083,0.114,0.0,0.431,0.0
76,5671.A4HTK1,5671.A4HZS7,LINJ_08_0540,LINJ_22_0370,5671,0.503,0.0,0.0,0.0,0.0,0.287,0.132,0.262,0.0
77,5671.A4HTK1,5671.A4IBT9,LINJ_08_0540,LINJ_35_4060,5671,0.513,0.0,0.0,0.0,0.0,0.062,0.0,0.503,0.0
78,5671.A4HTK1,5671.A4IBT4,LINJ_08_0540,LINJ_35_4010,5671,0.513,0.0,0.0,0.0,0.0,0.062,0.0,0.503,0.0
79,5671.A4HTK1,5671.A4HZC0,LINJ_08_0540,LINJ_21_1470,5671,0.514,0.0,0.0,0.0,0.048,0.157,0.0,0.444,0.0
80,5671.A4HTK1,5671.E9AG37,LINJ_08_0540,LINJ_03_0460,5671,0.556,0.0,0.0,0.0,0.045,0.115,0.411,0.214,0.0
81,5671.A4HTK1,5671.A4I3E2,LINJ_08_0540,LINJ_28_0720,5671,0.556,0.0,0.0,0.0,0.045,0.115,0.411,0.214,0.0
82,5671.A4HTK1,5671.E9AH25,LINJ_08_0540,LINJ_24_0130,5671,0.608,0.069,0.0,0.0,0.066,0.14,0.411,0.249,0.0
83,5671.A4HTK1,5671.A4I4D6,LINJ_08_0540,LINJ_29_0860,5671,0.642,0.0,0.0,0.0,0.042,0.0,0.631,0.071,0.0
84,5671.A4HTK1,5671.A4ICP3,LINJ_08_0540,LINJ_36_0970,5671,0.653,0.0,0.0,0.0,0.0,0.303,0.132,0.473,0.0
85,5671.A4HTK1,5671.A4IAC2,LINJ_08_0540,LINJ_34_3340,5671,0.7,0.0,0.0,0.0,0.0,0.115,0.663,0.075,0.0
86,5671.A4HTK1,5671.A4IBD4,LINJ_08_0540,LINJ_35_2710,5671,0.7,0.0,0.0,0.0,0.0,0.115,0.663,0.075,0.0
87,5671.A4HTK1,5671.A4I4G8,LINJ_08_0540,LINJ_29_1190,5671,0.7,0.0,0.0,0.0,0.0,0.115,0.663,0.075,0.0
88,5671.A4HTK1,5671.A4I6V8,LINJ_08_0540,LINJ_31_1880,5671,0.701,0.0,0.0,0.0,0.0,0.287,0.132,0.556,0.0
89,5671.A4HTK1,5671.A4I1J3,LINJ_08_0540,CYCA,5671,0.707,0.0,0.0,0.0,0.082,0.29,0.095,0.562,0.0
90,5671.A4HTK1,5671.A4I503,LINJ_08_0540,CYC3,5671,0.707,0.0,0.0,0.0,0.082,0.29,0.095,0.562,0.0
91,5671.A4HTK1,5671.A4I6I0,LINJ_08_0540,LINJ_31_0890,5671,0.709,0.0,0.0,0.0,0.041,0.278,0.527,0.217,0.0
92,5671.A4HTK1,5671.A4I7Z9,LINJ_08_0540,LINJ_32_1930,5671,0.709,0.0,0.0,0.0,0.041,0.278,0.527,0.217,0.0
93,5671.A4HTK1,5671.A4HWH3,LINJ_08_0540,LINJ_15_0810,5671,0.847,0.0,0.0,0.0,0.083,0.184,0.756,0.265,52.8
94,5671.A4HTK1,5671.A4I9H1,LINJ_08_0540,LINJ_34_0030,5671,0.988,0.0,0.0,0.0,0.142,0.605,0.924,0.615,0.0
95,5671.A4HTL4,5671.E9AH25,LINJ_08_0670,LINJ_24_0130,5671,0.404,0.043,0.0,0.0,0.0,0.316,0.144,0.063,0.0
96,5671.A4HTL4,5671.A4ICP3,LINJ_08_0670,LINJ_36_0970,5671,0.42,0.0,0.0,0.0,0.0,0.072,0.401,0.0,0.0
97,5671.A4HTL4,5671.A4IDJ2,LINJ_08_0670,LINJ_36_2310,5671,0.42,0.0,0.0,0.0,0.057,0.27,0.211,0.059,0.0
98,5671.A4HTL4,5671.A4IDV1,LINJ_08_0670,LINJ_36_5610,5671,0.435,0.0,0.0,0.0,0.082,0.27,0.211,0.059,0.0
99,5671.A4HTL4,5671.A4I9H1,LINJ_08_0670,LINJ_34_0030,5671,0.462,0.0,0.0,0.0,0.0,0.287,0.132,0.202,0.0
100,5671.A4HTL4,5671.A4HYX6,LINJ_08_0670,LINJ_20_1370,5671,0.523,0.0,0.0,0.0,0.0,0.154,0.45,0.059,0.0
101,5671.A4HTL4,5671.E9AG93,LINJ_08_0670,LINJ_08_1250,5671,0.523,0.0,0.0,0.0,0.0,0.154,0.45,0.059,0.0
102,5671.A4HTP0,5671.A4I5H8,LINJ_08_0950,LINJ_24_1510,5671,0.455,0.0,0.0,0.0,0.0,0.0,0.0,0.455,0.0
103,5671.A4HTP0,5671.A4I4D6,LINJ_08_0950,LINJ_29_0860,5671,0.698,0.0,0.0,0.205,0.082,0.108,0.364,0.383,81.6
104,5671.A4HTP0,5671.A4I564,LINJ_08_0950,MPK12,5671,0.904,0.0,0.0,0.0,0.043,0.063,0.9,0.056,0.0
105,5671.A4HTS4,5671.A4IBV3,LINJ_09_0080,PABP2,5671,0.461,0.0,0.0,0.461,0.0,0.0,0.0,0.0,0.0
106,5671.A4HTS4,5671.A4HXP4,LINJ_09_0080,LINJ_18_0180,5671,0.522,0.0,0.0,0.501,0.048,0.076,0.0,0.0,0.0
107,5671.A4HTS4,5671.A4HXP5,LINJ_09_0080,LINJ_18_0190,5671,0.549,0.0,0.0,0.529,0.048,0.076,0.0,0.0,0.0
108,5671.A4HTS7,5671.A4IBV3,LINJ_09_0110,PABP2,5671,0.419,0.0,0.0,0.419,0.0,0.0,0.0,0.0,0.0
109,5671.A4HTS7,5671.A4HXP4,LINJ_09_0110,LINJ_18_0180,5671,0.493,0.0,0.0,0.449,0.0,0.104,0.057,0.0,0.0
110,5671.A4HTS7,5671.A4HXP3,LINJ_09_0110,LINJ_18_0170,5671,0.5,0.0,0.0,0.456,0.0,0.104,0.057,0.0,0.0
111,5671.A4HTS7,5671.A4HXP5,LINJ_09_0110,LINJ_18_0190,5671,0.541,0.0,0.0,0.501,0.0,0.104,0.057,0.0,0.0
112,5671.A4HUJ5,5671.E9AH25,LINJ_10_0880,LINJ_24_0130,5671,0.404,0.043,0.0,0.0,0.0,0.316,0.144,0.063,0.0
113,5671.A4HUJ5,5671.A4IDJ2,LINJ_10_0880,LINJ_36_2310,5671,0.41,0.0,0.0,0.0,0.0,0.27,0.211,0.059,0.0
114,5671.A4HUJ5,5671.A4IDV1,LINJ_10_0880,LINJ_36_5610,5671,0.41,0.0,0.0,0.0,0.0,0.27,0.211,0.059,0.0
115,5671.A4HUJ5,5671.A4I9H1,LINJ_10_0880,LINJ_34_0030,5671,0.465,0.0,0.0,0.0,0.046,0.287,0.132,0.202,0.0
116,5671.A4HUX9,5671.A4I4G8,LINJ_11_0700,LINJ_29_1190,5671,0.435,0.0,0.0,0.435,0.0,0.0,0.0,0.0,0.0
117,5671.A4HUX9,5671.A4I9H1,LINJ_11_0700,LINJ_34_0030,5671,0.475,0.0,0.0,0.0,0.0,0.115,0.411,0.075,0.0
118,5671.A4HUX9,5671.A4IBD4,LINJ_11_0700,LINJ_35_2710,5671,0.483,0.0,0.0,0.483,0.0,0.0,0.0,0.0,0.0
119,5671.A4HUX9,5671.E9AH38,LINJ_11_0700,LINJ_24_0260,5671,0.519,0.0,0.0,0.0,0.042,0.266,0.367,0.048,0.0
120,5671.A4HUX9,5671.A4HVT6,LINJ_11_0700,LINJ_13_1630,5671,0.519,0.0,0.0,0.0,0.042,0.266,0.367,0.048,0.0
121,5671.A4HUX9,5671.A4IAC2,LINJ_11_0700,LINJ_34_3340,5671,0.521,0.0,0.0,0.521,0.0,0.0,0.0,0.0,0.0
122,5671.A4HUX9,5671.E9AH25,LINJ_11_0700,LINJ_24_0130,5671,0.623,0.0,0.0,0.529,0.044,0.166,0.116,0.0,0.0
123,5671.A4HV00,5671.A4IBS2,LINJ_11_0910,LINJ_35_3880,5671,0.402,0.0,0.0,0.0,0.047,0.276,0.149,0.102,0.0
124,5671.A4HV00,5671.E9AH25,LINJ_11_0910,LINJ_24_0130,5671,0.531,0.045,0.0,0.0,0.0,0.27,0.362,0.071,0.0
125,5671.A4HV57,5671.E9AGZ4,LINJ.12.0016,LINJ_22_0920,5671,0.428,0.0,0.0,0.0,0.354,0.08,0.11,0.047,0.0
126,5671.A4HV57,5671.A4HXS2,LINJ.12.0016,LINJ_18_0470,5671,0.541,0.0,0.0,0.0,0.327,0.261,0.139,0.056,0.0
127,5671.A4HV57,5671.A4HXE5,LINJ.12.0016,LINJ_17_0770,5671,0.55,0.0,0.0,0.0,0.243,0.197,0.298,0.071,0.0
128,5671.A4HV57,5671.A4I1U3,LINJ.12.0016,LINJ_26_0050,5671,0.601,0.0,0.0,0.0,0.0,0.376,0.366,0.074,60.5
129,5671.A4HV57,5671.E9AH25,LINJ.12.0016,LINJ_24_0130,5671,0.628,0.0,0.0,0.0,0.0,0.3,0.474,0.071,0.0
130,5671.A4HV57,5671.A4I1J3,LINJ.12.0016,CYCA,5671,0.641,0.0,0.0,0.0,0.341,0.3,0.257,0.077,0.0
131,5671.A4HV57,5671.A4I503,LINJ.12.0016,CYC3,5671,0.641,0.0,0.0,0.0,0.341,0.3,0.257,0.077,0.0
132,5671.A4HV57,5671.A4I569,LINJ.12.0016,LINJ_30_0420,5671,0.658,0.0,0.0,0.0,0.327,0.261,0.359,0.056,0.0
133,5671.A4HV57,5671.E9AH79,LINJ.12.0016,LINJ_24_1790,5671,0.692,0.0,0.0,0.0,0.392,0.299,0.296,0.097,0.0
134,5671.A4HVK0,5671.A4IDU0,LINJ_13_0610,LINJ_36_5410,5671,0.403,0.0,0.0,0.0,0.082,0.113,0.304,0.072,0.0
135,5671.A4HVK0,5671.A4I1F4,LINJ_13_0610,ALDH2,5671,0.421,0.0,0.0,0.0,0.082,0.113,0.304,0.099,0.0
136,5671.A4HVK0,5671.A4I0C2,LINJ_13_0610,LINJ_23_0880,5671,0.424,0.0,0.0,0.0,0.063,0.0,0.367,0.107,0.0
137,5671.A4HVT6,5671.A4HVU2,LINJ_13_1630,LINJ_13_1380,5671,0.41,0.0,0.0,0.0,0.0,0.263,0.208,0.071,0.0
138,5671.A4HVT6,5671.A4I564,LINJ_13_1630,MPK12,5671,0.41,0.0,0.0,0.0,0.0,0.263,0.208,0.071,0.0
139,5671.A4HVT6,5671.A4I6I0,LINJ_13_1630,LINJ_31_0890,5671,0.427,0.0,0.0,0.0,0.048,0.271,0.227,0.059,0.0
140,5671.A4HVT6,5671.A4I7Z9,LINJ_13_1630,LINJ_32_1930,5671,0.427,0.0,0.0,0.0,0.048,0.271,0.227,0.059,0.0
141,5671.A4HVT6,5671.A4I3E2,LINJ_13_1630,LINJ_28_0720,5671,0.519,0.0,0.0,0.0,0.0,0.266,0.367,0.048,0.0
142,5671.A4HVT6,5671.A4IAC2,LINJ_13_1630,LINJ_34_3340,5671,0.519,0.0,0.0,0.0,0.0,0.266,0.367,0.048,0.0
143,5671.A4HVT6,5671.A4IBD4,LINJ_13_1630,LINJ_35_2710,5671,0.519,0.0,0.0,0.0,0.0,0.266,0.367,0.048,0.0
144,5671.A4HVT6,5671.A4I4G8,LINJ_13_1630,LINJ_29_1190,5671,0.519,0.0,0.0,0.0,0.0,0.266,0.367,0.048,0.0
145,5671.A4HVT6,5671.E9AG37,LINJ_13_1630,LINJ_03_0460,5671,0.521,0.0,0.0,0.0,0.046,0.266,0.367,0.048,0.0
146,5671.A4HVT6,5671.E9AH25,LINJ_13_1630,LINJ_24_0130,5671,0.616,0.044,0.0,0.0,0.0,0.383,0.367,0.095,0.0
147,5671.A4HVU2,5671.E9AH38,LINJ_13_1380,LINJ_24_0260,5671,0.41,0.0,0.0,0.0,0.0,0.263,0.208,0.071,0.0
148,5671.A4HVU2,5671.A4I140,LINJ_13_1380,LINJ_24_2410,5671,0.422,0.0,0.0,0.0,0.042,0.294,0.189,0.071,52.8
149,5671.A4HVU2,5671.A4I5B1,LINJ_13_1380,LINJ_30_0850,5671,0.445,0.0,0.0,0.115,0.0,0.155,0.273,0.1,57.8
150,5671.A4HVU2,5671.A4IDJ2,LINJ_13_1380,LINJ_36_2310,5671,0.503,0.0,0.0,0.0,0.043,0.297,0.294,0.078,0.0
151,5671.A4HVU2,5671.A4HYX6,LINJ_13_1380,LINJ_20_1370,5671,0.509,0.0,0.0,0.231,0.0,0.181,0.263,0.068,0.0
152,5671.A4HVU2,5671.A4ICP8,LINJ_13_1380,MKK5,5671,0.529,0.0,0.0,0.219,0.042,0.294,0.189,0.071,0.0
153,5671.A4HVU2,5671.A4IDV1,LINJ_13_1380,LINJ_36_5610,5671,0.546,0.0,0.0,0.0,0.0,0.315,0.318,0.108,0.0
154,5671.A4HW49,5671.E9AG71,LINJ_14_1140,LINJ_06_1220,5671,0.477,0.0,0.0,0.289,0.0,0.289,0.0,0.049,0.0
155,5671.A4HW76,5671.E9AG71,LINJ_14_1380,LINJ_06_1220,5671,0.429,0.0,0.0,0.238,0.0,0.277,0.0,0.047,70.1
156,5671.A4HW76,5671.A4I140,LINJ_14_1380,LINJ_24_2410,5671,0.447,0.0,0.0,0.203,0.048,0.284,0.086,0.058,109.4
157,5671.A4HW76,5671.A4ICP8,LINJ_14_1380,MKK5,5671,0.465,0.0,0.0,0.228,0.048,0.284,0.086,0.058,110.2
158,5671.A4HW76,5671.A4I9H1,LINJ_14_1380,LINJ_34_0030,5671,0.535,0.0,0.0,0.468,0.0,0.155,0.0,0.05,0.0
159,5671.A4HWH3,5671.A4I9H1,LINJ_15_0810,LINJ_34_0030,5671,0.857,0.0,0.0,0.103,0.083,0.184,0.756,0.265,105.5
160,5671.A4HWJ1,5671.E9AH25,LINJ_15_0990,LINJ_24_0130,5671,0.466,0.0,0.0,0.0,0.0,0.304,0.233,0.081,0.0
161,5671.A4HWJ1,5671.A4HZA9,LINJ_15_0990,LINJ_21_0280,5671,0.492,0.0,0.0,0.492,0.0,0.0,0.0,0.0,0.0
162,5671.A4HWJ1,5671.A4IBS7,LINJ_15_0990,LINJ_35_3930,5671,0.496,0.0,0.0,0.496,0.0,0.0,0.0,0.0,0.0
163,5671.A4HWY3,5671.A4HYT8,LINJ_16_0870,LINJ_20_0970,5671,0.407,0.0,0.0,0.0,0.0,0.189,0.292,0.051,0.0
164,5671.A4HXD4,5671.A4I980,LINJ_17_0660,LINJ_33_2210,5671,0.425,0.093,0.0,0.0,0.044,0.1,0.304,0.105,69.7
165,5671.A4HXE5,5671.E9AG71,LINJ_17_0770,LINJ_06_1220,5671,0.407,0.0,0.0,0.128,0.048,0.333,0.0,0.056,116.3
166,5671.A4HXE5,5671.A4I7Z9,LINJ_17_0770,LINJ_32_1930,5671,0.415,0.0,0.0,0.0,0.0,0.196,0.289,0.06,0.0
167,5671.A4HXE5,5671.A4I6I0,LINJ_17_0770,LINJ_31_0890,5671,0.415,0.0,0.0,0.0,0.0,0.196,0.289,0.06,0.0
168,5671.A4HXE5,5671.A4HYH7,LINJ_17_0770,LINJ_19_1510,5671,0.427,0.0,0.0,0.0,0.059,0.321,0.0,0.176,59.7
169,5671.A4HXE5,5671.A4I7L6,LINJ_17_0770,LINJ_32_0690,5671,0.454,0.0,0.0,0.0,0.0,0.065,0.318,0.213,0.0
170,5671.A4HXE5,5671.A4HXS2,LINJ_17_0770,LINJ_18_0470,5671,0.502,0.0,0.0,0.0,0.199,0.246,0.217,0.072,0.0
171,5671.A4HXE5,5671.A4IA04,LINJ_17_0770,LINJ_34_2160,5671,0.527,0.0,0.0,0.0,0.0,0.065,0.318,0.318,0.0
172,5671.A4HXE5,5671.A4I4S4,LINJ_17_0770,LINJ_29_2260,5671,0.55,0.0,0.0,0.0,0.243,0.197,0.298,0.071,53.1
173,5671.A4HXE5,5671.A4HZA9,LINJ_17_0770,LINJ_21_0280,5671,0.553,0.0,0.0,0.0,0.0,0.065,0.137,0.491,0.0
174,5671.A4HXE5,5671.A4IBS7,LINJ_17_0770,LINJ_35_3930,5671,0.553,0.0,0.0,0.0,0.0,0.065,0.137,0.491,0.0
175,5671.A4HXE5,5671.E9AHC6,LINJ_17_0770,LINJ_27_2570,5671,0.584,0.0,0.0,0.112,0.243,0.197,0.298,0.071,70.9
176,5671.A4HXE5,5671.A4I569,LINJ_17_0770,LINJ_30_0420,5671,0.634,0.0,0.0,0.0,0.199,0.246,0.217,0.318,0.0
177,5671.A4HXE5,5671.A4I503,LINJ_17_0770,CYC3,5671,0.668,0.0,0.0,0.0,0.338,0.294,0.259,0.156,0.0
178,5671.A4HXE5,5671.A4I1J3,LINJ_17_0770,CYCA,5671,0.668,0.0,0.0,0.0,0.338,0.294,0.259,0.156,0.0
179,5671.A4HXE5,5671.A4IAZ7,LINJ_17_0770,LINJ_35_1020,5671,0.676,0.0,0.0,0.0,0.061,0.066,0.283,0.546,50.4
180,5671.A4HXE5,5671.E9AH25,LINJ_17_0770,LINJ_24_0130,5671,0.689,0.0,0.0,0.0,0.0,0.193,0.607,0.099,0.0
181,5671.A4HXE5,5671.E9AH79,LINJ_17_0770,LINJ_24_1790,5671,0.756,0.0,0.0,0.0,0.389,0.303,0.391,0.173,0.0
182,5671.A4HXM2,5671.E9AH25,LINJ_17_1560,LINJ_24_0130,5671,0.434,0.0,0.0,0.0,0.042,0.092,0.364,0.099,0.0
183,5671.A4HXS2,5671.A4I9L7,LINJ_18_0470,LINJ_34_0490,5671,0.405,0.0,0.0,0.243,0.0,0.186,0.112,0.0,81.6
184,5671.A4HXS2,5671.A4I9H1,LINJ_18_0470,LINJ_34_0030,5671,0.406,0.0,0.0,0.0,0.104,0.284,0.135,0.057,0.0
185,5671.A4HXS2,5671.A4HZ39,LINJ_18_0470,LINJ_21_0460,5671,0.525,0.0,0.0,0.0,0.044,0.299,0.307,0.098,0.0
186,5671.A4HXS2,5671.E9AHC6,LINJ_18_0470,LINJ_27_2570,5671,0.541,0.0,0.0,0.0,0.327,0.261,0.139,0.056,0.0
187,5671.A4HXS2,5671.A4I4S4,LINJ_18_0470,LINJ_29_2260,5671,0.541,0.0,0.0,0.0,0.327,0.261,0.139,0.056,0.0
188,5671.A4HXS2,5671.A4I1J3,LINJ_18_0470,CYCA,5671,0.591,0.0,0.0,0.0,0.334,0.288,0.183,0.071,0.0
189,5671.A4HXS2,5671.A4I503,LINJ_18_0470,CYC3,5671,0.591,0.0,0.0,0.0,0.334,0.288,0.183,0.071,0.0
190,5671.A4HXS2,5671.E9AH25,LINJ_18_0470,LINJ_24_0130,5671,0.676,0.0,0.0,0.0,0.044,0.4,0.463,0.074,0.0
191,5671.A4HXS2,5671.A4I1U3,LINJ_18_0470,LINJ_26_0050,5671,0.743,0.0,0.0,0.0,0.0,0.288,0.644,0.071,0.0
192,5671.A4HYA8,5671.A4IDU0,LINJ_19_0950,LINJ_36_5410,5671,0.468,0.088,0.0,0.0,0.054,0.155,0.323,0.089,0.0
193,5671.A4HYA8,5671.A4IAA0,LINJ_19_0950,LINJ_34_3110,5671,0.516,0.05,0.0,0.0,0.054,0.286,0.307,0.081,0.0
194,5671.A4HYA8,5671.A4I1F4,LINJ_19_0950,ALDH2,5671,0.556,0.088,0.0,0.0,0.054,0.191,0.323,0.206,0.0
195,5671.A4HYA8,5671.A4I0C2,LINJ_19_0950,LINJ_23_0880,5671,0.692,0.099,0.0,0.0,0.414,0.043,0.408,0.13,71.2
196,5671.A4HYA8,5671.A4I3T3,LINJ_19_0950,LINJ_28_2190,5671,0.782,0.126,0.0,0.0,0.241,0.301,0.492,0.22,0.0
197,5671.A4HYB7,5671.A4IDU0,LINJ_19_0970,LINJ_36_5410,5671,0.468,0.088,0.0,0.0,0.054,0.155,0.323,0.089,0.0
198,5671.A4HYB7,5671.A4IAA0,LINJ_19_0970,LINJ_34_3110,5671,0.516,0.05,0.0,0.0,0.054,0.286,0.307,0.081,0.0
199,5671.A4HYB7,5671.A4I1F4,LINJ_19_0970,ALDH2,5671,0.556,0.088,0.0,0.0,0.054,0.191,0.323,0.206,0.0
200,5671.A4HYB7,5671.A4I0C2,LINJ_19_0970,LINJ_23_0880,5671,0.692,0.099,0.0,0.0,0.414,0.043,0.408,0.13,55.1
201,5671.A4HYB7,5671.A4I3T3,LINJ_19_0970,LINJ_28_2190,5671,0.782,0.126,0.0,0.0,0.241,0.301,0.492,0.22,0.0
202,5671.A4HYJ0,5671.A4I3P6,LINJ_19_1640,LINJ_28_1800,5671,0.467,0.0,0.0,0.0,0.103,0.109,0.387,0.041,0.0
203,5671.A4HYJ0,5671.A4I1T4,LINJ_19_1640,LINJ_25_2450,5671,0.467,0.0,0.0,0.0,0.103,0.109,0.387,0.041,0.0
204,5671.A4HYT8,5671.A4IDK3,LINJ_20_0970,LINJ_36_2420,5671,0.4,0.0,0.0,0.0,0.0,0.188,0.285,0.05,68.2
205,5671.A4HYT8,5671.A4HZ85,LINJ_20_0970,LINJ_21_1000,5671,0.407,0.0,0.0,0.0,0.0,0.189,0.292,0.051,80.5
206,5671.A4HYT8,5671.A4I7J0,LINJ_20_0970,LINJ_32_0270,5671,0.407,0.0,0.0,0.0,0.0,0.189,0.292,0.051,90.5
207,5671.A4HYT8,5671.A4I960,LINJ_20_0970,LINJ_33_2100,5671,0.407,0.0,0.0,0.0,0.0,0.189,0.292,0.051,73.2
208,5671.A4HYT8,5671.A4I7C4,LINJ_20_0970,LINJ_31_3300,5671,0.407,0.0,0.0,0.0,0.0,0.189,0.292,0.051,66.6
209,5671.A4HYT8,5671.A4I4X0,LINJ_20_0970,LINJ_29_2680,5671,0.407,0.0,0.0,0.0,0.0,0.189,0.292,0.051,79.0
210,5671.A4HYT8,5671.A4IDC2,LINJ_20_0970,LINJ_36_1590,5671,0.407,0.0,0.0,0.0,0.0,0.189,0.292,0.051,66.2
211,5671.A4HYT8,5671.A4IC37,LINJ_20_0970,BT1-2,5671,0.407,0.0,0.0,0.0,0.0,0.189,0.292,0.051,65.9
212,5671.A4HYT8,5671.A4I7A1,LINJ_20_0970,LINJ_31_3070,5671,0.407,0.0,0.0,0.0,0.0,0.189,0.292,0.051,67.8
213,5671.A4HYT8,5671.A4I2H8,LINJ_20_0970,LINJ_26_2600,5671,0.407,0.0,0.0,0.0,0.0,0.189,0.292,0.051,65.5
214,5671.A4HYT8,5671.A4IC88,LINJ_20_0970,LINJ_36_6600,5671,0.524,0.0,0.0,0.0,0.0,0.281,0.361,0.049,0.0
215,5671.A4HYT8,5671.A4IC65,LINJ_20_0970,LINJ_35_5080,5671,0.524,0.0,0.0,0.0,0.0,0.281,0.361,0.049,0.0
216,5671.A4HYX6,5671.A4I7Z9,LINJ_20_1370,LINJ_32_1930,5671,0.443,0.0,0.0,0.0,0.0,0.297,0.216,0.072,0.0
217,5671.A4HYX6,5671.A4I6I0,LINJ_20_1370,LINJ_31_0890,5671,0.443,0.0,0.0,0.0,0.0,0.297,0.216,0.072,0.0
218,5671.A4HYX6,5671.A4I1U3,LINJ_20_1370,LINJ_26_0050,5671,0.452,0.0,0.0,0.452,0.0,0.0,0.0,0.0,0.0
219,5671.A4HYX6,5671.A4I1T4,LINJ_20_1370,LINJ_25_2450,5671,0.469,0.0,0.0,0.232,0.046,0.162,0.213,0.071,55.5
220,5671.A4HYX6,5671.A4IC37,LINJ_20_1370,BT1-2,5671,0.472,0.0,0.0,0.472,0.0,0.042,0.0,0.0,0.0
221,5671.A4HYX6,5671.E9AH34,LINJ_20_1370,LINJ_24_0220,5671,0.477,0.0,0.0,0.448,0.0,0.076,0.0,0.057,0.0
222,5671.A4HYX6,5671.A4IDC2,LINJ_20_1370,LINJ_36_1590,5671,0.489,0.0,0.0,0.489,0.0,0.042,0.0,0.0,0.0
223,5671.A4HYX6,5671.A4I6V7,LINJ_20_1370,LINJ_31_1870,5671,0.523,0.0,0.0,0.0,0.0,0.154,0.45,0.059,0.0
224,5671.A4HYX6,5671.A4I140,LINJ_20_1370,LINJ_24_2410,5671,0.542,0.0,0.0,0.481,0.0,0.124,0.0,0.074,0.0
225,5671.A4HYX6,5671.A4I9H1,LINJ_20_1370,LINJ_34_0030,5671,0.556,0.0,0.0,0.461,0.057,0.176,0.0,0.067,0.0
226,5671.A4HYX6,5671.A4HZS7,LINJ_20_1370,LINJ_22_0370,5671,0.557,0.0,0.0,0.377,0.0,0.154,0.213,0.059,0.0
227,5671.A4HYX6,5671.A4I588,LINJ_20_1370,LINJ_30_0620,5671,0.59,0.0,0.0,0.474,0.0,0.195,0.094,0.058,0.0
228,5671.A4HYX6,5671.A4ICP3,LINJ_20_1370,LINJ_36_0970,5671,0.617,0.0,0.0,0.0,0.0,0.154,0.521,0.131,0.0
229,5671.A4HYX6,5671.A4I564,LINJ_20_1370,MPK12,5671,0.66,0.0,0.0,0.467,0.0,0.181,0.263,0.068,0.0
230,5671.A4HZ39,5671.A4I7S6,LINJ_21_0460,LINJ_32_1150,5671,0.408,0.0,0.0,0.0,0.0,0.0,0.0,0.408,0.0
231,5671.A4HZ39,5671.A4IAG7,LINJ_21_0460,LINJ_34_3790,5671,0.408,0.0,0.0,0.0,0.0,0.0,0.0,0.408,0.0
232,5671.A4HZ39,5671.E9AH79,LINJ_21_0460,LINJ_24_1790,5671,0.523,0.0,0.0,0.0,0.0,0.299,0.307,0.098,0.0
233,5671.A4HZ39,5671.A4I569,LINJ_21_0460,LINJ_30_0420,5671,0.523,0.0,0.0,0.0,0.0,0.299,0.307,0.098,0.0
234,5671.A4HZ69,5671.A4I9H1,LINJ_21_0760,LINJ_34_0030,5671,0.448,0.0,0.0,0.0,0.042,0.088,0.403,0.067,0.0
235,5671.A4HZ70,5671.A4ICP3,LINJ_21_0770,LINJ_36_0970,5671,0.411,0.0,0.0,0.0,0.152,0.134,0.261,0.044,0.0
236,5671.A4HZ70,5671.A4IBS6,LINJ_21_0770,LINJ_35_3920,5671,0.412,0.0,0.0,0.0,0.413,0.0,0.0,0.0,0.0
237,5671.A4HZ70,5671.P62884,LINJ_21_0770,LACK1,5671,0.792,0.0,0.0,0.0,0.285,0.701,0.0,0.107,0.0
238,5671.A4HZ70,5671.A4HZL2,LINJ_21_0770,LINJ_21_0100,5671,0.792,0.0,0.0,0.0,0.285,0.701,0.0,0.107,0.0
239,5671.A4HZ84,5671.A4I6V8,LINJ_21_0910,LINJ_31_1880,5671,0.46,0.0,0.0,0.0,0.0,0.128,0.407,0.0,0.0
240,5671.A4HZ84,5671.A4IAU7,LINJ_21_0910,LINJ_35_0480,5671,0.467,0.0,0.0,0.0,0.0,0.162,0.367,0.077,0.0
241,5671.A4HZ84,5671.A4I4Q9,LINJ_21_0910,LINJ_29_2140,5671,0.467,0.0,0.0,0.0,0.0,0.162,0.367,0.077,67.4
242,5671.A4HZ84,5671.A4IBU4,LINJ_21_0910,LINJ_35_4110,5671,0.467,0.0,0.0,0.0,0.0,0.162,0.367,0.077,0.0
243,5671.A4HZ84,5671.E9AH34,LINJ_21_0910,LINJ_24_0220,5671,0.467,0.0,0.0,0.0,0.0,0.162,0.367,0.077,55.8
244,5671.A4HZ84,5671.A4ICP4,LINJ_21_0910,LINJ_36_0960,5671,0.467,0.0,0.0,0.0,0.0,0.162,0.367,0.077,76.3
245,5671.A4HZ84,5671.A4I7Z9,LINJ_21_0910,LINJ_32_1930,5671,0.506,0.0,0.0,0.0,0.0,0.089,0.465,0.069,0.0
246,5671.A4HZ84,5671.A4I6I0,LINJ_21_0910,LINJ_31_0890,5671,0.506,0.0,0.0,0.0,0.0,0.089,0.465,0.069,0.0
247,5671.A4HZ84,5671.A4IAK5,LINJ_21_0910,TOR2,5671,0.743,0.0,0.0,0.0,0.0,0.432,0.467,0.22,0.0
248,5671.A4HZ84,5671.A4IAG3,LINJ_21_0910,TOR3,5671,0.743,0.0,0.0,0.0,0.0,0.432,0.467,0.22,0.0
249,5671.A4HZ84,5671.A4I913,LINJ_21_0910,LINJ_33_1500,5671,0.95,0.0,0.0,0.0,0.0,0.921,0.0,0.398,0.0
250,5671.A4HZ93,5671.A4IDJ2,LINJ_21_1410,LINJ_36_2310,5671,0.418,0.0,0.0,0.0,0.043,0.304,0.19,0.049,0.0
251,5671.A4HZA9,5671.A4IAG3,LINJ_21_0280,TOR3,5671,0.4,0.0,0.0,0.0,0.0,0.07,0.0,0.381,0.0
252,5671.A4HZA9,5671.A4I7L6,LINJ_21_0280,LINJ_32_0690,5671,0.409,0.0,0.0,0.344,0.0,0.127,0.0,0.051,0.0
253,5671.A4HZA9,5671.E9AH25,LINJ_21_0280,LINJ_24_0130,5671,0.466,0.0,0.0,0.0,0.0,0.304,0.233,0.081,0.0
254,5671.A4HZC0,5671.A4IAG7,LINJ_21_1470,LINJ_34_3790,5671,0.407,0.0,0.0,0.0,0.082,0.175,0.115,0.22,0.0
255,5671.A4HZC0,5671.A4I7S6,LINJ_21_1470,LINJ_32_1150,5671,0.407,0.0,0.0,0.0,0.082,0.175,0.115,0.22,0.0
256,5671.A4HZC0,5671.E9AH78,LINJ_21_1470,LINJ_24_1780,5671,0.414,0.0,0.0,0.0,0.0,0.113,0.367,0.0,0.0
257,5671.A4HZC0,5671.A4I7R2,LINJ_21_1470,LINJ_32_1010,5671,0.42,0.0,0.0,0.0,0.0,0.3,0.096,0.158,0.0
258,5671.A4HZC0,5671.A4I9H1,LINJ_21_1470,LINJ_34_0030,5671,0.514,0.0,0.0,0.0,0.048,0.157,0.0,0.444,0.0
259,5671.A4HZL2,5671.E9AH79,LINJ_21_0100,LINJ_24_1790,5671,0.526,0.0,0.0,0.51,0.0,0.071,0.0,0.043,0.0
260,5671.A4HZL2,5671.A4I1N3,LINJ_21_0100,LINJ_25_1930,5671,0.527,0.0,0.0,0.524,0.048,0.0,0.0,0.0,0.0
261,5671.A4HZL2,5671.A4I913,LINJ_21_0100,LINJ_33_1500,5671,0.539,0.0,0.0,0.539,0.0,0.0,0.0,0.0,0.0
262,5671.A4HZL2,5671.A4IC06,LINJ_21_0100,LINJ_35_4740,5671,0.54,0.0,0.0,0.54,0.0,0.0,0.0,0.0,0.0
263,5671.A4HZL2,5671.A4I9L7,LINJ_21_0100,LINJ_34_0490,5671,0.568,0.0,0.0,0.539,0.0,0.103,0.0,0.0,0.0
264,5671.A4HZS7,5671.E9AH25,LINJ_22_0370,LINJ_24_0130,5671,0.404,0.043,0.0,0.0,0.0,0.316,0.144,0.063,0.0
265,5671.A4HZS7,5671.A4IDJ2,LINJ_22_0370,LINJ_36_2310,5671,0.41,0.0,0.0,0.0,0.0,0.27,0.211,0.059,0.0
266,5671.A4HZS7,5671.A4IDV1,LINJ_22_0370,LINJ_36_5610,5671,0.415,0.0,0.0,0.0,0.0,0.27,0.211,0.067,0.0
267,5671.A4HZS7,5671.A4I3D6,LINJ_22_0370,LINJ_28_0660,5671,0.424,0.0,0.0,0.232,0.0,0.076,0.254,0.0,0.0
268,5671.A4HZS7,5671.A4I3P6,LINJ_22_0370,LINJ_28_1800,5671,0.429,0.0,0.0,0.0,0.0,0.351,0.143,0.057,59.7
269,5671.A4HZS7,5671.E9AG71,LINJ_22_0370,LINJ_06_1220,5671,0.439,0.0,0.0,0.347,0.0,0.15,0.063,0.049,0.0
270,5671.A4HZS7,5671.A4I140,LINJ_22_0370,LINJ_24_2410,5671,0.449,0.0,0.0,0.149,0.045,0.29,0.137,0.064,53.1
271,5671.A4HZS7,5671.A4IBS2,LINJ_22_0370,LINJ_35_3880,5671,0.453,0.0,0.0,0.0,0.043,0.089,0.419,0.049,0.0
272,5671.A4HZS7,5671.A4IBT9,LINJ_22_0370,LINJ_35_4060,5671,0.453,0.0,0.0,0.129,0.072,0.184,0.137,0.187,60.8
273,5671.A4HZS7,5671.A4IBT4,LINJ_22_0370,LINJ_35_4010,5671,0.454,0.0,0.0,0.131,0.072,0.184,0.137,0.187,60.8
274,5671.A4HZS7,5671.A4ICP8,LINJ_22_0370,MKK5,5671,0.463,0.0,0.0,0.17,0.045,0.29,0.137,0.064,68.9
275,5671.A4HZS7,5671.A4I5B1,LINJ_22_0370,LINJ_30_0850,5671,0.468,0.0,0.0,0.153,0.0,0.182,0.27,0.072,75.1
276,5671.A4HZS7,5671.A4IAZ7,LINJ_22_0370,LINJ_35_1020,5671,0.488,0.0,0.0,0.334,0.0,0.103,0.134,0.128,0.0
277,5671.A4HZS7,5671.A4I1T4,LINJ_22_0370,LINJ_25_2450,5671,0.496,0.0,0.0,0.153,0.0,0.351,0.143,0.057,55.8
278,5671.A4HZS7,5671.A4I2Y4,LINJ_22_0370,LINJ_27_1680,5671,0.498,0.0,0.0,0.347,0.0,0.103,0.134,0.128,0.0
279,5671.A4HZS7,5671.E9AH34,LINJ_22_0370,LINJ_24_0220,5671,0.554,0.0,0.0,0.394,0.0,0.193,0.135,0.071,0.0
280,5671.A4HZS7,5671.A4I9H1,LINJ_22_0370,LINJ_34_0030,5671,0.648,0.0,0.0,0.322,0.0,0.287,0.132,0.262,0.0
281,5671.A4I027,5671.A4I5X4,LINJ_22_1530,LINJ_30_2970,5671,0.912,0.0,0.0,0.161,0.0,0.0,0.9,0.0,319.7
282,5671.A4I053,5671.A4I510,LINJ_23_0170,LINJ_30_0150,5671,0.467,0.0,0.0,0.467,0.0,0.0,0.0,0.0,0.0
283,5671.A4I065,5671.A4I9R3,MRPA,MDR1,5671,0.5,0.0,0.0,0.0,0.308,0.074,0.104,0.232,140.2
284,5671.A4I067,5671.A4IDU0,PTR1,LINJ_36_5410,5671,0.428,0.068,0.0,0.0,0.138,0.106,0.285,0.059,0.0
285,5671.A4I067,5671.A4I1F4,PTR1,ALDH2,5671,0.428,0.068,0.0,0.0,0.138,0.106,0.285,0.059,0.0
286,5671.A4I067,5671.A4I0C2,PTR1,LINJ_23_0880,5671,0.441,0.082,0.0,0.0,0.076,0.0,0.273,0.201,0.0
287,5671.A4I067,5671.A4I6S0,PTR1,PRP1,5671,0.467,0.058,0.0,0.0,0.0,0.067,0.086,0.415,0.0
288,5671.A4I067,5671.A4I3T3,PTR1,LINJ_28_2190,5671,0.507,0.07,0.0,0.0,0.084,0.089,0.398,0.108,0.0
289,5671.A4I0C2,5671.A4I0H7,LINJ_23_0880,LINJ_23_1450,5671,0.421,0.045,0.0,0.0,0.0,0.188,0.158,0.218,0.0
290,5671.A4I0C2,5671.A4I4G0,LINJ_23_0880,LINJ_29_1100,5671,0.424,0.0,0.0,0.0,0.063,0.0,0.367,0.107,0.0
291,5671.A4I0C2,5671.A4I0D8,LINJ_23_0880,LINJ_23_1050,5671,0.424,0.0,0.0,0.0,0.063,0.0,0.367,0.107,0.0
292,5671.A4I0C2,5671.A4I9I5,LINJ_23_0880,mMDH,5671,0.451,0.066,0.0,0.0,0.137,0.108,0.234,0.157,0.0
293,5671.A4I0C2,5671.A4I9I4,LINJ_23_0880,LINJ_34_0160,5671,0.451,0.066,0.0,0.0,0.137,0.108,0.234,0.157,0.0
294,5671.A4I0C2,5671.A4IDU0,LINJ_23_0880,LINJ_36_5410,5671,0.725,0.072,0.0,0.0,0.387,0.07,0.47,0.171,0.0
295,5671.A4I0C2,5671.A4I1F4,LINJ_23_0880,ALDH2,5671,0.979,0.072,0.0,0.0,0.387,0.07,0.944,0.395,0.0
296,5671.A4I0D8,5671.A4IDU0,LINJ_23_1050,LINJ_36_5410,5671,0.403,0.0,0.0,0.0,0.082,0.113,0.304,0.072,0.0
297,5671.A4I0D8,5671.A4I1F4,LINJ_23_1050,ALDH2,5671,0.421,0.0,0.0,0.0,0.082,0.113,0.304,0.099,0.0
298,5671.A4I0H7,5671.A4I0X6,LINJ_23_1450,LINJ_24_1410,5671,0.42,0.0,0.0,0.0,0.0,0.284,0.0,0.224,0.0
299,5671.A4I0X6,5671.E9AH25,LINJ_24_1410,LINJ_24_0130,5671,0.505,0.067,0.0,0.0,0.0,0.283,0.287,0.086,0.0
300,5671.A4I0X6,5671.A4I6H3,LINJ_24_1410,LINJ_31_0820,5671,0.55,0.0,0.0,0.0,0.0,0.268,0.366,0.11,0.0
301,5671.A4I140,5671.A4IDV1,LINJ_24_2410,LINJ_36_5610,5671,0.406,0.0,0.0,0.0,0.0,0.196,0.13,0.22,0.0
302,5671.A4I140,5671.A4ICP3,LINJ_24_2410,LINJ_36_0970,5671,0.419,0.0,0.0,0.0,0.045,0.29,0.137,0.125,88.2
303,5671.A4I140,5671.A4I588,LINJ_24_2410,LINJ_30_0620,5671,0.438,0.0,0.0,0.19,0.048,0.284,0.086,0.058,121.7
304,5671.A4I140,5671.E9AHC6,LINJ_24_2410,LINJ_27_2570,5671,0.466,0.0,0.0,0.206,0.104,0.105,0.246,0.059,79.7
305,5671.A4I140,5671.A4I1T4,LINJ_24_2410,LINJ_25_2450,5671,0.493,0.0,0.0,0.225,0.0,0.29,0.137,0.058,84.7
306,5671.A4I140,5671.A4I564,LINJ_24_2410,MPK12,5671,0.53,0.0,0.0,0.219,0.042,0.294,0.189,0.071,73.2
307,5671.A4I1F4,5671.A4I4G0,ALDH2,LINJ_29_1100,5671,0.421,0.0,0.0,0.0,0.082,0.113,0.304,0.099,0.0
308,5671.A4I1F4,5671.A4I792,ALDH2,LINJ_31_2980,5671,0.437,0.0,0.0,0.0,0.104,0.067,0.239,0.22,0.0
309,5671.A4I1F4,5671.A4I6Z4,ALDH2,PGFS,5671,0.437,0.0,0.0,0.0,0.104,0.067,0.239,0.22,0.0
310,5671.A4I1F4,5671.A4I7L0,ALDH2,LINJ_32_0470,5671,0.437,0.0,0.0,0.0,0.104,0.067,0.239,0.22,0.0
311,5671.A4I1F4,5671.A4IB16,ALDH2,LINJ_35_1230,5671,0.452,0.068,0.0,0.0,0.138,0.106,0.285,0.099,0.0
312,5671.A4I1F4,5671.A4I3T3,ALDH2,LINJ_28_2190,5671,0.487,0.0,0.0,0.0,0.057,0.0,0.271,0.315,0.0
313,5671.A4I1J3,5671.E9AGZ4,CYCA,LINJ_22_0920,5671,0.486,0.0,0.0,0.0,0.308,0.166,0.124,0.104,0.0
314,5671.A4I1J3,5671.A4I569,CYCA,LINJ_30_0420,5671,0.591,0.0,0.0,0.0,0.334,0.288,0.183,0.071,0.0
315,5671.A4I1J3,5671.A4I1U3,CYCA,LINJ_26_0050,5671,0.61,0.0,0.0,0.0,0.0,0.179,0.443,0.216,0.0
316,5671.A4I1J3,5671.E9AH25,CYCA,LINJ_24_0130,5671,0.617,0.0,0.0,0.0,0.0,0.3,0.459,0.071,0.0
317,5671.A4I1J3,5671.A4I4S4,CYCA,LINJ_29_2260,5671,0.641,0.0,0.0,0.0,0.341,0.3,0.257,0.077,0.0
318,5671.A4I1J3,5671.E9AHC6,CYCA,LINJ_27_2570,5671,0.641,0.0,0.0,0.0,0.341,0.3,0.257,0.077,0.0
319,5671.A4I1J3,5671.A4I9H1,CYCA,LINJ_34_0030,5671,0.707,0.0,0.0,0.0,0.082,0.29,0.095,0.562,0.0
320,5671.A4I1J3,5671.E9AH79,CYCA,LINJ_24_1790,5671,0.765,0.0,0.0,0.0,0.419,0.332,0.367,0.157,0.0
321,5671.A4I1N3,5671.A4I569,LINJ_25_1930,LINJ_30_0420,5671,0.447,0.0,0.0,0.447,0.041,0.0,0.0,0.0,0.0
322,5671.A4I1N3,5671.A4IBS6,LINJ_25_1930,LINJ_35_3920,5671,0.468,0.0,0.0,0.468,0.0,0.0,0.0,0.0,0.0
323,5671.A4I1N3,5671.P62884,LINJ_25_1930,LACK1,5671,0.489,0.0,0.0,0.486,0.048,0.0,0.0,0.0,0.0
324,5671.A4I1N3,5671.E9AH79,LINJ_25_1930,LINJ_24_1790,5671,0.502,0.0,0.0,0.481,0.081,0.0,0.0,0.0,0.0
325,5671.A4I1N3,5671.A4I913,LINJ_25_1930,LINJ_33_1500,5671,0.517,0.0,0.0,0.517,0.0,0.0,0.0,0.0,0.0
326,5671.A4I1N3,5671.A4IC06,LINJ_25_1930,LINJ_35_4740,5671,0.52,0.0,0.0,0.519,0.044,0.0,0.0,0.0,0.0
327,5671.A4I1N3,5671.A4I9L7,LINJ_25_1930,LINJ_34_0490,5671,0.523,0.0,0.0,0.511,0.0,0.066,0.0,0.0,0.0
328,5671.A4I1Q1,5671.A4I1U3,LINJ_25_2110,LINJ_26_0050,5671,0.406,0.0,0.0,0.0,0.0,0.067,0.364,0.08,0.0
329,5671.A4I1T4,5671.E9AH25,LINJ_25_2450,LINJ_24_0130,5671,0.414,0.043,0.0,0.0,0.0,0.316,0.144,0.079,0.0
330,5671.A4I1T4,5671.A4IDV1,LINJ_25_2450,LINJ_36_5610,5671,0.418,0.0,0.0,0.0,0.054,0.27,0.211,0.059,0.0
331,5671.A4I1T4,5671.A4IBU4,LINJ_25_2450,LINJ_35_4110,5671,0.425,0.0,0.0,0.0,0.048,0.161,0.333,0.049,56.6
332,5671.A4I1T4,5671.A4IAU7,LINJ_25_2450,LINJ_35_0480,5671,0.425,0.0,0.0,0.0,0.048,0.161,0.333,0.049,69.7
333,5671.A4I1T4,5671.A4IDQ0,LINJ_25_2450,LINJ_36_4950,5671,0.437,0.0,0.0,0.0,0.0,0.172,0.337,0.058,0.0
334,5671.A4I1T4,5671.A4ICP8,LINJ_25_2450,MKK5,5671,0.488,0.0,0.0,0.218,0.0,0.29,0.137,0.058,97.1
335,5671.A4I1T4,5671.A4I4Q9,LINJ_25_2450,LINJ_29_2140,5671,0.505,0.0,0.0,0.174,0.048,0.161,0.333,0.049,148.7
336,5671.A4I1T4,5671.A4ICP4,LINJ_25_2450,LINJ_36_0960,5671,0.506,0.0,0.0,0.176,0.048,0.161,0.333,0.049,147.5
337,5671.A4I1T4,5671.A4IAK5,LINJ_25_2450,TOR2,5671,0.516,0.0,0.0,0.0,0.0,0.273,0.34,0.074,0.0
338,5671.A4I1T4,5671.A4IAG3,LINJ_25_2450,TOR3,5671,0.516,0.0,0.0,0.0,0.0,0.273,0.34,0.074,0.0
339,5671.A4I1T4,5671.E9AH34,LINJ_25_2450,LINJ_24_0220,5671,0.521,0.0,0.0,0.2,0.048,0.161,0.333,0.049,105.5
340,5671.A4I1T4,5671.A4IDJ2,LINJ_25_2450,LINJ_36_2310,5671,0.545,0.0,0.0,0.0,0.058,0.27,0.211,0.261,0.0
341,5671.A4I1T4,5671.A4I9H1,LINJ_25_2450,LINJ_34_0030,5671,0.579,0.0,0.0,0.23,0.0,0.298,0.132,0.21,54.7
342,5671.A4I1T4,5671.A4I6T1,LINJ_25_2450,LINJ_31_1560,5671,0.708,0.0,0.0,0.0,0.047,0.41,0.476,0.126,80.5
343,5671.A4I1T4,5671.A4I5B1,LINJ_25_2450,LINJ_30_0850,5671,0.779,0.0,0.0,0.147,0.045,0.291,0.639,0.106,189.5
344,5671.A4I1U3,5671.E9AG71,LINJ_26_0050,LINJ_06_1220,5671,0.405,0.0,0.0,0.405,0.0,0.0,0.0,0.0,0.0
345,5671.A4I1U3,5671.A4I9T8,LINJ_26_0050,LINJ_34_1360,5671,0.406,0.0,0.0,0.0,0.0,0.067,0.364,0.08,0.0
346,5671.A4I1U3,5671.A4IBP7,LINJ_26_0050,LINJ_35_3570,5671,0.406,0.0,0.0,0.0,0.0,0.067,0.364,0.08,0.0
347,5671.A4I1U3,5671.A4I1V3,LINJ_26_0050,LINJ_26_0140,5671,0.406,0.0,0.0,0.0,0.0,0.067,0.364,0.08,0.0
348,5671.A4I1U3,5671.A4ICB8,LINJ_26_0050,LINJ_36_7090,5671,0.406,0.0,0.0,0.0,0.0,0.067,0.364,0.08,0.0
349,5671.A4I1U3,5671.A4IAG1,LINJ_26_0050,LINJ_34_3730,5671,0.406,0.0,0.0,0.0,0.0,0.067,0.364,0.08,0.0
350,5671.A4I1U3,5671.A4I569,LINJ_26_0050,LINJ_30_0420,5671,0.455,0.0,0.0,0.0,0.0,0.153,0.364,0.071,0.0
351,5671.A4I1U3,5671.E9AH79,LINJ_26_0050,LINJ_24_1790,5671,0.465,0.0,0.0,0.0,0.0,0.153,0.364,0.087,0.0
352,5671.A4I1U3,5671.A4I7L6,LINJ_26_0050,LINJ_32_0690,5671,0.474,0.0,0.0,0.0,0.0,0.114,0.428,0.046,0.0
353,5671.A4I1U3,5671.A4IA04,LINJ_26_0050,LINJ_34_2160,5671,0.474,0.0,0.0,0.0,0.0,0.114,0.428,0.046,0.0
354,5671.A4I1U3,5671.A4I503,LINJ_26_0050,CYC3,5671,0.61,0.0,0.0,0.0,0.0,0.179,0.443,0.216,0.0
355,5671.A4I1U3,5671.A4I4S4,LINJ_26_0050,LINJ_29_2260,5671,0.626,0.0,0.0,0.099,0.0,0.376,0.366,0.074,82.8
356,5671.A4I1U3,5671.E9AHC6,LINJ_26_0050,LINJ_27_2570,5671,0.638,0.0,0.0,0.129,0.0,0.376,0.366,0.074,153.7
357,5671.A4I2H8,5671.A4I3D6,LINJ_26_2600,LINJ_28_0660,5671,0.403,0.0,0.0,0.403,0.0,0.0,0.0,0.0,0.0
358,5671.A4I2H8,5671.A4I9H1,LINJ_26_2600,LINJ_34_0030,5671,0.489,0.0,0.0,0.488,0.0,0.0,0.0,0.044,0.0
359,5671.A4I2H8,5671.A4I564,LINJ_26_2600,MPK12,5671,0.538,0.0,0.0,0.49,0.0,0.079,0.097,0.0,0.0
360,5671.A4I2J3,5671.A4I9R3,LINJ_26_2700,MDR1,5671,0.903,0.0,0.0,0.074,0.0,0.0,0.9,0.0,1175.2
361,5671.A4I2T1,5671.A4I510,LINJ_27_1200,LINJ_30_0150,5671,0.452,0.0,0.0,0.452,0.0,0.0,0.0,0.0,0.0
362,5671.A4I2Y4,5671.E9AHC6,LINJ_27_1680,LINJ_27_2570,5671,0.411,0.0,0.0,0.353,0.058,0.067,0.062,0.067,0.0
363,5671.A4I2Y4,5671.A4I9H1,LINJ_27_1680,LINJ_34_0030,5671,0.429,0.0,0.0,0.228,0.045,0.061,0.137,0.192,0.0
364,5671.A4I317,5671.A4I9H1,LINJ_27_2130,LINJ_34_0030,5671,0.448,0.0,0.0,0.0,0.042,0.088,0.403,0.067,0.0
365,5671.A4I3E2,5671.A4IAJ0,LINJ_28_0720,LINJ_34_4020,5671,0.455,0.0,0.0,0.0,0.0,0.172,0.364,0.049,0.0
366,5671.A4I3E2,5671.E9AH38,LINJ_28_0720,LINJ_24_0260,5671,0.519,0.0,0.0,0.0,0.0,0.266,0.367,0.048,0.0
367,5671.A4I3E2,5671.A4IBD4,LINJ_28_0720,LINJ_35_2710,5671,0.532,0.0,0.0,0.437,0.0,0.124,0.122,0.047,0.0
368,5671.A4I3E2,5671.E9AH25,LINJ_28_0720,LINJ_24_0130,5671,0.533,0.0,0.0,0.416,0.044,0.166,0.116,0.041,0.0
369,5671.A4I3E2,5671.A4I4G8,LINJ_28_0720,LINJ_29_1190,5671,0.537,0.0,0.0,0.443,0.0,0.124,0.122,0.047,0.0
370,5671.A4I3E2,5671.A4IAC2,LINJ_28_0720,LINJ_34_3340,5671,0.544,0.0,0.0,0.452,0.0,0.124,0.122,0.047,0.0
371,5671.A4I3E2,5671.A4I9H1,LINJ_28_0720,LINJ_34_0030,5671,0.556,0.0,0.0,0.0,0.045,0.115,0.411,0.214,0.0
372,5671.A4I3P6,5671.E9AH25,LINJ_28_1800,LINJ_24_0130,5671,0.414,0.043,0.0,0.0,0.0,0.316,0.144,0.079,0.0
373,5671.A4I3P6,5671.A4IDV1,LINJ_28_1800,LINJ_36_5610,5671,0.418,0.0,0.0,0.0,0.054,0.27,0.211,0.059,0.0
374,5671.A4I3P6,5671.A4IBU4,LINJ_28_1800,LINJ_35_4110,5671,0.425,0.0,0.0,0.0,0.048,0.161,0.333,0.049,66.6
375,5671.A4I3P6,5671.E9AH34,LINJ_28_1800,LINJ_24_0220,5671,0.425,0.0,0.0,0.0,0.048,0.161,0.333,0.049,65.5
376,5671.A4I3P6,5671.A4IAU7,LINJ_28_1800,LINJ_35_0480,5671,0.425,0.0,0.0,0.0,0.048,0.161,0.333,0.049,69.7
377,5671.A4I3P6,5671.A4I4Q9,LINJ_28_1800,LINJ_29_2140,5671,0.425,0.0,0.0,0.0,0.048,0.161,0.333,0.049,127.9
378,5671.A4I3P6,5671.A4ICP4,LINJ_28_1800,LINJ_36_0960,5671,0.425,0.0,0.0,0.0,0.048,0.161,0.333,0.049,118.2
379,5671.A4I3P6,5671.A4IDQ0,LINJ_28_1800,LINJ_36_4950,5671,0.437,0.0,0.0,0.0,0.0,0.172,0.337,0.058,0.0
380,5671.A4I3P6,5671.A4I9H1,LINJ_28_1800,LINJ_34_0030,5671,0.476,0.0,0.0,0.0,0.0,0.298,0.132,0.21,54.7
381,5671.A4I3P6,5671.A4IAK5,LINJ_28_1800,TOR2,5671,0.516,0.0,0.0,0.0,0.0,0.273,0.34,0.074,0.0
382,5671.A4I3P6,5671.A4IAG3,LINJ_28_1800,TOR3,5671,0.516,0.0,0.0,0.0,0.0,0.273,0.34,0.074,0.0
383,5671.A4I3P6,5671.A4IDJ2,LINJ_28_1800,LINJ_36_2310,5671,0.545,0.0,0.0,0.0,0.058,0.27,0.211,0.261,0.0
384,5671.A4I3P6,5671.A4I6T1,LINJ_28_1800,LINJ_31_1560,5671,0.708,0.0,0.0,0.0,0.047,0.41,0.476,0.126,82.4
385,5671.A4I3P6,5671.A4I5B1,LINJ_28_1800,LINJ_30_0850,5671,0.752,0.0,0.0,0.0,0.045,0.291,0.639,0.106,203.4
386,5671.A4I3T3,5671.A4IDU0,LINJ_28_2190,LINJ_36_5410,5671,0.409,0.0,0.0,0.0,0.045,0.0,0.271,0.22,0.0
387,5671.A4I3T3,5671.A4IB16,LINJ_28_2190,LINJ_35_1230,5671,0.507,0.07,0.0,0.0,0.084,0.089,0.398,0.108,0.0
388,5671.A4I3T3,5671.A4IAA0,LINJ_28_2190,LINJ_34_3110,5671,0.816,0.098,0.0,0.0,0.056,0.595,0.436,0.201,0.0
389,5671.A4I4D6,5671.A4I5H8,LINJ_29_0860,LINJ_24_1510,5671,0.487,0.0,0.0,0.0,0.043,0.0,0.0,0.486,0.0
390,5671.A4I4D6,5671.A4I9H1,LINJ_29_0860,LINJ_34_0030,5671,0.642,0.0,0.0,0.0,0.042,0.0,0.631,0.071,0.0
391,5671.A4I4G0,5671.A4IDU0,LINJ_29_1100,LINJ_36_5410,5671,0.403,0.0,0.0,0.0,0.082,0.113,0.304,0.072,0.0
392,5671.A4I4G8,5671.A4IBD4,LINJ_29_1190,LINJ_35_2710,5671,0.454,0.0,0.0,0.454,0.0,0.0,0.0,0.0,0.0
393,5671.A4I4G8,5671.A4IAC2,LINJ_29_1190,LINJ_34_3340,5671,0.491,0.0,0.0,0.491,0.0,0.0,0.0,0.0,0.0
394,5671.A4I4G8,5671.E9AH38,LINJ_29_1190,LINJ_24_0260,5671,0.519,0.0,0.0,0.0,0.0,0.266,0.367,0.048,0.0
395,5671.A4I4G8,5671.E9AH25,LINJ_29_1190,LINJ_24_0130,5671,0.594,0.0,0.0,0.471,0.044,0.173,0.136,0.051,0.0
396,5671.A4I4G8,5671.A4I9H1,LINJ_29_1190,LINJ_34_0030,5671,0.7,0.0,0.0,0.0,0.0,0.115,0.663,0.075,0.0
397,5671.A4I4I4,5671.A4IDH5,LINJ_29_1360,LINJ_36_2140,5671,0.436,0.066,0.0,0.0,0.339,0.083,0.0,0.122,0.0
398,5671.A4I4J0,5671.A4I7R2,LINJ_29_1440,LINJ_32_1010,5671,0.427,0.0,0.0,0.0,0.308,0.159,0.09,0.046,0.0
399,5671.A4I4J0,5671.A4I5B1,LINJ_29_1440,LINJ_30_0850,5671,0.428,0.0,0.0,0.0,0.044,0.113,0.357,0.075,0.0
400,5671.A4I4J5,5671.A4I7R2,LINJ_29_1460,LINJ_32_1010,5671,0.427,0.0,0.0,0.0,0.308,0.159,0.09,0.046,0.0
401,5671.A4I4J5,5671.A4I5B1,LINJ_29_1460,LINJ_30_0850,5671,0.428,0.0,0.0,0.0,0.044,0.113,0.357,0.075,0.0
402,5671.A4I4J7,5671.A4I7R2,LINJ_29_1480,LINJ_32_1010,5671,0.427,0.0,0.0,0.0,0.308,0.159,0.09,0.046,0.0
403,5671.A4I4J7,5671.A4I5B1,LINJ_29_1480,LINJ_30_0850,5671,0.428,0.0,0.0,0.0,0.044,0.113,0.357,0.075,0.0
404,5671.A4I4Q9,5671.A4I7L6,LINJ_29_2140,LINJ_32_0690,5671,0.401,0.0,0.0,0.0,0.0,0.195,0.28,0.05,0.0
405,5671.A4I4Q9,5671.A4IA04,LINJ_29_2140,LINJ_34_2160,5671,0.401,0.0,0.0,0.0,0.0,0.195,0.28,0.05,0.0
406,5671.A4I4Q9,5671.A4I9H1,LINJ_29_2140,LINJ_34_0030,5671,0.404,0.0,0.0,0.204,0.0,0.154,0.0,0.187,64.7
407,5671.A4I4S3,5671.A4IAA0,LINJ_29_2250,LINJ_34_3110,5671,0.828,0.0,0.0,0.0,0.055,0.284,0.0,0.767,0.0
408,5671.A4I4S4,5671.E9AGZ4,LINJ_29_2260,LINJ_22_0920,5671,0.428,0.0,0.0,0.0,0.354,0.08,0.11,0.047,0.0
409,5671.A4I4S4,5671.E9AH25,LINJ_29_2260,LINJ_24_0130,5671,0.628,0.0,0.0,0.0,0.0,0.3,0.474,0.071,0.0
410,5671.A4I4S4,5671.A4I503,LINJ_29_2260,CYC3,5671,0.641,0.0,0.0,0.0,0.341,0.3,0.257,0.077,0.0
411,5671.A4I4S4,5671.A4I569,LINJ_29_2260,LINJ_30_0420,5671,0.658,0.0,0.0,0.0,0.327,0.261,0.359,0.056,0.0
412,5671.A4I4S4,5671.E9AH79,LINJ_29_2260,LINJ_24_1790,5671,0.692,0.0,0.0,0.0,0.392,0.299,0.296,0.097,0.0
413,5671.A4I503,5671.E9AGZ4,CYC3,LINJ_22_0920,5671,0.486,0.0,0.0,0.0,0.308,0.166,0.124,0.104,0.0
414,5671.A4I503,5671.A4I569,CYC3,LINJ_30_0420,5671,0.591,0.0,0.0,0.0,0.334,0.288,0.183,0.071,0.0
415,5671.A4I503,5671.E9AH25,CYC3,LINJ_24_0130,5671,0.617,0.0,0.0,0.0,0.0,0.3,0.459,0.071,0.0
416,5671.A4I503,5671.E9AHC6,CYC3,LINJ_27_2570,5671,0.641,0.0,0.0,0.0,0.341,0.3,0.257,0.077,0.0
417,5671.A4I503,5671.A4I9H1,CYC3,LINJ_34_0030,5671,0.707,0.0,0.0,0.0,0.082,0.29,0.095,0.562,0.0
418,5671.A4I503,5671.E9AH79,CYC3,LINJ_24_1790,5671,0.765,0.0,0.0,0.0,0.419,0.332,0.367,0.157,0.0
419,5671.A4I564,5671.E9AH38,MPK12,LINJ_24_0260,5671,0.41,0.0,0.0,0.0,0.0,0.263,0.208,0.071,0.0
420,5671.A4I564,5671.A4I9H1,MPK12,LINJ_34_0030,5671,0.465,0.0,0.0,0.201,0.0,0.275,0.135,0.059,51.6
421,5671.A4I564,5671.A4IDJ2,MPK12,LINJ_36_2310,5671,0.503,0.0,0.0,0.0,0.043,0.297,0.294,0.078,0.0
422,5671.A4I564,5671.A4I5B1,MPK12,LINJ_30_0850,5671,0.507,0.0,0.0,0.214,0.0,0.155,0.273,0.1,81.3
423,5671.A4I564,5671.A4ICP8,MPK12,MKK5,5671,0.532,0.0,0.0,0.223,0.042,0.294,0.189,0.071,65.9
424,5671.A4I564,5671.A4IDV1,MPK12,LINJ_36_5610,5671,0.546,0.0,0.0,0.0,0.0,0.315,0.318,0.108,0.0
425,5671.A4I564,5671.A4IAK5,MPK12,TOR2,5671,0.625,0.0,0.0,0.0,0.047,0.155,0.0,0.572,0.0
426,5671.A4I564,5671.A4IAG3,MPK12,TOR3,5671,0.634,0.0,0.0,0.0,0.047,0.155,0.0,0.583,0.0
427,5671.A4I569,5671.A4I9H1,LINJ_30_0420,LINJ_34_0030,5671,0.406,0.0,0.0,0.0,0.104,0.284,0.135,0.057,0.0
428,5671.A4I569,5671.A4I913,LINJ_30_0420,LINJ_33_1500,5671,0.5,0.0,0.0,0.493,0.051,0.0,0.0,0.046,0.0
429,5671.A4I569,5671.A4IC06,LINJ_30_0420,LINJ_35_4740,5671,0.517,0.0,0.0,0.514,0.0,0.0,0.0,0.047,0.0
430,5671.A4I569,5671.A4I6H3,LINJ_30_0420,LINJ_31_0820,5671,0.619,0.0,0.0,0.0,0.047,0.109,0.53,0.16,0.0
431,5671.A4I569,5671.E9AHC6,LINJ_30_0420,LINJ_27_2570,5671,0.658,0.0,0.0,0.0,0.327,0.261,0.359,0.056,0.0
432,5671.A4I569,5671.E9AH25,LINJ_30_0420,LINJ_24_0130,5671,0.675,0.0,0.0,0.0,0.041,0.4,0.463,0.074,0.0
433,5671.A4I569,5671.P62884,LINJ_30_0420,LACK1,5671,0.675,0.0,0.0,0.5,0.043,0.071,0.0,0.356,0.0
434,5671.A4I588,5671.E9AG71,LINJ_30_0620,LINJ_06_1220,5671,0.417,0.0,0.0,0.223,0.0,0.277,0.0,0.047,89.0
435,5671.A4I588,5671.A4ICP8,LINJ_30_0620,MKK5,5671,0.466,0.0,0.0,0.23,0.048,0.284,0.086,0.058,106.3
436,5671.A4I588,5671.A4I9H1,LINJ_30_0620,LINJ_34_0030,5671,0.528,0.0,0.0,0.46,0.0,0.155,0.0,0.05,0.0
437,5671.A4I5B1,5671.E9AG71,LINJ_30_0850,LINJ_06_1220,5671,0.442,0.0,0.0,0.184,0.0,0.305,0.0,0.095,149.8
438,5671.A4I5B1,5671.A4I9H1,LINJ_30_0850,LINJ_34_0030,5671,0.593,0.0,0.0,0.223,0.083,0.114,0.0,0.431,54.3
439,5671.A4I5B1,5671.A4IAG3,LINJ_30_0850,TOR3,5671,0.858,0.0,0.0,0.0,0.0,0.68,0.477,0.22,0.0
440,5671.A4I5B1,5671.A4IAK5,LINJ_30_0850,TOR2,5671,0.858,0.0,0.0,0.0,0.0,0.68,0.477,0.22,0.0
441,5671.A4I5B1,5671.A4I6T1,LINJ_30_0850,LINJ_31_1560,5671,0.886,0.0,0.0,0.0,0.0,0.696,0.588,0.164,57.4
442,5671.A4I6I0,5671.A4IAK2,LINJ_31_0890,LINJ_34_4140,5671,0.402,0.0,0.0,0.0,0.043,0.149,0.303,0.071,0.0
443,5671.A4I6I0,5671.E9AH38,LINJ_31_0890,LINJ_24_0260,5671,0.427,0.0,0.0,0.0,0.048,0.271,0.227,0.059,0.0
444,5671.A4I6I0,5671.A4I946,LINJ_31_0890,LINJ_33_1940,5671,0.442,0.0,0.0,0.0,0.116,0.271,0.2,0.047,53.9
445,5671.A4I6I0,5671.E9AHE8,LINJ_31_0890,LINJ_27_0620,5671,0.442,0.0,0.0,0.0,0.116,0.271,0.2,0.047,58.2
446,5671.A4I6I0,5671.E9AG93,LINJ_31_0890,LINJ_08_1250,5671,0.443,0.0,0.0,0.0,0.0,0.297,0.216,0.072,0.0
447,5671.A4I6I0,5671.E9AGQ4,LINJ_31_0890,RAB7,5671,0.485,0.0,0.0,0.0,0.107,0.113,0.392,0.058,58.5
448,5671.A4I6I0,5671.E9AH25,LINJ_31_0890,LINJ_24_0130,5671,0.572,0.098,0.0,0.0,0.043,0.301,0.361,0.062,0.0
449,5671.A4I6I0,5671.A4I9H1,LINJ_31_0890,LINJ_34_0030,5671,0.709,0.0,0.0,0.0,0.041,0.278,0.527,0.217,0.0
450,5671.A4I6Q4,5671.A4I9R3,ABCC5,MDR1,5671,0.502,0.0,0.0,0.0,0.308,0.074,0.104,0.235,125.6
451,5671.A4I6S0,5671.A4I9R3,PRP1,MDR1,5671,0.501,0.0,0.0,0.0,0.308,0.074,0.104,0.233,103.2
452,5671.A4I6V7,5671.E9AH25,LINJ_31_1870,LINJ_24_0130,5671,0.404,0.043,0.0,0.0,0.0,0.316,0.144,0.063,0.0
453,5671.A4I6V7,5671.A4ICP3,LINJ_31_1870,LINJ_36_0970,5671,0.42,0.0,0.0,0.0,0.0,0.072,0.401,0.0,57.4
454,5671.A4I6V7,5671.A4IDJ2,LINJ_31_1870,LINJ_36_2310,5671,0.42,0.0,0.0,0.0,0.057,0.27,0.211,0.059,0.0
455,5671.A4I6V7,5671.A4IDV1,LINJ_31_1870,LINJ_36_5610,5671,0.435,0.0,0.0,0.0,0.082,0.27,0.211,0.059,0.0
456,5671.A4I6V7,5671.A4I9H1,LINJ_31_1870,LINJ_34_0030,5671,0.462,0.0,0.0,0.0,0.0,0.287,0.132,0.202,0.0
457,5671.A4I6V7,5671.E9AG93,LINJ_31_1870,LINJ_08_1250,5671,0.523,0.0,0.0,0.0,0.0,0.154,0.45,0.059,0.0
458,5671.A4I6V8,5671.A4IDV1,LINJ_31_1880,LINJ_36_5610,5671,0.414,0.0,0.0,0.0,0.042,0.27,0.211,0.064,0.0
459,5671.A4I6V8,5671.A4IDJ2,LINJ_31_1880,LINJ_36_2310,5671,0.418,0.0,0.0,0.0,0.054,0.27,0.211,0.059,0.0
460,5671.A4I6V8,5671.E9AH25,LINJ_31_1880,LINJ_24_0130,5671,0.449,0.043,0.0,0.0,0.048,0.316,0.146,0.125,0.0
461,5671.A4I6V8,5671.A4ICP3,LINJ_31_1880,LINJ_36_0970,5671,0.467,0.0,0.0,0.0,0.0,0.186,0.307,0.132,0.0
462,5671.A4I6V8,5671.E9AGZ4,LINJ_31_1880,LINJ_22_0920,5671,0.536,0.0,0.0,0.0,0.048,0.252,0.363,0.098,0.0
463,5671.A4I6V8,5671.A4I9H1,LINJ_31_1880,LINJ_34_0030,5671,0.701,0.0,0.0,0.0,0.0,0.287,0.132,0.556,0.0
464,5671.A4I6Z4,5671.A4IDU0,PGFS,LINJ_36_5410,5671,0.422,0.0,0.0,0.0,0.104,0.067,0.239,0.2,0.0
465,5671.A4I6Z4,5671.A4I7L0,PGFS,LINJ_32_0470,5671,0.902,0.0,0.0,0.062,0.0,0.0,0.9,0.0,344.7
466,5671.A4I7L6,5671.A4IAU7,LINJ_32_0690,LINJ_35_0480,5671,0.401,0.0,0.0,0.0,0.0,0.195,0.28,0.05,0.0
467,5671.A4I7L6,5671.A4ICP4,LINJ_32_0690,LINJ_36_0960,5671,0.401,0.0,0.0,0.0,0.0,0.195,0.28,0.05,0.0
468,5671.A4I7L6,5671.A4IBU4,LINJ_32_0690,LINJ_35_4110,5671,0.401,0.0,0.0,0.0,0.0,0.195,0.28,0.05,0.0
469,5671.A4I7L6,5671.E9AH34,LINJ_32_0690,LINJ_24_0220,5671,0.401,0.0,0.0,0.0,0.0,0.195,0.28,0.05,0.0
470,5671.A4I7L6,5671.E9AH25,LINJ_32_0690,LINJ_24_0130,5671,0.452,0.0,0.0,0.0,0.0,0.304,0.233,0.057,0.0
471,5671.A4I7R2,5671.E9AH25,LINJ_32_1010,LINJ_24_0130,5671,0.618,0.0,0.0,0.0,0.0,0.301,0.452,0.085,0.0
472,5671.A4I7R2,5671.E9AH78,LINJ_32_1010,LINJ_24_1780,5671,0.827,0.0,0.0,0.34,0.049,0.078,0.672,0.233,0.0
473,5671.A4I7R2,5671.A4I7S6,LINJ_32_1010,LINJ_32_1150,5671,0.871,0.0,0.0,0.0,0.041,0.699,0.497,0.219,0.0
474,5671.A4I7R2,5671.A4IAG7,LINJ_32_1010,LINJ_34_3790,5671,0.871,0.0,0.0,0.0,0.041,0.699,0.497,0.219,0.0
475,5671.A4I7S6,5671.E9AG37,LINJ_32_1150,LINJ_03_0460,5671,0.457,0.0,0.0,0.0,0.296,0.213,0.091,0.05,0.0
476,5671.A4I7Z9,5671.A4IAK2,LINJ_32_1930,LINJ_34_4140,5671,0.402,0.0,0.0,0.0,0.043,0.149,0.303,0.071,0.0
477,5671.A4I7Z9,5671.E9AH38,LINJ_32_1930,LINJ_24_0260,5671,0.427,0.0,0.0,0.0,0.048,0.271,0.227,0.059,0.0
478,5671.A4I7Z9,5671.E9AG93,LINJ_32_1930,LINJ_08_1250,5671,0.443,0.0,0.0,0.0,0.0,0.297,0.216,0.072,0.0
479,5671.A4I7Z9,5671.E9AHE8,LINJ_32_1930,LINJ_27_0620,5671,0.494,0.0,0.0,0.129,0.116,0.271,0.2,0.047,98.6
480,5671.A4I7Z9,5671.A4I946,LINJ_32_1930,LINJ_33_1940,5671,0.514,0.0,0.0,0.163,0.116,0.271,0.2,0.047,81.6
481,5671.A4I7Z9,5671.E9AGQ4,LINJ_32_1930,RAB7,5671,0.547,0.0,0.0,0.156,0.107,0.113,0.392,0.058,84.7
482,5671.A4I7Z9,5671.E9AH25,LINJ_32_1930,LINJ_24_0130,5671,0.572,0.098,0.0,0.0,0.043,0.301,0.361,0.062,0.0
483,5671.A4I7Z9,5671.A4I9H1,LINJ_32_1930,LINJ_34_0030,5671,0.709,0.0,0.0,0.0,0.041,0.278,0.527,0.217,0.0
484,5671.A4I8W5,5671.A4I980,LINJ_33_1060,LINJ_33_2210,5671,0.425,0.093,0.0,0.0,0.044,0.1,0.304,0.105,50.4
485,5671.A4I913,5671.A4IBS6,LINJ_33_1500,LINJ_35_3920,5671,0.487,0.0,0.0,0.487,0.0,0.0,0.0,0.0,0.0
486,5671.A4I913,5671.E9AH79,LINJ_33_1500,LINJ_24_1790,5671,0.511,0.0,0.0,0.506,0.051,0.0,0.0,0.0,0.0
487,5671.A4I913,5671.A4I9L7,LINJ_33_1500,LINJ_34_0490,5671,0.535,0.0,0.0,0.532,0.0,0.0,0.0,0.049,0.0
488,5671.A4I913,5671.A4IC06,LINJ_33_1500,LINJ_35_4740,5671,0.537,0.0,0.0,0.537,0.0,0.0,0.0,0.0,0.0
489,5671.A4I946,5671.A4IAK2,LINJ_33_1940,LINJ_34_4140,5671,0.51,0.0,0.0,0.0,0.0,0.068,0.493,0.047,0.0
490,5671.A4I946,5671.E9AGQ4,LINJ_33_1940,RAB7,5671,0.551,0.0,0.0,0.141,0.141,0.145,0.366,0.05,113.6
491,5671.A4I9H1,5671.A4ICP4,LINJ_34_0030,LINJ_36_0960,5671,0.411,0.0,0.0,0.212,0.0,0.154,0.0,0.187,64.3
492,5671.A4I9H1,5671.E9AGZ4,LINJ_34_0030,LINJ_22_0920,5671,0.419,0.0,0.0,0.0,0.142,0.154,0.229,0.085,0.0
493,5671.A4I9H1,5671.A4IAZ7,LINJ_34_0030,LINJ_35_1020,5671,0.421,0.0,0.0,0.217,0.045,0.061,0.137,0.192,0.0
494,5671.A4I9H1,5671.E9AH79,LINJ_34_0030,LINJ_24_1790,5671,0.428,0.0,0.0,0.0,0.104,0.284,0.135,0.091,0.0
495,5671.A4I9H1,5671.A4I9Z1,LINJ_34_0030,LINJ_34_1950,5671,0.448,0.0,0.0,0.0,0.042,0.088,0.403,0.067,0.0
496,5671.A4I9H1,5671.E9AG37,LINJ_34_0030,LINJ_03_0460,5671,0.556,0.0,0.0,0.0,0.045,0.115,0.411,0.214,0.0
497,5671.A4I9H1,5671.A4ICP8,LINJ_34_0030,MKK5,5671,0.585,0.0,0.0,0.489,0.0,0.146,0.0,0.126,0.0
498,5671.A4I9H1,5671.A4IBT9,LINJ_34_0030,LINJ_35_4060,5671,0.59,0.0,0.0,0.193,0.0,0.062,0.0,0.503,50.1
499,5671.A4I9H1,5671.E9AH25,LINJ_34_0030,LINJ_24_0130,5671,0.608,0.069,0.0,0.0,0.066,0.14,0.411,0.249,0.0
500,5671.A4I9H1,5671.E9AH34,LINJ_34_0030,LINJ_24_0220,5671,0.62,0.0,0.0,0.493,0.0,0.154,0.0,0.187,0.0
501,5671.A4I9H1,5671.A4ICP3,LINJ_34_0030,LINJ_36_0970,5671,0.653,0.0,0.0,0.0,0.0,0.303,0.132,0.473,50.4
502,5671.A4I9H1,5671.E9AG71,LINJ_34_0030,LINJ_06_1220,5671,0.668,0.0,0.0,0.436,0.0,0.286,0.0,0.243,0.0
503,5671.A4I9H1,5671.A4IBT4,LINJ_34_0030,LINJ_35_4010,5671,0.693,0.0,0.0,0.396,0.0,0.062,0.0,0.503,0.0
504,5671.A4I9H1,5671.A4IAC2,LINJ_34_0030,LINJ_34_3340,5671,0.7,0.0,0.0,0.0,0.0,0.115,0.663,0.075,0.0
505,5671.A4I9H1,5671.A4IBD4,LINJ_34_0030,LINJ_35_2710,5671,0.7,0.0,0.0,0.0,0.0,0.115,0.663,0.075,0.0
506,5671.A4I9I4,5671.A4I9I5,LINJ_34_0160,mMDH,5671,0.611,0.0,0.0,0.068,0.0,0.0,0.6,0.0,342.4
507,5671.A4I9I4,5671.E9AGU0,LINJ_34_0160,PGKB,5671,0.619,0.075,0.0,0.0,0.277,0.06,0.0,0.466,0.0
508,5671.A4I9I4,5671.A4IAQ0,LINJ_34_0160,LinJ_35_5440,5671,0.699,0.095,0.0,0.0,0.337,0.197,0.398,0.125,0.0
509,5671.A4I9I4,5671.A4IAQ4,LINJ_34_0160,LINJ_35_0030,5671,0.827,0.095,0.0,0.0,0.337,0.197,0.398,0.498,0.0
510,5671.A4I9I5,5671.A4IDU0,mMDH,LINJ_36_5410,5671,0.576,0.055,0.0,0.0,0.046,0.068,0.212,0.458,0.0
511,5671.A4I9I5,5671.E9AGU0,mMDH,PGKB,5671,0.618,0.075,0.0,0.0,0.277,0.06,0.0,0.464,0.0
512,5671.A4I9I5,5671.A4IAQ0,mMDH,LinJ_35_5440,5671,0.699,0.095,0.0,0.0,0.337,0.197,0.398,0.125,0.0
513,5671.A4I9I5,5671.A4IAQ4,mMDH,LINJ_35_0030,5671,0.825,0.095,0.0,0.0,0.337,0.197,0.398,0.491,0.0
514,5671.A4I9L7,5671.E9AH25,LINJ_34_0490,LINJ_24_0130,5671,0.412,0.0,0.0,0.0,0.0,0.309,0.175,0.053,0.0
515,5671.A4I9L8,5671.E9AH25,LINJ_34_0500,LINJ_24_0130,5671,0.434,0.0,0.0,0.0,0.042,0.092,0.364,0.099,0.0
516,5671.A4IA04,5671.A4IAU7,LINJ_34_2160,LINJ_35_0480,5671,0.401,0.0,0.0,0.0,0.0,0.195,0.28,0.05,0.0
517,5671.A4IA04,5671.A4ICP4,LINJ_34_2160,LINJ_36_0960,5671,0.401,0.0,0.0,0.0,0.0,0.195,0.28,0.05,0.0
518,5671.A4IA04,5671.E9AH34,LINJ_34_2160,LINJ_24_0220,5671,0.401,0.0,0.0,0.0,0.0,0.195,0.28,0.05,0.0
519,5671.A4IA04,5671.A4IBU4,LINJ_34_2160,LINJ_35_4110,5671,0.401,0.0,0.0,0.0,0.0,0.195,0.28,0.05,0.0
520,5671.A4IA04,5671.E9AH25,LINJ_34_2160,LINJ_24_0130,5671,0.452,0.0,0.0,0.0,0.0,0.304,0.233,0.057,0.0
521,5671.A4IAA0,5671.E9AH25,LINJ_34_3110,LINJ_24_0130,5671,0.408,0.0,0.0,0.0,0.098,0.157,0.234,0.104,0.0
522,5671.A4IAC2,5671.E9AH25,LINJ_34_3340,LINJ_24_0130,5671,0.424,0.0,0.0,0.248,0.044,0.173,0.136,0.051,58.2
523,5671.A4IAC2,5671.E9AH38,LINJ_34_3340,LINJ_24_0260,5671,0.519,0.0,0.0,0.0,0.0,0.266,0.367,0.048,0.0
524,5671.A4IAC2,5671.A4IBD4,LINJ_34_3340,LINJ_35_2710,5671,0.54,0.0,0.0,0.54,0.0,0.0,0.0,0.0,0.0
525,5671.A4IAG3,5671.A4IBS7,TOR3,LINJ_35_3930,5671,0.4,0.0,0.0,0.0,0.0,0.07,0.0,0.381,0.0
526,5671.A4IAG3,5671.A4IAK5,TOR3,TOR2,5671,0.937,0.0,0.0,0.249,0.0,0.0,0.9,0.232,384.8
527,5671.A4IAG7,5671.E9AG37,LINJ_34_3790,LINJ_03_0460,5671,0.457,0.0,0.0,0.0,0.296,0.213,0.091,0.05,0.0
528,5671.A4IAJ0,5671.E9AG37,LINJ_34_4020,LINJ_03_0460,5671,0.456,0.0,0.0,0.0,0.043,0.172,0.364,0.049,0.0
529,5671.A4IAJ0,5671.E9AH25,LINJ_34_4020,LINJ_24_0130,5671,0.541,0.044,0.0,0.0,0.0,0.301,0.364,0.049,0.0
530,5671.A4IAK2,5671.A4ICJ9,LINJ_34_4140,LINJ_36_1420,5671,0.401,0.0,0.0,0.0,0.082,0.068,0.353,0.046,0.0
531,5671.A4IAK2,5671.E9AHE8,LINJ_34_4140,LINJ_27_0620,5671,0.51,0.0,0.0,0.0,0.0,0.068,0.493,0.047,0.0
532,5671.A4IAQ0,5671.E9AGU0,LinJ_35_5440,PGKB,5671,0.703,0.112,0.0,0.0,0.495,0.071,0.263,0.182,0.0
533,5671.A4IAQ4,5671.E9AGU0,LINJ_35_0030,PGKB,5671,0.819,0.112,0.0,0.0,0.495,0.071,0.263,0.502,0.0
534,5671.A4IAZ7,5671.A4IB86,LINJ_35_1020,LINJ_35_1850,5671,0.412,0.0,0.0,0.412,0.0,0.0,0.0,0.0,0.0
535,5671.A4IAZ7,5671.E9AHC6,LINJ_35_1020,LINJ_27_2570,5671,0.451,0.0,0.0,0.397,0.058,0.067,0.062,0.067,0.0
536,5671.A4IAZ7,5671.A4IBT9,LINJ_35_1020,LINJ_35_4060,5671,0.539,0.0,0.0,0.0,0.0,0.0,0.116,0.5,0.0
537,5671.A4IAZ7,5671.A4IBT4,LINJ_35_1020,LINJ_35_4010,5671,0.539,0.0,0.0,0.0,0.0,0.0,0.116,0.5,0.0
538,5671.A4IAZ7,5671.A4ICP8,LINJ_35_1020,MKK5,5671,0.695,0.0,0.0,0.22,0.0,0.092,0.071,0.591,0.0
539,5671.A4IB16,5671.A4IDU0,LINJ_35_1230,LINJ_36_5410,5671,0.428,0.068,0.0,0.0,0.138,0.106,0.285,0.059,0.0
540,5671.A4IBD4,5671.E9AH38,LINJ_35_2710,LINJ_24_0260,5671,0.519,0.0,0.0,0.0,0.0,0.266,0.367,0.048,0.0
541,5671.A4IBS2,5671.E9AH79,LINJ_35_3880,LINJ_24_1790,5671,0.485,0.0,0.0,0.0,0.0,0.054,0.478,0.0,0.0
542,5671.A4IBS2,5671.A4ICJ9,LINJ_35_3880,LINJ_36_1420,5671,0.511,0.0,0.0,0.0,0.139,0.173,0.364,0.049,0.0
543,5671.A4IBS6,5671.E9AH78,LINJ_35_3920,LINJ_24_1780,5671,0.693,0.0,0.0,0.0,0.054,0.0,0.689,0.0,0.0
544,5671.A4IBS7,5671.E9AH25,LINJ_35_3930,LINJ_24_0130,5671,0.466,0.0,0.0,0.0,0.0,0.304,0.233,0.081,0.0
545,5671.A4IBV3,5671.A4IDH5,PABP2,LINJ_36_2140,5671,0.628,0.0,0.0,0.0,0.141,0.0,0.0,0.585,0.0
546,5671.A4IC06,5671.E9AH79,LINJ_35_4740,LINJ_24_1790,5671,0.552,0.0,0.0,0.513,0.091,0.0,0.0,0.07,0.0
547,5671.A4ICJ9,5671.E9AH25,LINJ_36_1420,LINJ_24_0130,5671,0.465,0.053,0.0,0.0,0.05,0.297,0.136,0.172,0.0
548,5671.A4ICP3,5671.A4IDV1,LINJ_36_0970,LINJ_36_5610,5671,0.41,0.0,0.0,0.0,0.0,0.27,0.211,0.059,0.0
549,5671.A4ICP3,5671.A4IDJ2,LINJ_36_0970,LINJ_36_2310,5671,0.412,0.0,0.0,0.0,0.044,0.27,0.211,0.059,0.0
550,5671.A4ICP3,5671.A4ICP8,LINJ_36_0970,MKK5,5671,0.419,0.0,0.0,0.0,0.045,0.29,0.137,0.125,82.0
551,5671.A4ICP3,5671.E9AH25,LINJ_36_0970,LINJ_24_0130,5671,0.433,0.043,0.0,0.0,0.042,0.316,0.144,0.107,0.0
552,5671.A4ICP3,5671.E9AG93,LINJ_36_0970,LINJ_08_1250,5671,0.617,0.0,0.0,0.0,0.0,0.154,0.521,0.131,111.3
553,5671.A4ICP8,5671.A4IDV1,MKK5,LINJ_36_5610,5671,0.406,0.0,0.0,0.0,0.0,0.196,0.13,0.22,0.0
554,5671.A4ICP8,5671.E9AHC6,MKK5,LINJ_27_2570,5671,0.444,0.0,0.0,0.173,0.104,0.105,0.246,0.059,104.4
555,5671.A4ICP8,5671.E9AH34,MKK5,LINJ_24_0220,5671,0.542,0.0,0.0,0.474,0.05,0.144,0.0,0.056,0.0
556,5671.A4IDJ2,5671.E9AGG9,LINJ_36_2310,LINJ.12.0671,5671,0.418,0.0,0.0,0.0,0.043,0.304,0.19,0.049,0.0
557,5671.A4IDJ2,5671.A4IDV1,LINJ_36_2310,LINJ_36_5610,5671,0.468,0.0,0.0,0.225,0.082,0.289,0.0,0.072,115.5
558,5671.E9AG37,5671.E9AH38,LINJ_03_0460,LINJ_24_0260,5671,0.521,0.0,0.0,0.0,0.046,0.266,0.367,0.048,0.0
559,5671.E9AGQ4,5671.E9AHE8,RAB7,LINJ_27_0620,5671,0.535,0.0,0.0,0.111,0.141,0.145,0.366,0.05,132.9
560,5671.E9AGZ4,5671.E9AHC6,LINJ_22_0920,LINJ_27_2570,5671,0.428,0.0,0.0,0.0,0.354,0.08,0.11,0.047,0.0
561,5671.E9AGZ4,5671.E9AH79,LINJ_22_0920,LINJ_24_1790,5671,0.442,0.0,0.0,0.0,0.315,0.072,0.137,0.103,0.0
562,5671.E9AH25,5671.E9AH38,LINJ_24_0130,LINJ_24_0260,5671,0.616,0.044,0.0,0.0,0.0,0.383,0.367,0.095,0.0
563,5671.E9AH25,5671.E9AHC6,LINJ_24_0130,LINJ_27_2570,5671,0.628,0.0,0.0,0.0,0.0,0.3,0.474,0.071,0.0
564,5671.E9AH25,5671.E9AH79,LINJ_24_0130,LINJ_24_1790,5671,0.675,0.0,0.0,0.0,0.041,0.4,0.463,0.074,0.0
565,5671.E9AH79,5671.P62884,LINJ_24_1790,LACK1,5671,0.467,0.0,0.0,0.449,0.0,0.071,0.0,0.043,0.0
566,5671.E9AH79,5671.E9AHG7,LINJ_24_1790,LINJ_28_1910,5671,0.565,0.055,0.0,0.0,0.363,0.314,0.0,0.072,0.0
567,5671.E9AH79,5671.E9AHC6,LINJ_24_1790,LINJ_27_2570,5671,0.692,0.0,0.0,0.0,0.392,0.299,0.296,0.097,0.0
